# Blender 4.4.0
# www.blender.org
mtllib Parcel.mtl
o Cube
v -0.175000 0.105000 0.175000
v -0.175000 0.455000 0.175000
v -0.175000 0.105000 -0.175000
v -0.175000 0.455000 -0.175000
v 0.175000 0.105000 0.175000
v 0.175000 0.455000 0.175000
v 0.175000 0.105000 -0.175000
v 0.175000 0.455000 -0.175000
v -0.175000 0.105000 0.000000
v -0.175000 0.280000 0.175000
v -0.175000 0.455000 0.000000
v -0.175000 0.280000 -0.175000
v 0.000000 0.105000 -0.175000
v 0.000000 0.455000 -0.175000
v 0.175000 0.280000 -0.175000
v 0.175000 0.105000 0.000000
v 0.175000 0.455000 0.000000
v 0.175000 0.280000 0.175000
v 0.000000 0.105000 0.175000
v 0.000000 0.455000 0.175000
v 0.000000 0.455000 0.000000
v 0.000000 0.105000 0.000000
v 0.000000 0.280000 0.175000
v 0.175000 0.280000 0.000000
v 0.000000 0.280000 -0.175000
v -0.175000 0.280000 0.000000
v -0.175000 0.105000 0.087500
v -0.175000 0.367500 0.175000
v -0.175000 0.455000 -0.087500
v -0.175000 0.192500 -0.175000
v -0.087500 0.105000 -0.175000
v 0.087500 0.455000 -0.175000
v 0.175000 0.192500 -0.175000
v 0.175000 0.105000 -0.087500
v 0.175000 0.455000 0.087500
v 0.175000 0.192500 0.175000
v 0.087500 0.105000 0.175000
v -0.087500 0.455000 0.175000
v -0.175000 0.105000 -0.087500
v -0.175000 0.192500 0.175000
v -0.175000 0.455000 0.087500
v -0.175000 0.367500 -0.175000
v 0.087500 0.105000 -0.175000
v -0.087500 0.455000 -0.175000
v 0.175000 0.367500 -0.175000
v 0.175000 0.105000 0.087500
v 0.175000 0.455000 -0.087500
v 0.175000 0.367500 0.175000
v -0.087500 0.105000 0.175000
v 0.087500 0.455000 0.175000
v 0.000000 0.455000 0.087500
v 0.000000 0.455000 -0.087500
v 0.087500 0.455000 0.000000
v -0.087500 0.455000 0.000000
v 0.000000 0.105000 0.087500
v 0.000000 0.105000 -0.087500
v -0.087500 0.105000 0.000000
v 0.087500 0.105000 0.000000
v -0.087500 0.280000 0.175000
v 0.087500 0.280000 0.175000
v 0.000000 0.192500 0.175000
v 0.000000 0.367500 0.175000
v 0.175000 0.280000 0.087500
v 0.175000 0.280000 -0.087500
v 0.175000 0.192500 0.000000
v 0.175000 0.367500 0.000000
v 0.087500 0.280000 -0.175000
v -0.087500 0.280000 -0.175000
v 0.000000 0.192500 -0.175000
v 0.000000 0.367500 -0.175000
v -0.175000 0.280000 -0.087500
v -0.175000 0.280000 0.087500
v -0.175000 0.192500 0.000000
v -0.175000 0.367500 0.000000
v -0.175000 0.367500 0.087500
v -0.175000 0.192500 0.087500
v -0.175000 0.192500 -0.087500
v -0.087500 0.367500 -0.175000
v -0.087500 0.192500 -0.175000
v 0.087500 0.192500 -0.175000
v 0.175000 0.367500 -0.087500
v 0.175000 0.192500 -0.087500
v 0.175000 0.192500 0.087500
v 0.087500 0.367500 0.175000
v 0.087500 0.192500 0.175000
v -0.087500 0.192500 0.175000
v 0.087500 0.105000 -0.087500
v -0.087500 0.105000 -0.087500
v -0.087500 0.105000 0.087500
v -0.087500 0.455000 -0.087500
v 0.087500 0.455000 -0.087500
v 0.087500 0.455000 0.087500
v -0.087500 0.455000 0.087500
v 0.087500 0.105000 0.087500
v -0.087500 0.367500 0.175000
v 0.175000 0.367500 0.087500
v 0.087500 0.367500 -0.175000
v -0.175000 0.367500 -0.087500
v -0.175000 0.105000 0.131250
v -0.175000 0.411250 0.175000
v -0.175000 0.455000 -0.131250
v -0.175000 0.148750 -0.175000
v -0.131250 0.105000 -0.175000
v 0.131250 0.455000 -0.175000
v 0.175000 0.148750 -0.175000
v 0.175000 0.105000 -0.131250
v 0.175000 0.455000 0.131250
v 0.175000 0.148750 0.175000
v 0.131250 0.105000 0.175000
v -0.131250 0.455000 0.175000
v -0.175000 0.105000 -0.043750
v -0.175000 0.236250 0.175000
v -0.175000 0.455000 0.043750
v -0.175000 0.323750 -0.175000
v 0.043750 0.105000 -0.175000
v -0.043750 0.455000 -0.175000
v 0.175000 0.323750 -0.175000
v 0.175000 0.105000 0.043750
v 0.175000 0.455000 -0.043750
v 0.175000 0.323750 0.175000
v -0.043750 0.105000 0.175000
v 0.043750 0.455000 0.175000
v 0.000000 0.455000 0.131250
v 0.000000 0.455000 -0.043750
v 0.131250 0.455000 0.000000
v -0.043750 0.455000 0.000000
v 0.000000 0.105000 0.131250
v 0.000000 0.105000 -0.043750
v -0.131250 0.105000 0.000000
v 0.043750 0.105000 0.000000
v -0.131250 0.280000 0.175000
v 0.043750 0.280000 0.175000
v 0.000000 0.148750 0.175000
v 0.000000 0.323750 0.175000
v 0.175000 0.280000 0.131250
v 0.175000 0.280000 -0.043750
v 0.175000 0.148750 0.000000
v 0.175000 0.323750 0.000000
v 0.131250 0.280000 -0.175000
v -0.043750 0.280000 -0.175000
v 0.000000 0.148750 -0.175000
v 0.000000 0.323750 -0.175000
v -0.175000 0.280000 -0.131250
v -0.175000 0.280000 0.043750
v -0.175000 0.148750 0.000000
v -0.175000 0.323750 0.000000
v -0.175000 0.105000 0.043750
v -0.175000 0.323750 0.175000
v -0.175000 0.455000 -0.043750
v -0.175000 0.236250 -0.175000
v -0.043750 0.105000 -0.175000
v 0.043750 0.455000 -0.175000
v 0.175000 0.236250 -0.175000
v 0.175000 0.105000 -0.043750
v 0.175000 0.455000 0.043750
v 0.175000 0.236250 0.175000
v 0.043750 0.105000 0.175000
v -0.043750 0.455000 0.175000
v -0.175000 0.105000 -0.131250
v -0.175000 0.148750 0.175000
v -0.175000 0.455000 0.131250
v -0.175000 0.411250 -0.175000
v 0.131250 0.105000 -0.175000
v -0.131250 0.455000 -0.175000
v 0.175000 0.411250 -0.175000
v 0.175000 0.105000 0.131250
v 0.175000 0.455000 -0.131250
v 0.175000 0.411250 0.175000
v -0.131250 0.105000 0.175000
v 0.131250 0.455000 0.175000
v 0.000000 0.455000 0.043750
v 0.000000 0.455000 -0.131250
v 0.043750 0.455000 0.000000
v -0.131250 0.455000 0.000000
v 0.000000 0.105000 0.043750
v 0.000000 0.105000 -0.131250
v -0.043750 0.105000 0.000000
v 0.131250 0.105000 0.000000
v -0.043750 0.280000 0.175000
v 0.131250 0.280000 0.175000
v 0.000000 0.236250 0.175000
v 0.000000 0.411250 0.175000
v 0.175000 0.280000 0.043750
v 0.175000 0.280000 -0.131250
v 0.175000 0.236250 0.000000
v 0.175000 0.411250 0.000000
v 0.043750 0.280000 -0.175000
v -0.131250 0.280000 -0.175000
v 0.000000 0.236250 -0.175000
v 0.000000 0.411250 -0.175000
v -0.175000 0.280000 -0.043750
v -0.175000 0.280000 0.131250
v -0.175000 0.236250 0.000000
v -0.175000 0.411250 0.000000
v -0.175000 0.367500 0.043750
v -0.175000 0.367500 0.131250
v -0.175000 0.323750 0.087500
v -0.175000 0.411250 0.087500
v -0.175000 0.192500 0.043750
v -0.175000 0.192500 0.131250
v -0.175000 0.148750 0.087500
v -0.175000 0.236250 0.087500
v -0.175000 0.192500 -0.131250
v -0.175000 0.192500 -0.043750
v -0.175000 0.148750 -0.087500
v -0.175000 0.236250 -0.087500
v -0.043750 0.367500 -0.175000
v -0.131250 0.367500 -0.175000
v -0.087500 0.323750 -0.175000
v -0.087500 0.411250 -0.175000
v -0.043750 0.192500 -0.175000
v -0.131250 0.192500 -0.175000
v -0.087500 0.148750 -0.175000
v -0.087500 0.236250 -0.175000
v 0.131250 0.192500 -0.175000
v 0.043750 0.192500 -0.175000
v 0.087500 0.148750 -0.175000
v 0.087500 0.236250 -0.175000
v 0.175000 0.367500 -0.043750
v 0.175000 0.367500 -0.131250
v 0.175000 0.323750 -0.087500
v 0.175000 0.411250 -0.087500
v 0.175000 0.192500 -0.043750
v 0.175000 0.192500 -0.131250
v 0.175000 0.148750 -0.087500
v 0.175000 0.236250 -0.087500
v 0.175000 0.192500 0.131250
v 0.175000 0.192500 0.043750
v 0.175000 0.148750 0.087500
v 0.175000 0.236250 0.087500
v 0.043750 0.367500 0.175000
v 0.131250 0.367500 0.175000
v 0.087500 0.323750 0.175000
v 0.087500 0.411250 0.175000
v 0.043750 0.192500 0.175000
v 0.131250 0.192500 0.175000
v 0.087500 0.148750 0.175000
v 0.087500 0.236250 0.175000
v -0.131250 0.192500 0.175000
v -0.043750 0.192500 0.175000
v -0.087500 0.148750 0.175000
v -0.087500 0.236250 0.175000
v 0.087500 0.105000 -0.043750
v 0.087500 0.105000 -0.131250
v 0.043750 0.105000 -0.087500
v 0.131250 0.105000 -0.087500
v -0.087500 0.105000 -0.043750
v -0.087500 0.105000 -0.131250
v -0.131250 0.105000 -0.087500
v -0.043750 0.105000 -0.087500
v -0.087500 0.105000 0.131250
v -0.087500 0.105000 0.043750
v -0.131250 0.105000 0.087500
v -0.043750 0.105000 0.087500
v -0.087500 0.455000 -0.043750
v -0.087500 0.455000 -0.131250
v -0.043750 0.455000 -0.087500
v -0.131250 0.455000 -0.087500
v 0.087500 0.455000 -0.043750
v 0.087500 0.455000 -0.131250
v 0.131250 0.455000 -0.087500
v 0.043750 0.455000 -0.087500
v 0.087500 0.455000 0.131250
v 0.087500 0.455000 0.043750
v 0.131250 0.455000 0.087500
v 0.043750 0.455000 0.087500
v -0.087500 0.455000 0.131250
v -0.087500 0.455000 0.043750
v -0.043750 0.455000 0.087500
v -0.131250 0.455000 0.087500
v 0.087500 0.105000 0.131250
v 0.087500 0.105000 0.043750
v 0.043750 0.105000 0.087500
v 0.131250 0.105000 0.087500
v -0.131250 0.367500 0.175000
v -0.043750 0.367500 0.175000
v -0.087500 0.323750 0.175000
v -0.087500 0.411250 0.175000
v 0.175000 0.367500 0.131250
v 0.175000 0.367500 0.043750
v 0.175000 0.323750 0.087500
v 0.175000 0.411250 0.087500
v 0.131250 0.367500 -0.175000
v 0.043750 0.367500 -0.175000
v 0.087500 0.323750 -0.175000
v 0.087500 0.411250 -0.175000
v -0.175000 0.367500 -0.131250
v -0.175000 0.367500 -0.043750
v -0.175000 0.323750 -0.087500
v -0.175000 0.411250 -0.087500
v -0.175000 0.411250 -0.043750
v -0.175000 0.323750 -0.043750
v -0.175000 0.323750 -0.131250
v 0.043750 0.411250 -0.175000
v 0.043750 0.323750 -0.175000
v 0.131250 0.323750 -0.175000
v 0.175000 0.411250 0.043750
v 0.175000 0.323750 0.043750
v 0.175000 0.323750 0.131250
v -0.043750 0.411250 0.175000
v -0.043750 0.323750 0.175000
v -0.131250 0.323750 0.175000
v 0.131250 0.105000 0.043750
v 0.043750 0.105000 0.043750
v 0.043750 0.105000 0.131250
v -0.131250 0.455000 0.043750
v -0.043750 0.455000 0.043750
v -0.043750 0.455000 0.131250
v 0.043750 0.455000 0.043750
v 0.131250 0.455000 0.043750
v 0.131250 0.455000 0.131250
v 0.043750 0.455000 -0.131250
v 0.131250 0.455000 -0.131250
v 0.131250 0.455000 -0.043750
v -0.131250 0.455000 -0.131250
v -0.043750 0.455000 -0.131250
v -0.043750 0.455000 -0.043750
v -0.043750 0.105000 0.043750
v -0.131250 0.105000 0.043750
v -0.131250 0.105000 0.131250
v -0.043750 0.105000 -0.131250
v -0.131250 0.105000 -0.131250
v -0.131250 0.105000 -0.043750
v 0.131250 0.105000 -0.131250
v 0.043750 0.105000 -0.131250
v 0.043750 0.105000 -0.043750
v -0.043750 0.236250 0.175000
v -0.043750 0.148750 0.175000
v -0.131250 0.148750 0.175000
v 0.131250 0.236250 0.175000
v 0.131250 0.148750 0.175000
v 0.043750 0.148750 0.175000
v 0.131250 0.411250 0.175000
v 0.131250 0.323750 0.175000
v 0.043750 0.323750 0.175000
v 0.175000 0.236250 0.043750
v 0.175000 0.148750 0.043750
v 0.175000 0.148750 0.131250
v 0.175000 0.236250 -0.131250
v 0.175000 0.148750 -0.131250
v 0.175000 0.148750 -0.043750
v 0.175000 0.411250 -0.131250
v 0.175000 0.323750 -0.131250
v 0.175000 0.323750 -0.043750
v 0.043750 0.236250 -0.175000
v 0.043750 0.148750 -0.175000
v 0.131250 0.148750 -0.175000
v -0.131250 0.236250 -0.175000
v -0.131250 0.148750 -0.175000
v -0.043750 0.148750 -0.175000
v -0.131250 0.411250 -0.175000
v -0.131250 0.323750 -0.175000
v -0.043750 0.323750 -0.175000
v -0.175000 0.236250 -0.043750
v -0.175000 0.148750 -0.043750
v -0.175000 0.148750 -0.131250
v -0.175000 0.236250 0.131250
v -0.175000 0.148750 0.131250
v -0.175000 0.148750 0.043750
v -0.175000 0.411250 0.131250
v -0.175000 0.323750 0.131250
v -0.175000 0.323750 0.043750
v -0.175000 0.411250 0.043750
v -0.175000 0.236250 0.043750
v -0.175000 0.236250 -0.131250
v -0.043750 0.411250 -0.175000
v -0.043750 0.236250 -0.175000
v 0.131250 0.236250 -0.175000
v 0.175000 0.411250 -0.043750
v 0.175000 0.236250 -0.043750
v 0.175000 0.236250 0.131250
v 0.043750 0.411250 0.175000
v 0.043750 0.236250 0.175000
v -0.131250 0.236250 0.175000
v 0.131250 0.105000 -0.043750
v -0.043750 0.105000 -0.043750
v -0.043750 0.105000 0.131250
v -0.131250 0.455000 -0.043750
v 0.043750 0.455000 -0.043750
v 0.043750 0.455000 0.131250
v -0.131250 0.455000 0.131250
v 0.131250 0.105000 0.131250
v -0.131250 0.411250 0.175000
v 0.175000 0.411250 0.131250
v 0.131250 0.411250 -0.175000
v -0.175000 0.411250 -0.131250
v -0.175000 0.105000 0.153125
v -0.175000 0.433125 0.175000
v -0.175000 0.455000 -0.153125
v -0.175000 0.126875 -0.175000
v -0.153125 0.105000 -0.175000
v 0.153125 0.455000 -0.175000
v 0.175000 0.126875 -0.175000
v 0.175000 0.105000 -0.153125
v 0.175000 0.455000 0.153125
v 0.175000 0.126875 0.175000
v 0.153125 0.105000 0.175000
v -0.153125 0.455000 0.175000
v -0.175000 0.105000 -0.021875
v -0.175000 0.258125 0.175000
v -0.175000 0.455000 0.021875
v -0.175000 0.301875 -0.175000
v 0.021875 0.105000 -0.175000
v -0.021875 0.455000 -0.175000
v 0.175000 0.301875 -0.175000
v 0.175000 0.105000 0.021875
v 0.175000 0.455000 -0.021875
v 0.175000 0.301875 0.175000
v -0.021875 0.105000 0.175000
v 0.021875 0.455000 0.175000
v 0.000000 0.455000 0.153125
v 0.000000 0.455000 -0.021875
v 0.153125 0.455000 0.000000
v -0.021875 0.455000 0.000000
v 0.000000 0.105000 0.153125
v 0.000000 0.105000 -0.021875
v -0.153125 0.105000 0.000000
v 0.021875 0.105000 0.000000
v -0.153125 0.280000 0.175000
v 0.021875 0.280000 0.175000
v 0.000000 0.126875 0.175000
v 0.000000 0.301875 0.175000
v 0.175000 0.280000 0.153125
v 0.175000 0.280000 -0.021875
v 0.175000 0.126875 0.000000
v 0.175000 0.301875 0.000000
v 0.153125 0.280000 -0.175000
v -0.021875 0.280000 -0.175000
v 0.000000 0.126875 -0.175000
v 0.000000 0.301875 -0.175000
v -0.175000 0.280000 -0.153125
v -0.175000 0.280000 0.021875
v -0.175000 0.126875 0.000000
v -0.175000 0.301875 0.000000
v -0.175000 0.105000 0.065625
v -0.175000 0.345625 0.175000
v -0.175000 0.455000 -0.065625
v -0.175000 0.214375 -0.175000
v -0.065625 0.105000 -0.175000
v 0.065625 0.455000 -0.175000
v 0.175000 0.214375 -0.175000
v 0.175000 0.105000 -0.065625
v 0.175000 0.455000 0.065625
v 0.175000 0.214375 0.175000
v 0.065625 0.105000 0.175000
v -0.065625 0.455000 0.175000
v -0.175000 0.105000 -0.109375
v -0.175000 0.170625 0.175000
v -0.175000 0.455000 0.109375
v -0.175000 0.389375 -0.175000
v 0.109375 0.105000 -0.175000
v -0.109375 0.455000 -0.175000
v 0.175000 0.389375 -0.175000
v 0.175000 0.105000 0.109375
v 0.175000 0.455000 -0.109375
v 0.175000 0.389375 0.175000
v -0.109375 0.105000 0.175000
v 0.109375 0.455000 0.175000
v 0.000000 0.455000 0.065625
v 0.000000 0.455000 -0.109375
v 0.065625 0.455000 0.000000
v -0.109375 0.455000 0.000000
v 0.000000 0.105000 0.065625
v 0.000000 0.105000 -0.109375
v -0.065625 0.105000 0.000000
v 0.109375 0.105000 0.000000
v -0.065625 0.280000 0.175000
v 0.109375 0.280000 0.175000
v 0.000000 0.214375 0.175000
v 0.000000 0.389375 0.175000
v 0.175000 0.280000 0.065625
v 0.175000 0.280000 -0.109375
v 0.175000 0.214375 0.000000
v 0.175000 0.389375 0.000000
v 0.065625 0.280000 -0.175000
v -0.109375 0.280000 -0.175000
v 0.000000 0.214375 -0.175000
v 0.000000 0.389375 -0.175000
v -0.175000 0.280000 -0.065625
v -0.175000 0.280000 0.109375
v -0.175000 0.214375 0.000000
v -0.175000 0.389375 0.000000
v -0.175000 0.367500 0.021875
v -0.175000 0.367500 0.109375
v -0.175000 0.301875 0.087500
v -0.175000 0.389375 0.087500
v -0.175000 0.192500 0.021875
v -0.175000 0.192500 0.109375
v -0.175000 0.126875 0.087500
v -0.175000 0.214375 0.087500
v -0.175000 0.192500 -0.153125
v -0.175000 0.192500 -0.065625
v -0.175000 0.126875 -0.087500
v -0.175000 0.214375 -0.087500
v -0.021875 0.367500 -0.175000
v -0.109375 0.367500 -0.175000
v -0.087500 0.301875 -0.175000
v -0.087500 0.389375 -0.175000
v -0.021875 0.192500 -0.175000
v -0.109375 0.192500 -0.175000
v -0.087500 0.126875 -0.175000
v -0.087500 0.214375 -0.175000
v 0.153125 0.192500 -0.175000
v 0.065625 0.192500 -0.175000
v 0.087500 0.126875 -0.175000
v 0.087500 0.214375 -0.175000
v 0.175000 0.367500 -0.021875
v 0.175000 0.367500 -0.109375
v 0.175000 0.301875 -0.087500
v 0.175000 0.389375 -0.087500
v 0.175000 0.192500 -0.021875
v 0.175000 0.192500 -0.109375
v 0.175000 0.126875 -0.087500
v 0.175000 0.214375 -0.087500
v 0.175000 0.192500 0.153125
v 0.175000 0.192500 0.065625
v 0.175000 0.126875 0.087500
v 0.175000 0.214375 0.087500
v 0.021875 0.367500 0.175000
v 0.109375 0.367500 0.175000
v 0.087500 0.301875 0.175000
v 0.087500 0.389375 0.175000
v 0.021875 0.192500 0.175000
v 0.109375 0.192500 0.175000
v 0.087500 0.126875 0.175000
v 0.087500 0.214375 0.175000
v -0.153125 0.192500 0.175000
v -0.065625 0.192500 0.175000
v -0.087500 0.126875 0.175000
v -0.087500 0.214375 0.175000
v 0.087500 0.105000 -0.021875
v 0.087500 0.105000 -0.109375
v 0.021875 0.105000 -0.087500
v 0.109375 0.105000 -0.087500
v -0.087500 0.105000 -0.021875
v -0.087500 0.105000 -0.109375
v -0.153125 0.105000 -0.087500
v -0.065625 0.105000 -0.087500
v -0.087500 0.105000 0.153125
v -0.087500 0.105000 0.065625
v -0.153125 0.105000 0.087500
v -0.065625 0.105000 0.087500
v -0.087500 0.455000 -0.021875
v -0.087500 0.455000 -0.109375
v -0.021875 0.455000 -0.087500
v -0.109375 0.455000 -0.087500
v 0.087500 0.455000 -0.021875
v 0.087500 0.455000 -0.109375
v 0.153125 0.455000 -0.087500
v 0.065625 0.455000 -0.087500
v 0.087500 0.455000 0.153125
v 0.087500 0.455000 0.065625
v 0.153125 0.455000 0.087500
v 0.065625 0.455000 0.087500
v -0.087500 0.455000 0.153125
v -0.087500 0.455000 0.065625
v -0.021875 0.455000 0.087500
v -0.109375 0.455000 0.087500
v 0.087500 0.105000 0.153125
v 0.087500 0.105000 0.065625
v 0.021875 0.105000 0.087500
v 0.109375 0.105000 0.087500
v -0.153125 0.367500 0.175000
v -0.065625 0.367500 0.175000
v -0.087500 0.301875 0.175000
v -0.087500 0.389375 0.175000
v 0.175000 0.367500 0.153125
v 0.175000 0.367500 0.065625
v 0.175000 0.301875 0.087500
v 0.175000 0.389375 0.087500
v 0.153125 0.367500 -0.175000
v 0.065625 0.367500 -0.175000
v 0.087500 0.301875 -0.175000
v 0.087500 0.389375 -0.175000
v -0.175000 0.367500 -0.153125
v -0.175000 0.367500 -0.065625
v -0.175000 0.301875 -0.087500
v -0.175000 0.389375 -0.087500
v -0.175000 0.105000 0.109375
v -0.175000 0.389375 0.175000
v -0.175000 0.455000 -0.109375
v -0.175000 0.170625 -0.175000
v -0.109375 0.105000 -0.175000
v 0.109375 0.455000 -0.175000
v 0.175000 0.170625 -0.175000
v 0.175000 0.105000 -0.109375
v 0.175000 0.455000 0.109375
v 0.175000 0.170625 0.175000
v 0.109375 0.105000 0.175000
v -0.109375 0.455000 0.175000
v -0.175000 0.105000 -0.065625
v -0.175000 0.214375 0.175000
v -0.175000 0.455000 0.065625
v -0.175000 0.345625 -0.175000
v 0.065625 0.105000 -0.175000
v -0.065625 0.455000 -0.175000
v 0.175000 0.345625 -0.175000
v 0.175000 0.105000 0.065625
v 0.175000 0.455000 -0.065625
v 0.175000 0.345625 0.175000
v -0.065625 0.105000 0.175000
v 0.065625 0.455000 0.175000
v 0.000000 0.455000 0.109375
v 0.000000 0.455000 -0.065625
v 0.109375 0.455000 0.000000
v -0.065625 0.455000 0.000000
v 0.000000 0.105000 0.109375
v 0.000000 0.105000 -0.065625
v -0.109375 0.105000 0.000000
v 0.065625 0.105000 0.000000
v -0.109375 0.280000 0.175000
v 0.065625 0.280000 0.175000
v 0.000000 0.170625 0.175000
v 0.000000 0.345625 0.175000
v 0.175000 0.280000 0.109375
v 0.175000 0.280000 -0.065625
v 0.175000 0.170625 0.000000
v 0.175000 0.345625 0.000000
v 0.109375 0.280000 -0.175000
v -0.065625 0.280000 -0.175000
v 0.000000 0.170625 -0.175000
v 0.000000 0.345625 -0.175000
v -0.175000 0.280000 -0.109375
v -0.175000 0.280000 0.065625
v -0.175000 0.170625 0.000000
v -0.175000 0.345625 0.000000
v -0.175000 0.105000 0.021875
v -0.175000 0.301875 0.175000
v -0.175000 0.455000 -0.021875
v -0.175000 0.258125 -0.175000
v -0.021875 0.105000 -0.175000
v 0.021875 0.455000 -0.175000
v 0.175000 0.258125 -0.175000
v 0.175000 0.105000 -0.021875
v 0.175000 0.455000 0.021875
v 0.175000 0.258125 0.175000
v 0.021875 0.105000 0.175000
v -0.021875 0.455000 0.175000
v -0.175000 0.105000 -0.153125
v -0.175000 0.126875 0.175000
v -0.175000 0.455000 0.153125
v -0.175000 0.433125 -0.175000
v 0.153125 0.105000 -0.175000
v -0.153125 0.455000 -0.175000
v 0.175000 0.433125 -0.175000
v 0.175000 0.105000 0.153125
v 0.175000 0.455000 -0.153125
v 0.175000 0.433125 0.175000
v -0.153125 0.105000 0.175000
v 0.153125 0.455000 0.175000
v 0.000000 0.455000 0.021875
v 0.000000 0.455000 -0.153125
v 0.021875 0.455000 0.000000
v -0.153125 0.455000 0.000000
v 0.000000 0.105000 0.021875
v 0.000000 0.105000 -0.153125
v -0.021875 0.105000 0.000000
v 0.153125 0.105000 0.000000
v -0.021875 0.280000 0.175000
v 0.153125 0.280000 0.175000
v 0.000000 0.258125 0.175000
v 0.000000 0.433125 0.175000
v 0.175000 0.280000 0.021875
v 0.175000 0.280000 -0.153125
v 0.175000 0.258125 0.000000
v 0.175000 0.433125 0.000000
v 0.021875 0.280000 -0.175000
v -0.153125 0.280000 -0.175000
v 0.000000 0.258125 -0.175000
v 0.000000 0.433125 -0.175000
v -0.175000 0.280000 -0.021875
v -0.175000 0.280000 0.153125
v -0.175000 0.258125 0.000000
v -0.175000 0.433125 0.000000
v -0.175000 0.367500 0.065625
v -0.175000 0.367500 0.153125
v -0.175000 0.345625 0.087500
v -0.175000 0.433125 0.087500
v -0.175000 0.192500 0.065625
v -0.175000 0.192500 0.153125
v -0.175000 0.170625 0.087500
v -0.175000 0.258125 0.087500
v -0.175000 0.192500 -0.109375
v -0.175000 0.192500 -0.021875
v -0.175000 0.170625 -0.087500
v -0.175000 0.258125 -0.087500
v -0.065625 0.367500 -0.175000
v -0.153125 0.367500 -0.175000
v -0.087500 0.345625 -0.175000
v -0.087500 0.433125 -0.175000
v -0.065625 0.192500 -0.175000
v -0.153125 0.192500 -0.175000
v -0.087500 0.170625 -0.175000
v -0.087500 0.258125 -0.175000
v 0.109375 0.192500 -0.175000
v 0.021875 0.192500 -0.175000
v 0.087500 0.170625 -0.175000
v 0.087500 0.258125 -0.175000
v 0.175000 0.367500 -0.065625
v 0.175000 0.367500 -0.153125
v 0.175000 0.345625 -0.087500
v 0.175000 0.433125 -0.087500
v 0.175000 0.192500 -0.065625
v 0.175000 0.192500 -0.153125
v 0.175000 0.170625 -0.087500
v 0.175000 0.258125 -0.087500
v 0.175000 0.192500 0.109375
v 0.175000 0.192500 0.021875
v 0.175000 0.170625 0.087500
v 0.175000 0.258125 0.087500
v 0.065625 0.367500 0.175000
v 0.153125 0.367500 0.175000
v 0.087500 0.345625 0.175000
v 0.087500 0.433125 0.175000
v 0.065625 0.192500 0.175000
v 0.153125 0.192500 0.175000
v 0.087500 0.170625 0.175000
v 0.087500 0.258125 0.175000
v -0.109375 0.192500 0.175000
v -0.021875 0.192500 0.175000
v -0.087500 0.170625 0.175000
v -0.087500 0.258125 0.175000
v 0.087500 0.105000 -0.065625
v 0.087500 0.105000 -0.153125
v 0.065625 0.105000 -0.087500
v 0.153125 0.105000 -0.087500
v -0.087500 0.105000 -0.065625
v -0.087500 0.105000 -0.153125
v -0.109375 0.105000 -0.087500
v -0.021875 0.105000 -0.087500
v -0.087500 0.105000 0.109375
v -0.087500 0.105000 0.021875
v -0.109375 0.105000 0.087500
v -0.021875 0.105000 0.087500
v -0.087500 0.455000 -0.065625
v -0.087500 0.455000 -0.153125
v -0.065625 0.455000 -0.087500
v -0.153125 0.455000 -0.087500
v 0.087500 0.455000 -0.065625
v 0.087500 0.455000 -0.153125
v 0.109375 0.455000 -0.087500
v 0.021875 0.455000 -0.087500
v 0.087500 0.455000 0.109375
v 0.087500 0.455000 0.021875
v 0.109375 0.455000 0.087500
v 0.021875 0.455000 0.087500
v -0.087500 0.455000 0.109375
v -0.087500 0.455000 0.021875
v -0.065625 0.455000 0.087500
v -0.153125 0.455000 0.087500
v 0.087500 0.105000 0.109375
v 0.087500 0.105000 0.021875
v 0.065625 0.105000 0.087500
v 0.153125 0.105000 0.087500
v -0.109375 0.367500 0.175000
v -0.021875 0.367500 0.175000
v -0.087500 0.345625 0.175000
v -0.087500 0.433125 0.175000
v 0.175000 0.367500 0.109375
v 0.175000 0.367500 0.021875
v 0.175000 0.345625 0.087500
v 0.175000 0.433125 0.087500
v 0.109375 0.367500 -0.175000
v 0.021875 0.367500 -0.175000
v 0.087500 0.345625 -0.175000
v 0.087500 0.433125 -0.175000
v -0.175000 0.367500 -0.109375
v -0.175000 0.367500 -0.021875
v -0.175000 0.345625 -0.087500
v -0.175000 0.433125 -0.087500
v -0.175000 0.411250 -0.065625
v -0.175000 0.411250 -0.021875
v -0.175000 0.389375 -0.043750
v -0.175000 0.433125 -0.043750
v -0.175000 0.323750 -0.065625
v -0.175000 0.323750 -0.021875
v -0.175000 0.301875 -0.043750
v -0.175000 0.345625 -0.043750
v -0.175000 0.323750 -0.153125
v -0.175000 0.323750 -0.109375
v -0.175000 0.301875 -0.131250
v -0.175000 0.345625 -0.131250
v 0.065625 0.411250 -0.175000
v 0.021875 0.411250 -0.175000
v 0.043750 0.389375 -0.175000
v 0.043750 0.433125 -0.175000
v 0.065625 0.323750 -0.175000
v 0.021875 0.323750 -0.175000
v 0.043750 0.301875 -0.175000
v 0.043750 0.345625 -0.175000
v 0.153125 0.323750 -0.175000
v 0.109375 0.323750 -0.175000
v 0.131250 0.301875 -0.175000
v 0.131250 0.345625 -0.175000
v 0.175000 0.411250 0.065625
v 0.175000 0.411250 0.021875
v 0.175000 0.389375 0.043750
v 0.175000 0.433125 0.043750
v 0.175000 0.323750 0.065625
v 0.175000 0.323750 0.021875
v 0.175000 0.301875 0.043750
v 0.175000 0.345625 0.043750
v 0.175000 0.323750 0.153125
v 0.175000 0.323750 0.109375
v 0.175000 0.301875 0.131250
v 0.175000 0.345625 0.131250
v -0.065625 0.411250 0.175000
v -0.021875 0.411250 0.175000
v -0.043750 0.389375 0.175000
v -0.043750 0.433125 0.175000
v -0.065625 0.323750 0.175000
v -0.021875 0.323750 0.175000
v -0.043750 0.301875 0.175000
v -0.043750 0.345625 0.175000
v -0.153125 0.323750 0.175000
v -0.109375 0.323750 0.175000
v -0.131250 0.301875 0.175000
v -0.131250 0.345625 0.175000
v 0.131250 0.105000 0.065625
v 0.131250 0.105000 0.021875
v 0.109375 0.105000 0.043750
v 0.153125 0.105000 0.043750
v 0.043750 0.105000 0.065625
v 0.043750 0.105000 0.021875
v 0.021875 0.105000 0.043750
v 0.065625 0.105000 0.043750
v 0.043750 0.105000 0.153125
v 0.043750 0.105000 0.109375
v 0.021875 0.105000 0.131250
v 0.065625 0.105000 0.131250
v -0.131250 0.455000 0.065625
v -0.131250 0.455000 0.021875
v -0.109375 0.455000 0.043750
v -0.153125 0.455000 0.043750
v -0.043750 0.455000 0.065625
v -0.043750 0.455000 0.021875
v -0.021875 0.455000 0.043750
v -0.065625 0.455000 0.043750
v -0.043750 0.455000 0.153125
v -0.043750 0.455000 0.109375
v -0.021875 0.455000 0.131250
v -0.065625 0.455000 0.131250
v 0.043750 0.455000 0.065625
v 0.043750 0.455000 0.021875
v 0.065625 0.455000 0.043750
v 0.021875 0.455000 0.043750
v 0.131250 0.455000 0.065625
v 0.131250 0.455000 0.021875
v 0.153125 0.455000 0.043750
v 0.109375 0.455000 0.043750
v 0.131250 0.455000 0.153125
v 0.131250 0.455000 0.109375
v 0.153125 0.455000 0.131250
v 0.109375 0.455000 0.131250
v 0.043750 0.455000 -0.109375
v 0.043750 0.455000 -0.153125
v 0.065625 0.455000 -0.131250
v 0.021875 0.455000 -0.131250
v 0.131250 0.455000 -0.109375
v 0.131250 0.455000 -0.153125
v 0.153125 0.455000 -0.131250
v 0.109375 0.455000 -0.131250
v 0.131250 0.455000 -0.021875
v 0.131250 0.455000 -0.065625
v 0.153125 0.455000 -0.043750
v 0.109375 0.455000 -0.043750
v -0.131250 0.455000 -0.109375
v -0.131250 0.455000 -0.153125
v -0.109375 0.455000 -0.131250
v -0.153125 0.455000 -0.131250
v -0.043750 0.455000 -0.109375
v -0.043750 0.455000 -0.153125
v -0.021875 0.455000 -0.131250
v -0.065625 0.455000 -0.131250
v -0.043750 0.455000 -0.021875
v -0.043750 0.455000 -0.065625
v -0.021875 0.455000 -0.043750
v -0.065625 0.455000 -0.043750
v -0.043750 0.105000 0.065625
v -0.043750 0.105000 0.021875
v -0.065625 0.105000 0.043750
v -0.021875 0.105000 0.043750
v -0.131250 0.105000 0.065625
v -0.131250 0.105000 0.021875
v -0.153125 0.105000 0.043750
v -0.109375 0.105000 0.043750
v -0.131250 0.105000 0.153125
v -0.131250 0.105000 0.109375
v -0.153125 0.105000 0.131250
v -0.109375 0.105000 0.131250
v -0.043750 0.105000 -0.109375
v -0.043750 0.105000 -0.153125
v -0.065625 0.105000 -0.131250
v -0.021875 0.105000 -0.131250
v -0.131250 0.105000 -0.109375
v -0.131250 0.105000 -0.153125
v -0.153125 0.105000 -0.131250
v -0.109375 0.105000 -0.131250
v -0.131250 0.105000 -0.021875
v -0.131250 0.105000 -0.065625
v -0.153125 0.105000 -0.043750
v -0.109375 0.105000 -0.043750
v 0.131250 0.105000 -0.109375
v 0.131250 0.105000 -0.153125
v 0.109375 0.105000 -0.131250
v 0.153125 0.105000 -0.131250
v 0.043750 0.105000 -0.109375
v 0.043750 0.105000 -0.153125
v 0.021875 0.105000 -0.131250
v 0.065625 0.105000 -0.131250
v 0.043750 0.105000 -0.021875
v 0.043750 0.105000 -0.065625
v 0.021875 0.105000 -0.043750
v 0.065625 0.105000 -0.043750
v -0.065625 0.236250 0.175000
v -0.021875 0.236250 0.175000
v -0.043750 0.214375 0.175000
v -0.043750 0.258125 0.175000
v -0.065625 0.148750 0.175000
v -0.021875 0.148750 0.175000
v -0.043750 0.126875 0.175000
v -0.043750 0.170625 0.175000
v -0.153125 0.148750 0.175000
v -0.109375 0.148750 0.175000
v -0.131250 0.126875 0.175000
v -0.131250 0.170625 0.175000
v 0.109375 0.236250 0.175000
v 0.153125 0.236250 0.175000
v 0.131250 0.214375 0.175000
v 0.131250 0.258125 0.175000
v 0.109375 0.148750 0.175000
v 0.153125 0.148750 0.175000
v 0.131250 0.126875 0.175000
v 0.131250 0.170625 0.175000
v 0.021875 0.148750 0.175000
v 0.065625 0.148750 0.175000
v 0.043750 0.126875 0.175000
v 0.043750 0.170625 0.175000
v 0.109375 0.411250 0.175000
v 0.153125 0.411250 0.175000
v 0.131250 0.389375 0.175000
v 0.131250 0.433125 0.175000
v 0.109375 0.323750 0.175000
v 0.153125 0.323750 0.175000
v 0.131250 0.301875 0.175000
v 0.131250 0.345625 0.175000
v 0.021875 0.323750 0.175000
v 0.065625 0.323750 0.175000
v 0.043750 0.301875 0.175000
v 0.043750 0.345625 0.175000
v 0.175000 0.236250 0.065625
v 0.175000 0.236250 0.021875
v 0.175000 0.214375 0.043750
v 0.175000 0.258125 0.043750
v 0.175000 0.148750 0.065625
v 0.175000 0.148750 0.021875
v 0.175000 0.126875 0.043750
v 0.175000 0.170625 0.043750
v 0.175000 0.148750 0.153125
v 0.175000 0.148750 0.109375
v 0.175000 0.126875 0.131250
v 0.175000 0.170625 0.131250
v 0.175000 0.236250 -0.109375
v 0.175000 0.236250 -0.153125
v 0.175000 0.214375 -0.131250
v 0.175000 0.258125 -0.131250
v 0.175000 0.148750 -0.109375
v 0.175000 0.148750 -0.153125
v 0.175000 0.126875 -0.131250
v 0.175000 0.170625 -0.131250
v 0.175000 0.148750 -0.021875
v 0.175000 0.148750 -0.065625
v 0.175000 0.126875 -0.043750
v 0.175000 0.170625 -0.043750
v 0.175000 0.411250 -0.109375
v 0.175000 0.411250 -0.153125
v 0.175000 0.389375 -0.131250
v 0.175000 0.433125 -0.131250
v 0.175000 0.323750 -0.109375
v 0.175000 0.323750 -0.153125
v 0.175000 0.301875 -0.131250
v 0.175000 0.345625 -0.131250
v 0.175000 0.323750 -0.021875
v 0.175000 0.323750 -0.065625
v 0.175000 0.301875 -0.043750
v 0.175000 0.345625 -0.043750
v 0.065625 0.236250 -0.175000
v 0.021875 0.236250 -0.175000
v 0.043750 0.214375 -0.175000
v 0.043750 0.258125 -0.175000
v 0.065625 0.148750 -0.175000
v 0.021875 0.148750 -0.175000
v 0.043750 0.126875 -0.175000
v 0.043750 0.170625 -0.175000
v 0.153125 0.148750 -0.175000
v 0.109375 0.148750 -0.175000
v 0.131250 0.126875 -0.175000
v 0.131250 0.170625 -0.175000
v -0.109375 0.236250 -0.175000
v -0.153125 0.236250 -0.175000
v -0.131250 0.214375 -0.175000
v -0.131250 0.258125 -0.175000
v -0.109375 0.148750 -0.175000
v -0.153125 0.148750 -0.175000
v -0.131250 0.126875 -0.175000
v -0.131250 0.170625 -0.175000
v -0.021875 0.148750 -0.175000
v -0.065625 0.148750 -0.175000
v -0.043750 0.126875 -0.175000
v -0.043750 0.170625 -0.175000
v -0.109375 0.411250 -0.175000
v -0.153125 0.411250 -0.175000
v -0.131250 0.389375 -0.175000
v -0.131250 0.433125 -0.175000
v -0.109375 0.323750 -0.175000
v -0.153125 0.323750 -0.175000
v -0.131250 0.301875 -0.175000
v -0.131250 0.345625 -0.175000
v -0.021875 0.323750 -0.175000
v -0.065625 0.323750 -0.175000
v -0.043750 0.301875 -0.175000
v -0.043750 0.345625 -0.175000
v -0.175000 0.236250 -0.065625
v -0.175000 0.236250 -0.021875
v -0.175000 0.214375 -0.043750
v -0.175000 0.258125 -0.043750
v -0.175000 0.148750 -0.065625
v -0.175000 0.148750 -0.021875
v -0.175000 0.126875 -0.043750
v -0.175000 0.170625 -0.043750
v -0.175000 0.148750 -0.153125
v -0.175000 0.148750 -0.109375
v -0.175000 0.126875 -0.131250
v -0.175000 0.170625 -0.131250
v -0.175000 0.236250 0.109375
v -0.175000 0.236250 0.153125
v -0.175000 0.214375 0.131250
v -0.175000 0.258125 0.131250
v -0.175000 0.148750 0.109375
v -0.175000 0.148750 0.153125
v -0.175000 0.126875 0.131250
v -0.175000 0.170625 0.131250
v -0.175000 0.148750 0.021875
v -0.175000 0.148750 0.065625
v -0.175000 0.126875 0.043750
v -0.175000 0.170625 0.043750
v -0.175000 0.411250 0.109375
v -0.175000 0.411250 0.153125
v -0.175000 0.389375 0.131250
v -0.175000 0.433125 0.131250
v -0.175000 0.323750 0.109375
v -0.175000 0.323750 0.153125
v -0.175000 0.301875 0.131250
v -0.175000 0.345625 0.131250
v -0.175000 0.323750 0.021875
v -0.175000 0.323750 0.065625
v -0.175000 0.301875 0.043750
v -0.175000 0.345625 0.043750
v -0.175000 0.411250 0.021875
v -0.175000 0.411250 0.065625
v -0.175000 0.389375 0.043750
v -0.175000 0.433125 0.043750
v -0.175000 0.236250 0.021875
v -0.175000 0.236250 0.065625
v -0.175000 0.214375 0.043750
v -0.175000 0.258125 0.043750
v -0.175000 0.236250 -0.153125
v -0.175000 0.236250 -0.109375
v -0.175000 0.214375 -0.131250
v -0.175000 0.258125 -0.131250
v -0.021875 0.411250 -0.175000
v -0.065625 0.411250 -0.175000
v -0.043750 0.389375 -0.175000
v -0.043750 0.433125 -0.175000
v -0.021875 0.236250 -0.175000
v -0.065625 0.236250 -0.175000
v -0.043750 0.214375 -0.175000
v -0.043750 0.258125 -0.175000
v 0.153125 0.236250 -0.175000
v 0.109375 0.236250 -0.175000
v 0.131250 0.214375 -0.175000
v 0.131250 0.258125 -0.175000
v 0.175000 0.411250 -0.021875
v 0.175000 0.411250 -0.065625
v 0.175000 0.389375 -0.043750
v 0.175000 0.433125 -0.043750
v 0.175000 0.236250 -0.021875
v 0.175000 0.236250 -0.065625
v 0.175000 0.214375 -0.043750
v 0.175000 0.258125 -0.043750
v 0.175000 0.236250 0.153125
v 0.175000 0.236250 0.109375
v 0.175000 0.214375 0.131250
v 0.175000 0.258125 0.131250
v 0.021875 0.411250 0.175000
v 0.065625 0.411250 0.175000
v 0.043750 0.389375 0.175000
v 0.043750 0.433125 0.175000
v 0.021875 0.236250 0.175000
v 0.065625 0.236250 0.175000
v 0.043750 0.214375 0.175000
v 0.043750 0.258125 0.175000
v -0.153125 0.236250 0.175000
v -0.109375 0.236250 0.175000
v -0.131250 0.214375 0.175000
v -0.131250 0.258125 0.175000
v 0.131250 0.105000 -0.021875
v 0.131250 0.105000 -0.065625
v 0.109375 0.105000 -0.043750
v 0.153125 0.105000 -0.043750
v -0.043750 0.105000 -0.021875
v -0.043750 0.105000 -0.065625
v -0.065625 0.105000 -0.043750
v -0.021875 0.105000 -0.043750
v -0.043750 0.105000 0.153125
v -0.043750 0.105000 0.109375
v -0.065625 0.105000 0.131250
v -0.021875 0.105000 0.131250
v -0.131250 0.455000 -0.021875
v -0.131250 0.455000 -0.065625
v -0.109375 0.455000 -0.043750
v -0.153125 0.455000 -0.043750
v 0.043750 0.455000 -0.021875
v 0.043750 0.455000 -0.065625
v 0.065625 0.455000 -0.043750
v 0.021875 0.455000 -0.043750
v 0.043750 0.455000 0.153125
v 0.043750 0.455000 0.109375
v 0.065625 0.455000 0.131250
v 0.021875 0.455000 0.131250
v -0.131250 0.455000 0.153125
v -0.131250 0.455000 0.109375
v -0.109375 0.455000 0.131250
v -0.153125 0.455000 0.131250
v 0.131250 0.105000 0.153125
v 0.131250 0.105000 0.109375
v 0.109375 0.105000 0.131250
v 0.153125 0.105000 0.131250
v -0.153125 0.411250 0.175000
v -0.109375 0.411250 0.175000
v -0.131250 0.389375 0.175000
v -0.131250 0.433125 0.175000
v 0.175000 0.411250 0.153125
v 0.175000 0.411250 0.109375
v 0.175000 0.389375 0.131250
v 0.175000 0.433125 0.131250
v 0.153125 0.411250 -0.175000
v 0.109375 0.411250 -0.175000
v 0.131250 0.389375 -0.175000
v 0.131250 0.433125 -0.175000
v -0.175000 0.411250 -0.153125
v -0.175000 0.411250 -0.109375
v -0.175000 0.389375 -0.131250
v -0.175000 0.433125 -0.131250
v -0.175000 0.433125 -0.109375
v -0.175000 0.389375 -0.109375
v -0.175000 0.389375 -0.153125
v 0.109375 0.433125 -0.175000
v 0.109375 0.389375 -0.175000
v 0.153125 0.389375 -0.175000
v 0.175000 0.433125 0.109375
v 0.175000 0.389375 0.109375
v 0.175000 0.389375 0.153125
v -0.109375 0.433125 0.175000
v -0.109375 0.389375 0.175000
v -0.153125 0.389375 0.175000
v 0.153125 0.105000 0.109375
v 0.109375 0.105000 0.109375
v 0.109375 0.105000 0.153125
v -0.153125 0.455000 0.109375
v -0.109375 0.455000 0.109375
v -0.109375 0.455000 0.153125
v 0.021875 0.455000 0.109375
v 0.065625 0.455000 0.109375
v 0.065625 0.455000 0.153125
v 0.021875 0.455000 -0.065625
v 0.065625 0.455000 -0.065625
v 0.065625 0.455000 -0.021875
v -0.153125 0.455000 -0.065625
v -0.109375 0.455000 -0.065625
v -0.109375 0.455000 -0.021875
v -0.021875 0.105000 0.109375
v -0.065625 0.105000 0.109375
v -0.065625 0.105000 0.153125
v -0.021875 0.105000 -0.065625
v -0.065625 0.105000 -0.065625
v -0.065625 0.105000 -0.021875
v 0.153125 0.105000 -0.065625
v 0.109375 0.105000 -0.065625
v 0.109375 0.105000 -0.021875
v -0.109375 0.258125 0.175000
v -0.109375 0.214375 0.175000
v -0.153125 0.214375 0.175000
v 0.065625 0.258125 0.175000
v 0.065625 0.214375 0.175000
v 0.021875 0.214375 0.175000
v 0.065625 0.433125 0.175000
v 0.065625 0.389375 0.175000
v 0.021875 0.389375 0.175000
v 0.175000 0.258125 0.109375
v 0.175000 0.214375 0.109375
v 0.175000 0.214375 0.153125
v 0.175000 0.258125 -0.065625
v 0.175000 0.214375 -0.065625
v 0.175000 0.214375 -0.021875
v 0.175000 0.433125 -0.065625
v 0.175000 0.389375 -0.065625
v 0.175000 0.389375 -0.021875
v 0.109375 0.258125 -0.175000
v 0.109375 0.214375 -0.175000
v 0.153125 0.214375 -0.175000
v -0.065625 0.258125 -0.175000
v -0.065625 0.214375 -0.175000
v -0.021875 0.214375 -0.175000
v -0.065625 0.433125 -0.175000
v -0.065625 0.389375 -0.175000
v -0.021875 0.389375 -0.175000
v -0.175000 0.258125 -0.109375
v -0.175000 0.214375 -0.109375
v -0.175000 0.214375 -0.153125
v -0.175000 0.258125 0.065625
v -0.175000 0.214375 0.065625
v -0.175000 0.214375 0.021875
v -0.175000 0.433125 0.065625
v -0.175000 0.389375 0.065625
v -0.175000 0.389375 0.021875
v -0.175000 0.345625 0.065625
v -0.175000 0.301875 0.065625
v -0.175000 0.301875 0.021875
v -0.175000 0.345625 0.153125
v -0.175000 0.301875 0.153125
v -0.175000 0.301875 0.109375
v -0.175000 0.433125 0.153125
v -0.175000 0.389375 0.153125
v -0.175000 0.389375 0.109375
v -0.175000 0.170625 0.065625
v -0.175000 0.126875 0.065625
v -0.175000 0.126875 0.021875
v -0.175000 0.170625 0.153125
v -0.175000 0.126875 0.153125
v -0.175000 0.126875 0.109375
v -0.175000 0.258125 0.153125
v -0.175000 0.214375 0.153125
v -0.175000 0.214375 0.109375
v -0.175000 0.170625 -0.109375
v -0.175000 0.126875 -0.109375
v -0.175000 0.126875 -0.153125
v -0.175000 0.170625 -0.021875
v -0.175000 0.126875 -0.021875
v -0.175000 0.126875 -0.065625
v -0.175000 0.258125 -0.021875
v -0.175000 0.214375 -0.021875
v -0.175000 0.214375 -0.065625
v -0.065625 0.345625 -0.175000
v -0.065625 0.301875 -0.175000
v -0.021875 0.301875 -0.175000
v -0.153125 0.345625 -0.175000
v -0.153125 0.301875 -0.175000
v -0.109375 0.301875 -0.175000
v -0.153125 0.433125 -0.175000
v -0.153125 0.389375 -0.175000
v -0.109375 0.389375 -0.175000
v -0.065625 0.170625 -0.175000
v -0.065625 0.126875 -0.175000
v -0.021875 0.126875 -0.175000
v -0.153125 0.170625 -0.175000
v -0.153125 0.126875 -0.175000
v -0.109375 0.126875 -0.175000
v -0.153125 0.258125 -0.175000
v -0.153125 0.214375 -0.175000
v -0.109375 0.214375 -0.175000
v 0.109375 0.170625 -0.175000
v 0.109375 0.126875 -0.175000
v 0.153125 0.126875 -0.175000
v 0.021875 0.170625 -0.175000
v 0.021875 0.126875 -0.175000
v 0.065625 0.126875 -0.175000
v 0.021875 0.258125 -0.175000
v 0.021875 0.214375 -0.175000
v 0.065625 0.214375 -0.175000
v 0.175000 0.345625 -0.065625
v 0.175000 0.301875 -0.065625
v 0.175000 0.301875 -0.021875
v 0.175000 0.345625 -0.153125
v 0.175000 0.301875 -0.153125
v 0.175000 0.301875 -0.109375
v 0.175000 0.433125 -0.153125
v 0.175000 0.389375 -0.153125
v 0.175000 0.389375 -0.109375
v 0.175000 0.170625 -0.065625
v 0.175000 0.126875 -0.065625
v 0.175000 0.126875 -0.021875
v 0.175000 0.170625 -0.153125
v 0.175000 0.126875 -0.153125
v 0.175000 0.126875 -0.109375
v 0.175000 0.258125 -0.153125
v 0.175000 0.214375 -0.153125
v 0.175000 0.214375 -0.109375
v 0.175000 0.170625 0.109375
v 0.175000 0.126875 0.109375
v 0.175000 0.126875 0.153125
v 0.175000 0.170625 0.021875
v 0.175000 0.126875 0.021875
v 0.175000 0.126875 0.065625
v 0.175000 0.258125 0.021875
v 0.175000 0.214375 0.021875
v 0.175000 0.214375 0.065625
v 0.065625 0.345625 0.175000
v 0.065625 0.301875 0.175000
v 0.021875 0.301875 0.175000
v 0.153125 0.345625 0.175000
v 0.153125 0.301875 0.175000
v 0.109375 0.301875 0.175000
v 0.153125 0.433125 0.175000
v 0.153125 0.389375 0.175000
v 0.109375 0.389375 0.175000
v 0.065625 0.170625 0.175000
v 0.065625 0.126875 0.175000
v 0.021875 0.126875 0.175000
v 0.153125 0.170625 0.175000
v 0.153125 0.126875 0.175000
v 0.109375 0.126875 0.175000
v 0.153125 0.258125 0.175000
v 0.153125 0.214375 0.175000
v 0.109375 0.214375 0.175000
v -0.109375 0.170625 0.175000
v -0.109375 0.126875 0.175000
v -0.153125 0.126875 0.175000
v -0.021875 0.170625 0.175000
v -0.021875 0.126875 0.175000
v -0.065625 0.126875 0.175000
v -0.021875 0.258125 0.175000
v -0.021875 0.214375 0.175000
v -0.065625 0.214375 0.175000
v 0.065625 0.105000 -0.065625
v 0.021875 0.105000 -0.065625
v 0.021875 0.105000 -0.021875
v 0.065625 0.105000 -0.153125
v 0.021875 0.105000 -0.153125
v 0.021875 0.105000 -0.109375
v 0.153125 0.105000 -0.153125
v 0.109375 0.105000 -0.153125
v 0.109375 0.105000 -0.109375
v -0.109375 0.105000 -0.065625
v -0.153125 0.105000 -0.065625
v -0.153125 0.105000 -0.021875
v -0.109375 0.105000 -0.153125
v -0.153125 0.105000 -0.153125
v -0.153125 0.105000 -0.109375
v -0.021875 0.105000 -0.153125
v -0.065625 0.105000 -0.153125
v -0.065625 0.105000 -0.109375
v -0.109375 0.105000 0.109375
v -0.153125 0.105000 0.109375
v -0.153125 0.105000 0.153125
v -0.109375 0.105000 0.021875
v -0.153125 0.105000 0.021875
v -0.153125 0.105000 0.065625
v -0.021875 0.105000 0.021875
v -0.065625 0.105000 0.021875
v -0.065625 0.105000 0.065625
v -0.065625 0.455000 -0.065625
v -0.021875 0.455000 -0.065625
v -0.021875 0.455000 -0.021875
v -0.065625 0.455000 -0.153125
v -0.021875 0.455000 -0.153125
v -0.021875 0.455000 -0.109375
v -0.153125 0.455000 -0.153125
v -0.109375 0.455000 -0.153125
v -0.109375 0.455000 -0.109375
v 0.109375 0.455000 -0.065625
v 0.153125 0.455000 -0.065625
v 0.153125 0.455000 -0.021875
v 0.109375 0.455000 -0.153125
v 0.153125 0.455000 -0.153125
v 0.153125 0.455000 -0.109375
v 0.021875 0.455000 -0.153125
v 0.065625 0.455000 -0.153125
v 0.065625 0.455000 -0.109375
v 0.109375 0.455000 0.109375
v 0.153125 0.455000 0.109375
v 0.153125 0.455000 0.153125
v 0.109375 0.455000 0.021875
v 0.153125 0.455000 0.021875
v 0.153125 0.455000 0.065625
v 0.021875 0.455000 0.021875
v 0.065625 0.455000 0.021875
v 0.065625 0.455000 0.065625
v -0.065625 0.455000 0.109375
v -0.021875 0.455000 0.109375
v -0.021875 0.455000 0.153125
v -0.065625 0.455000 0.021875
v -0.021875 0.455000 0.021875
v -0.021875 0.455000 0.065625
v -0.153125 0.455000 0.021875
v -0.109375 0.455000 0.021875
v -0.109375 0.455000 0.065625
v 0.065625 0.105000 0.109375
v 0.021875 0.105000 0.109375
v 0.021875 0.105000 0.153125
v 0.065625 0.105000 0.021875
v 0.021875 0.105000 0.021875
v 0.021875 0.105000 0.065625
v 0.153125 0.105000 0.021875
v 0.109375 0.105000 0.021875
v 0.109375 0.105000 0.065625
v -0.109375 0.345625 0.175000
v -0.109375 0.301875 0.175000
v -0.153125 0.301875 0.175000
v -0.021875 0.345625 0.175000
v -0.021875 0.301875 0.175000
v -0.065625 0.301875 0.175000
v -0.021875 0.433125 0.175000
v -0.021875 0.389375 0.175000
v -0.065625 0.389375 0.175000
v 0.175000 0.345625 0.109375
v 0.175000 0.301875 0.109375
v 0.175000 0.301875 0.153125
v 0.175000 0.345625 0.021875
v 0.175000 0.301875 0.021875
v 0.175000 0.301875 0.065625
v 0.175000 0.433125 0.021875
v 0.175000 0.389375 0.021875
v 0.175000 0.389375 0.065625
v 0.109375 0.345625 -0.175000
v 0.109375 0.301875 -0.175000
v 0.153125 0.301875 -0.175000
v 0.021875 0.345625 -0.175000
v 0.021875 0.301875 -0.175000
v 0.065625 0.301875 -0.175000
v 0.021875 0.433125 -0.175000
v 0.021875 0.389375 -0.175000
v 0.065625 0.389375 -0.175000
v -0.175000 0.345625 -0.109375
v -0.175000 0.301875 -0.109375
v -0.175000 0.301875 -0.153125
v -0.175000 0.345625 -0.021875
v -0.175000 0.301875 -0.021875
v -0.175000 0.301875 -0.065625
v -0.175000 0.433125 -0.021875
v -0.175000 0.389375 -0.021875
v -0.175000 0.389375 -0.065625
v -0.175000 0.433125 -0.065625
v -0.175000 0.345625 -0.065625
v -0.175000 0.345625 -0.153125
v 0.065625 0.433125 -0.175000
v 0.065625 0.345625 -0.175000
v 0.153125 0.345625 -0.175000
v 0.175000 0.433125 0.065625
v 0.175000 0.345625 0.065625
v 0.175000 0.345625 0.153125
v -0.065625 0.433125 0.175000
v -0.065625 0.345625 0.175000
v -0.153125 0.345625 0.175000
v 0.153125 0.105000 0.065625
v 0.065625 0.105000 0.065625
v 0.065625 0.105000 0.153125
v -0.153125 0.455000 0.065625
v -0.065625 0.455000 0.065625
v -0.065625 0.455000 0.153125
v 0.021875 0.455000 0.065625
v 0.109375 0.455000 0.065625
v 0.109375 0.455000 0.153125
v 0.021875 0.455000 -0.109375
v 0.109375 0.455000 -0.109375
v 0.109375 0.455000 -0.021875
v -0.153125 0.455000 -0.109375
v -0.065625 0.455000 -0.109375
v -0.065625 0.455000 -0.021875
v -0.021875 0.105000 0.065625
v -0.109375 0.105000 0.065625
v -0.109375 0.105000 0.153125
v -0.021875 0.105000 -0.109375
v -0.109375 0.105000 -0.109375
v -0.109375 0.105000 -0.021875
v 0.153125 0.105000 -0.109375
v 0.065625 0.105000 -0.109375
v 0.065625 0.105000 -0.021875
v -0.065625 0.258125 0.175000
v -0.065625 0.170625 0.175000
v -0.153125 0.170625 0.175000
v 0.109375 0.258125 0.175000
v 0.109375 0.170625 0.175000
v 0.021875 0.170625 0.175000
v 0.109375 0.433125 0.175000
v 0.109375 0.345625 0.175000
v 0.021875 0.345625 0.175000
v 0.175000 0.258125 0.065625
v 0.175000 0.170625 0.065625
v 0.175000 0.170625 0.153125
v 0.175000 0.258125 -0.109375
v 0.175000 0.170625 -0.109375
v 0.175000 0.170625 -0.021875
v 0.175000 0.433125 -0.109375
v 0.175000 0.345625 -0.109375
v 0.175000 0.345625 -0.021875
v 0.065625 0.258125 -0.175000
v 0.065625 0.170625 -0.175000
v 0.153125 0.170625 -0.175000
v -0.109375 0.258125 -0.175000
v -0.109375 0.170625 -0.175000
v -0.021875 0.170625 -0.175000
v -0.109375 0.433125 -0.175000
v -0.109375 0.345625 -0.175000
v -0.021875 0.345625 -0.175000
v -0.175000 0.258125 -0.065625
v -0.175000 0.170625 -0.065625
v -0.175000 0.170625 -0.153125
v -0.175000 0.258125 0.109375
v -0.175000 0.170625 0.109375
v -0.175000 0.170625 0.021875
v -0.175000 0.433125 0.109375
v -0.175000 0.345625 0.109375
v -0.175000 0.345625 0.021875
v -0.175000 0.433125 0.021875
v -0.175000 0.258125 0.021875
v -0.175000 0.258125 -0.153125
v -0.021875 0.433125 -0.175000
v -0.021875 0.258125 -0.175000
v 0.153125 0.258125 -0.175000
v 0.175000 0.433125 -0.021875
v 0.175000 0.258125 -0.021875
v 0.175000 0.258125 0.153125
v 0.021875 0.433125 0.175000
v 0.021875 0.258125 0.175000
v -0.153125 0.258125 0.175000
v 0.153125 0.105000 -0.021875
v -0.021875 0.105000 -0.021875
v -0.021875 0.105000 0.153125
v -0.153125 0.455000 -0.021875
v 0.021875 0.455000 -0.021875
v 0.021875 0.455000 0.153125
v -0.153125 0.455000 0.153125
v 0.153125 0.105000 0.153125
v -0.153125 0.433125 0.175000
v 0.175000 0.433125 0.153125
v 0.153125 0.433125 -0.175000
v -0.175000 0.433125 -0.153125
v -0.175000 0.105000 0.164063
v -0.175000 0.444063 0.175000
v -0.175000 0.455000 -0.164063
v -0.175000 0.115937 -0.175000
v -0.164063 0.105000 -0.175000
v 0.164063 0.455000 -0.175000
v 0.175000 0.115937 -0.175000
v 0.175000 0.105000 -0.164063
v 0.175000 0.455000 0.164063
v 0.175000 0.115937 0.175000
v 0.164063 0.105000 0.175000
v -0.164063 0.455000 0.175000
v -0.175000 0.105000 -0.010938
v -0.175000 0.269062 0.175000
v -0.175000 0.455000 0.010938
v -0.175000 0.290938 -0.175000
v 0.010938 0.105000 -0.175000
v -0.010938 0.455000 -0.175000
v 0.175000 0.290938 -0.175000
v 0.175000 0.105000 0.010938
v 0.175000 0.455000 -0.010938
v 0.175000 0.290938 0.175000
v -0.010938 0.105000 0.175000
v 0.010938 0.455000 0.175000
v 0.000000 0.455000 0.164063
v 0.000000 0.455000 -0.010938
v 0.164063 0.455000 0.000000
v -0.010938 0.455000 0.000000
v 0.000000 0.105000 0.164063
v 0.000000 0.105000 -0.010938
v -0.164063 0.105000 0.000000
v 0.010938 0.105000 0.000000
v -0.164063 0.280000 0.175000
v 0.010938 0.280000 0.175000
v 0.000000 0.115937 0.175000
v 0.000000 0.290938 0.175000
v 0.175000 0.280000 0.164063
v 0.175000 0.280000 -0.010938
v 0.175000 0.115937 0.000000
v 0.175000 0.290938 0.000000
v 0.164063 0.280000 -0.175000
v -0.010938 0.280000 -0.175000
v 0.000000 0.115937 -0.175000
v 0.000000 0.290938 -0.175000
v -0.175000 0.280000 -0.164063
v -0.175000 0.280000 0.010938
v -0.175000 0.115937 0.000000
v -0.175000 0.290938 0.000000
v -0.175000 0.105000 0.076563
v -0.175000 0.356563 0.175000
v -0.175000 0.455000 -0.076563
v -0.175000 0.203437 -0.175000
v -0.076563 0.105000 -0.175000
v 0.076563 0.455000 -0.175000
v 0.175000 0.203437 -0.175000
v 0.175000 0.105000 -0.076563
v 0.175000 0.455000 0.076563
v 0.175000 0.203437 0.175000
v 0.076563 0.105000 0.175000
v -0.076563 0.455000 0.175000
v -0.175000 0.105000 -0.098438
v -0.175000 0.181562 0.175000
v -0.175000 0.455000 0.098438
v -0.175000 0.378438 -0.175000
v 0.098438 0.105000 -0.175000
v -0.098438 0.455000 -0.175000
v 0.175000 0.378438 -0.175000
v 0.175000 0.105000 0.098438
v 0.175000 0.455000 -0.098438
v 0.175000 0.378438 0.175000
v -0.098438 0.105000 0.175000
v 0.098438 0.455000 0.175000
v 0.000000 0.455000 0.076563
v 0.000000 0.455000 -0.098438
v 0.076563 0.455000 0.000000
v -0.098438 0.455000 0.000000
v 0.000000 0.105000 0.076563
v 0.000000 0.105000 -0.098438
v -0.076563 0.105000 0.000000
v 0.098438 0.105000 0.000000
v -0.076563 0.280000 0.175000
v 0.098438 0.280000 0.175000
v 0.000000 0.203437 0.175000
v 0.000000 0.378438 0.175000
v 0.175000 0.280000 0.076563
v 0.175000 0.280000 -0.098438
v 0.175000 0.203437 0.000000
v 0.175000 0.378438 0.000000
v 0.076563 0.280000 -0.175000
v -0.098438 0.280000 -0.175000
v 0.000000 0.203437 -0.175000
v 0.000000 0.378438 -0.175000
v -0.175000 0.280000 -0.076563
v -0.175000 0.280000 0.098438
v -0.175000 0.203437 0.000000
v -0.175000 0.378438 0.000000
v -0.175000 0.367500 0.010938
v -0.175000 0.367500 0.098438
v -0.175000 0.290938 0.087500
v -0.175000 0.378438 0.087500
v -0.175000 0.192500 0.010938
v -0.175000 0.192500 0.098438
v -0.175000 0.115937 0.087500
v -0.175000 0.203437 0.087500
v -0.175000 0.192500 -0.164063
v -0.175000 0.192500 -0.076563
v -0.175000 0.115937 -0.087500
v -0.175000 0.203437 -0.087500
v -0.010938 0.367500 -0.175000
v -0.098438 0.367500 -0.175000
v -0.087500 0.290938 -0.175000
v -0.087500 0.378438 -0.175000
v -0.010938 0.192500 -0.175000
v -0.098438 0.192500 -0.175000
v -0.087500 0.115937 -0.175000
v -0.087500 0.203437 -0.175000
v 0.164063 0.192500 -0.175000
v 0.076563 0.192500 -0.175000
v 0.087500 0.115937 -0.175000
v 0.087500 0.203437 -0.175000
v 0.175000 0.367500 -0.010938
v 0.175000 0.367500 -0.098438
v 0.175000 0.290938 -0.087500
v 0.175000 0.378438 -0.087500
v 0.175000 0.192500 -0.010938
v 0.175000 0.192500 -0.098438
v 0.175000 0.115937 -0.087500
v 0.175000 0.203437 -0.087500
v 0.175000 0.192500 0.164063
v 0.175000 0.192500 0.076563
v 0.175000 0.115937 0.087500
v 0.175000 0.203437 0.087500
v 0.010938 0.367500 0.175000
v 0.098438 0.367500 0.175000
v 0.087500 0.290938 0.175000
v 0.087500 0.378438 0.175000
v 0.010938 0.192500 0.175000
v 0.098438 0.192500 0.175000
v 0.087500 0.115937 0.175000
v 0.087500 0.203437 0.175000
v -0.164063 0.192500 0.175000
v -0.076563 0.192500 0.175000
v -0.087500 0.115937 0.175000
v -0.087500 0.203437 0.175000
v 0.087500 0.105000 -0.010938
v 0.087500 0.105000 -0.098438
v 0.010938 0.105000 -0.087500
v 0.098438 0.105000 -0.087500
v -0.087500 0.105000 -0.010938
v -0.087500 0.105000 -0.098438
v -0.164063 0.105000 -0.087500
v -0.076563 0.105000 -0.087500
v -0.087500 0.105000 0.164063
v -0.087500 0.105000 0.076563
v -0.164063 0.105000 0.087500
v -0.076563 0.105000 0.087500
v -0.087500 0.455000 -0.010938
v -0.087500 0.455000 -0.098438
v -0.010938 0.455000 -0.087500
v -0.098438 0.455000 -0.087500
v 0.087500 0.455000 -0.010938
v 0.087500 0.455000 -0.098438
v 0.164063 0.455000 -0.087500
v 0.076563 0.455000 -0.087500
v 0.087500 0.455000 0.164063
v 0.087500 0.455000 0.076563
v 0.164063 0.455000 0.087500
v 0.076563 0.455000 0.087500
v -0.087500 0.455000 0.164063
v -0.087500 0.455000 0.076563
v -0.010938 0.455000 0.087500
v -0.098438 0.455000 0.087500
v 0.087500 0.105000 0.164063
v 0.087500 0.105000 0.076563
v 0.010938 0.105000 0.087500
v 0.098438 0.105000 0.087500
v -0.164063 0.367500 0.175000
v -0.076563 0.367500 0.175000
v -0.087500 0.290938 0.175000
v -0.087500 0.378438 0.175000
v 0.175000 0.367500 0.164063
v 0.175000 0.367500 0.076563
v 0.175000 0.290938 0.087500
v 0.175000 0.378438 0.087500
v 0.164063 0.367500 -0.175000
v 0.076563 0.367500 -0.175000
v 0.087500 0.290938 -0.175000
v 0.087500 0.378438 -0.175000
v -0.175000 0.367500 -0.164063
v -0.175000 0.367500 -0.076563
v -0.175000 0.290938 -0.087500
v -0.175000 0.378438 -0.087500
v -0.175000 0.105000 0.120313
v -0.175000 0.400313 0.175000
v -0.175000 0.455000 -0.120313
v -0.175000 0.159687 -0.175000
v -0.120313 0.105000 -0.175000
v 0.120313 0.455000 -0.175000
v 0.175000 0.159687 -0.175000
v 0.175000 0.105000 -0.120313
v 0.175000 0.455000 0.120313
v 0.175000 0.159687 0.175000
v 0.120313 0.105000 0.175000
v -0.120313 0.455000 0.175000
v -0.175000 0.105000 -0.054688
v -0.175000 0.225312 0.175000
v -0.175000 0.455000 0.054688
v -0.175000 0.334688 -0.175000
v 0.054688 0.105000 -0.175000
v -0.054688 0.455000 -0.175000
v 0.175000 0.334688 -0.175000
v 0.175000 0.105000 0.054688
v 0.175000 0.455000 -0.054688
v 0.175000 0.334688 0.175000
v -0.054688 0.105000 0.175000
v 0.054688 0.455000 0.175000
v 0.000000 0.455000 0.120313
v 0.000000 0.455000 -0.054688
v 0.120313 0.455000 0.000000
v -0.054688 0.455000 0.000000
v 0.000000 0.105000 0.120313
v 0.000000 0.105000 -0.054688
v -0.120313 0.105000 0.000000
v 0.054688 0.105000 0.000000
v -0.120313 0.280000 0.175000
v 0.054688 0.280000 0.175000
v 0.000000 0.159687 0.175000
v 0.000000 0.334688 0.175000
v 0.175000 0.280000 0.120313
v 0.175000 0.280000 -0.054688
v 0.175000 0.159687 0.000000
v 0.175000 0.334688 0.000000
v 0.120313 0.280000 -0.175000
v -0.054688 0.280000 -0.175000
v 0.000000 0.159687 -0.175000
v 0.000000 0.334688 -0.175000
v -0.175000 0.280000 -0.120313
v -0.175000 0.280000 0.054688
v -0.175000 0.159687 0.000000
v -0.175000 0.334688 0.000000
v -0.175000 0.105000 0.032813
v -0.175000 0.312813 0.175000
v -0.175000 0.455000 -0.032813
v -0.175000 0.247187 -0.175000
v -0.032813 0.105000 -0.175000
v 0.032813 0.455000 -0.175000
v 0.175000 0.247187 -0.175000
v 0.175000 0.105000 -0.032813
v 0.175000 0.455000 0.032813
v 0.175000 0.247187 0.175000
v 0.032813 0.105000 0.175000
v -0.032813 0.455000 0.175000
v -0.175000 0.105000 -0.142188
v -0.175000 0.137812 0.175000
v -0.175000 0.455000 0.142188
v -0.175000 0.422188 -0.175000
v 0.142188 0.105000 -0.175000
v -0.142188 0.455000 -0.175000
v 0.175000 0.422188 -0.175000
v 0.175000 0.105000 0.142188
v 0.175000 0.455000 -0.142188
v 0.175000 0.422188 0.175000
v -0.142188 0.105000 0.175000
v 0.142188 0.455000 0.175000
v 0.000000 0.455000 0.032813
v 0.000000 0.455000 -0.142188
v 0.032813 0.455000 0.000000
v -0.142188 0.455000 0.000000
v 0.000000 0.105000 0.032813
v 0.000000 0.105000 -0.142188
v -0.032813 0.105000 0.000000
v 0.142188 0.105000 0.000000
v -0.032813 0.280000 0.175000
v 0.142188 0.280000 0.175000
v 0.000000 0.247187 0.175000
v 0.000000 0.422188 0.175000
v 0.175000 0.280000 0.032813
v 0.175000 0.280000 -0.142188
v 0.175000 0.247187 0.000000
v 0.175000 0.422188 0.000000
v 0.032813 0.280000 -0.175000
v -0.142188 0.280000 -0.175000
v 0.000000 0.247187 -0.175000
v 0.000000 0.422188 -0.175000
v -0.175000 0.280000 -0.032813
v -0.175000 0.280000 0.142188
v -0.175000 0.247187 0.000000
v -0.175000 0.422188 0.000000
v -0.175000 0.367500 0.054688
v -0.175000 0.367500 0.142188
v -0.175000 0.334688 0.087500
v -0.175000 0.422188 0.087500
v -0.175000 0.192500 0.054688
v -0.175000 0.192500 0.142188
v -0.175000 0.159687 0.087500
v -0.175000 0.247187 0.087500
v -0.175000 0.192500 -0.120313
v -0.175000 0.192500 -0.032813
v -0.175000 0.159687 -0.087500
v -0.175000 0.247187 -0.087500
v -0.054688 0.367500 -0.175000
v -0.142188 0.367500 -0.175000
v -0.087500 0.334688 -0.175000
v -0.087500 0.422188 -0.175000
v -0.054688 0.192500 -0.175000
v -0.142188 0.192500 -0.175000
v -0.087500 0.159687 -0.175000
v -0.087500 0.247187 -0.175000
v 0.120313 0.192500 -0.175000
v 0.032813 0.192500 -0.175000
v 0.087500 0.159687 -0.175000
v 0.087500 0.247187 -0.175000
v 0.175000 0.367500 -0.054688
v 0.175000 0.367500 -0.142188
v 0.175000 0.334688 -0.087500
v 0.175000 0.422188 -0.087500
v 0.175000 0.192500 -0.054688
v 0.175000 0.192500 -0.142188
v 0.175000 0.159687 -0.087500
v 0.175000 0.247187 -0.087500
v 0.175000 0.192500 0.120313
v 0.175000 0.192500 0.032813
v 0.175000 0.159687 0.087500
v 0.175000 0.247187 0.087500
v 0.054688 0.367500 0.175000
v 0.142188 0.367500 0.175000
v 0.087500 0.334688 0.175000
v 0.087500 0.422188 0.175000
v 0.054688 0.192500 0.175000
v 0.142188 0.192500 0.175000
v 0.087500 0.159687 0.175000
v 0.087500 0.247187 0.175000
v -0.120313 0.192500 0.175000
v -0.032813 0.192500 0.175000
v -0.087500 0.159687 0.175000
v -0.087500 0.247187 0.175000
v 0.087500 0.105000 -0.054688
v 0.087500 0.105000 -0.142188
v 0.054688 0.105000 -0.087500
v 0.142188 0.105000 -0.087500
v -0.087500 0.105000 -0.054688
v -0.087500 0.105000 -0.142188
v -0.120313 0.105000 -0.087500
v -0.032813 0.105000 -0.087500
v -0.087500 0.105000 0.120313
v -0.087500 0.105000 0.032813
v -0.120313 0.105000 0.087500
v -0.032813 0.105000 0.087500
v -0.087500 0.455000 -0.054688
v -0.087500 0.455000 -0.142188
v -0.054688 0.455000 -0.087500
v -0.142188 0.455000 -0.087500
v 0.087500 0.455000 -0.054688
v 0.087500 0.455000 -0.142188
v 0.120313 0.455000 -0.087500
v 0.032813 0.455000 -0.087500
v 0.087500 0.455000 0.120313
v 0.087500 0.455000 0.032813
v 0.120313 0.455000 0.087500
v 0.032813 0.455000 0.087500
v -0.087500 0.455000 0.120313
v -0.087500 0.455000 0.032813
v -0.054688 0.455000 0.087500
v -0.142188 0.455000 0.087500
v 0.087500 0.105000 0.120313
v 0.087500 0.105000 0.032813
v 0.054688 0.105000 0.087500
v 0.142188 0.105000 0.087500
v -0.120313 0.367500 0.175000
v -0.032813 0.367500 0.175000
v -0.087500 0.334688 0.175000
v -0.087500 0.422188 0.175000
v 0.175000 0.367500 0.120313
v 0.175000 0.367500 0.032813
v 0.175000 0.334688 0.087500
v 0.175000 0.422188 0.087500
v 0.120313 0.367500 -0.175000
v 0.032813 0.367500 -0.175000
v 0.087500 0.334688 -0.175000
v 0.087500 0.422188 -0.175000
v -0.175000 0.367500 -0.120313
v -0.175000 0.367500 -0.032813
v -0.175000 0.334688 -0.087500
v -0.175000 0.422188 -0.087500
v -0.175000 0.411250 -0.076563
v -0.175000 0.411250 -0.032813
v -0.175000 0.378438 -0.043750
v -0.175000 0.422188 -0.043750
v -0.175000 0.323750 -0.076563
v -0.175000 0.323750 -0.032813
v -0.175000 0.290938 -0.043750
v -0.175000 0.334688 -0.043750
v -0.175000 0.323750 -0.164063
v -0.175000 0.323750 -0.120313
v -0.175000 0.290938 -0.131250
v -0.175000 0.334688 -0.131250
v 0.076563 0.411250 -0.175000
v 0.032813 0.411250 -0.175000
v 0.043750 0.378438 -0.175000
v 0.043750 0.422188 -0.175000
v 0.076563 0.323750 -0.175000
v 0.032813 0.323750 -0.175000
v 0.043750 0.290938 -0.175000
v 0.043750 0.334688 -0.175000
v 0.164063 0.323750 -0.175000
v 0.120313 0.323750 -0.175000
v 0.131250 0.290938 -0.175000
v 0.131250 0.334688 -0.175000
v 0.175000 0.411250 0.076563
v 0.175000 0.411250 0.032813
v 0.175000 0.378438 0.043750
v 0.175000 0.422188 0.043750
v 0.175000 0.323750 0.076563
v 0.175000 0.323750 0.032813
v 0.175000 0.290938 0.043750
v 0.175000 0.334688 0.043750
v 0.175000 0.323750 0.164063
v 0.175000 0.323750 0.120313
v 0.175000 0.290938 0.131250
v 0.175000 0.334688 0.131250
v -0.076563 0.411250 0.175000
v -0.032813 0.411250 0.175000
v -0.043750 0.378438 0.175000
v -0.043750 0.422188 0.175000
v -0.076563 0.323750 0.175000
v -0.032813 0.323750 0.175000
v -0.043750 0.290938 0.175000
v -0.043750 0.334688 0.175000
v -0.164063 0.323750 0.175000
v -0.120313 0.323750 0.175000
v -0.131250 0.290938 0.175000
v -0.131250 0.334688 0.175000
v 0.131250 0.105000 0.076563
v 0.131250 0.105000 0.032813
v 0.098438 0.105000 0.043750
v 0.142188 0.105000 0.043750
v 0.043750 0.105000 0.076563
v 0.043750 0.105000 0.032813
v 0.010938 0.105000 0.043750
v 0.054688 0.105000 0.043750
v 0.043750 0.105000 0.164063
v 0.043750 0.105000 0.120313
v 0.010938 0.105000 0.131250
v 0.054688 0.105000 0.131250
v -0.131250 0.455000 0.076563
v -0.131250 0.455000 0.032813
v -0.098438 0.455000 0.043750
v -0.142188 0.455000 0.043750
v -0.043750 0.455000 0.076563
v -0.043750 0.455000 0.032813
v -0.010938 0.455000 0.043750
v -0.054688 0.455000 0.043750
v -0.043750 0.455000 0.164063
v -0.043750 0.455000 0.120313
v -0.010938 0.455000 0.131250
v -0.054688 0.455000 0.131250
v 0.043750 0.455000 0.076563
v 0.043750 0.455000 0.032813
v 0.076563 0.455000 0.043750
v 0.032813 0.455000 0.043750
v 0.131250 0.455000 0.076563
v 0.131250 0.455000 0.032813
v 0.164063 0.455000 0.043750
v 0.120313 0.455000 0.043750
v 0.131250 0.455000 0.164063
v 0.131250 0.455000 0.120313
v 0.164063 0.455000 0.131250
v 0.120313 0.455000 0.131250
v 0.043750 0.455000 -0.098438
v 0.043750 0.455000 -0.142188
v 0.076563 0.455000 -0.131250
v 0.032813 0.455000 -0.131250
v 0.131250 0.455000 -0.098438
v 0.131250 0.455000 -0.142188
v 0.164063 0.455000 -0.131250
v 0.120313 0.455000 -0.131250
v 0.131250 0.455000 -0.010938
v 0.131250 0.455000 -0.054688
v 0.164063 0.455000 -0.043750
v 0.120313 0.455000 -0.043750
v -0.131250 0.455000 -0.098438
v -0.131250 0.455000 -0.142188
v -0.098438 0.455000 -0.131250
v -0.142188 0.455000 -0.131250
v -0.043750 0.455000 -0.098438
v -0.043750 0.455000 -0.142188
v -0.010938 0.455000 -0.131250
v -0.054688 0.455000 -0.131250
v -0.043750 0.455000 -0.010938
v -0.043750 0.455000 -0.054688
v -0.010938 0.455000 -0.043750
v -0.054688 0.455000 -0.043750
v -0.043750 0.105000 0.076563
v -0.043750 0.105000 0.032813
v -0.076563 0.105000 0.043750
v -0.032813 0.105000 0.043750
v -0.131250 0.105000 0.076563
v -0.131250 0.105000 0.032813
v -0.164063 0.105000 0.043750
v -0.120313 0.105000 0.043750
v -0.131250 0.105000 0.164063
v -0.131250 0.105000 0.120313
v -0.164063 0.105000 0.131250
v -0.120313 0.105000 0.131250
v -0.043750 0.105000 -0.098438
v -0.043750 0.105000 -0.142188
v -0.076563 0.105000 -0.131250
v -0.032813 0.105000 -0.131250
v -0.131250 0.105000 -0.098438
v -0.131250 0.105000 -0.142188
v -0.164063 0.105000 -0.131250
v -0.120313 0.105000 -0.131250
v -0.131250 0.105000 -0.010938
v -0.131250 0.105000 -0.054688
v -0.164063 0.105000 -0.043750
v -0.120313 0.105000 -0.043750
v 0.131250 0.105000 -0.098438
v 0.131250 0.105000 -0.142188
v 0.098438 0.105000 -0.131250
v 0.142188 0.105000 -0.131250
v 0.043750 0.105000 -0.098438
v 0.043750 0.105000 -0.142188
v 0.010938 0.105000 -0.131250
v 0.054688 0.105000 -0.131250
v 0.043750 0.105000 -0.010938
v 0.043750 0.105000 -0.054688
v 0.010938 0.105000 -0.043750
v 0.054688 0.105000 -0.043750
v -0.076563 0.236250 0.175000
v -0.032813 0.236250 0.175000
v -0.043750 0.203437 0.175000
v -0.043750 0.247187 0.175000
v -0.076563 0.148750 0.175000
v -0.032813 0.148750 0.175000
v -0.043750 0.115937 0.175000
v -0.043750 0.159687 0.175000
v -0.164063 0.148750 0.175000
v -0.120313 0.148750 0.175000
v -0.131250 0.115937 0.175000
v -0.131250 0.159687 0.175000
v 0.098438 0.236250 0.175000
v 0.142188 0.236250 0.175000
v 0.131250 0.203437 0.175000
v 0.131250 0.247187 0.175000
v 0.098438 0.148750 0.175000
v 0.142188 0.148750 0.175000
v 0.131250 0.115937 0.175000
v 0.131250 0.159687 0.175000
v 0.010938 0.148750 0.175000
v 0.054688 0.148750 0.175000
v 0.043750 0.115937 0.175000
v 0.043750 0.159687 0.175000
v 0.098438 0.411250 0.175000
v 0.142188 0.411250 0.175000
v 0.131250 0.378438 0.175000
v 0.131250 0.422188 0.175000
v 0.098438 0.323750 0.175000
v 0.142188 0.323750 0.175000
v 0.131250 0.290938 0.175000
v 0.131250 0.334688 0.175000
v 0.010938 0.323750 0.175000
v 0.054688 0.323750 0.175000
v 0.043750 0.290938 0.175000
v 0.043750 0.334688 0.175000
v 0.175000 0.236250 0.076563
v 0.175000 0.236250 0.032813
v 0.175000 0.203437 0.043750
v 0.175000 0.247187 0.043750
v 0.175000 0.148750 0.076563
v 0.175000 0.148750 0.032813
v 0.175000 0.115937 0.043750
v 0.175000 0.159687 0.043750
v 0.175000 0.148750 0.164063
v 0.175000 0.148750 0.120313
v 0.175000 0.115937 0.131250
v 0.175000 0.159687 0.131250
v 0.175000 0.236250 -0.098438
v 0.175000 0.236250 -0.142188
v 0.175000 0.203437 -0.131250
v 0.175000 0.247187 -0.131250
v 0.175000 0.148750 -0.098438
v 0.175000 0.148750 -0.142188
v 0.175000 0.115937 -0.131250
v 0.175000 0.159687 -0.131250
v 0.175000 0.148750 -0.010938
v 0.175000 0.148750 -0.054688
v 0.175000 0.115937 -0.043750
v 0.175000 0.159687 -0.043750
v 0.175000 0.411250 -0.098438
v 0.175000 0.411250 -0.142188
v 0.175000 0.378438 -0.131250
v 0.175000 0.422188 -0.131250
v 0.175000 0.323750 -0.098438
v 0.175000 0.323750 -0.142188
v 0.175000 0.290938 -0.131250
v 0.175000 0.334688 -0.131250
v 0.175000 0.323750 -0.010938
v 0.175000 0.323750 -0.054688
v 0.175000 0.290938 -0.043750
v 0.175000 0.334688 -0.043750
v 0.076563 0.236250 -0.175000
v 0.032813 0.236250 -0.175000
v 0.043750 0.203437 -0.175000
v 0.043750 0.247187 -0.175000
v 0.076563 0.148750 -0.175000
v 0.032813 0.148750 -0.175000
v 0.043750 0.115937 -0.175000
v 0.043750 0.159687 -0.175000
v 0.164063 0.148750 -0.175000
v 0.120313 0.148750 -0.175000
v 0.131250 0.115937 -0.175000
v 0.131250 0.159687 -0.175000
v -0.098438 0.236250 -0.175000
v -0.142188 0.236250 -0.175000
v -0.131250 0.203437 -0.175000
v -0.131250 0.247187 -0.175000
v -0.098438 0.148750 -0.175000
v -0.142188 0.148750 -0.175000
v -0.131250 0.115937 -0.175000
v -0.131250 0.159687 -0.175000
v -0.010938 0.148750 -0.175000
v -0.054688 0.148750 -0.175000
v -0.043750 0.115937 -0.175000
v -0.043750 0.159687 -0.175000
v -0.098438 0.411250 -0.175000
v -0.142188 0.411250 -0.175000
v -0.131250 0.378438 -0.175000
v -0.131250 0.422188 -0.175000
v -0.098438 0.323750 -0.175000
v -0.142188 0.323750 -0.175000
v -0.131250 0.290938 -0.175000
v -0.131250 0.334688 -0.175000
v -0.010938 0.323750 -0.175000
v -0.054688 0.323750 -0.175000
v -0.043750 0.290938 -0.175000
v -0.043750 0.334688 -0.175000
v -0.175000 0.236250 -0.076563
v -0.175000 0.236250 -0.032813
v -0.175000 0.203437 -0.043750
v -0.175000 0.247187 -0.043750
v -0.175000 0.148750 -0.076563
v -0.175000 0.148750 -0.032813
v -0.175000 0.115937 -0.043750
v -0.175000 0.159687 -0.043750
v -0.175000 0.148750 -0.164063
v -0.175000 0.148750 -0.120313
v -0.175000 0.115937 -0.131250
v -0.175000 0.159687 -0.131250
v -0.175000 0.236250 0.098438
v -0.175000 0.236250 0.142188
v -0.175000 0.203437 0.131250
v -0.175000 0.247187 0.131250
v -0.175000 0.148750 0.098438
v -0.175000 0.148750 0.142188
v -0.175000 0.115937 0.131250
v -0.175000 0.159687 0.131250
v -0.175000 0.148750 0.010938
v -0.175000 0.148750 0.054688
v -0.175000 0.115937 0.043750
v -0.175000 0.159687 0.043750
v -0.175000 0.411250 0.098438
v -0.175000 0.411250 0.142188
v -0.175000 0.378438 0.131250
v -0.175000 0.422188 0.131250
v -0.175000 0.323750 0.098438
v -0.175000 0.323750 0.142188
v -0.175000 0.290938 0.131250
v -0.175000 0.334688 0.131250
v -0.175000 0.323750 0.010938
v -0.175000 0.323750 0.054688
v -0.175000 0.290938 0.043750
v -0.175000 0.334688 0.043750
v -0.175000 0.411250 0.010938
v -0.175000 0.411250 0.054688
v -0.175000 0.378438 0.043750
v -0.175000 0.422188 0.043750
v -0.175000 0.236250 0.010938
v -0.175000 0.236250 0.054688
v -0.175000 0.203437 0.043750
v -0.175000 0.247187 0.043750
v -0.175000 0.236250 -0.164063
v -0.175000 0.236250 -0.120313
v -0.175000 0.203437 -0.131250
v -0.175000 0.247187 -0.131250
v -0.010938 0.411250 -0.175000
v -0.054688 0.411250 -0.175000
v -0.043750 0.378438 -0.175000
v -0.043750 0.422188 -0.175000
v -0.010938 0.236250 -0.175000
v -0.054688 0.236250 -0.175000
v -0.043750 0.203437 -0.175000
v -0.043750 0.247187 -0.175000
v 0.164063 0.236250 -0.175000
v 0.120313 0.236250 -0.175000
v 0.131250 0.203437 -0.175000
v 0.131250 0.247187 -0.175000
v 0.175000 0.411250 -0.010938
v 0.175000 0.411250 -0.054688
v 0.175000 0.378438 -0.043750
v 0.175000 0.422188 -0.043750
v 0.175000 0.236250 -0.010938
v 0.175000 0.236250 -0.054688
v 0.175000 0.203437 -0.043750
v 0.175000 0.247187 -0.043750
v 0.175000 0.236250 0.164063
v 0.175000 0.236250 0.120313
v 0.175000 0.203437 0.131250
v 0.175000 0.247187 0.131250
v 0.010938 0.411250 0.175000
v 0.054688 0.411250 0.175000
v 0.043750 0.378438 0.175000
v 0.043750 0.422188 0.175000
v 0.010938 0.236250 0.175000
v 0.054688 0.236250 0.175000
v 0.043750 0.203437 0.175000
v 0.043750 0.247187 0.175000
v -0.164063 0.236250 0.175000
v -0.120313 0.236250 0.175000
v -0.131250 0.203437 0.175000
v -0.131250 0.247187 0.175000
v 0.131250 0.105000 -0.010938
v 0.131250 0.105000 -0.054688
v 0.098438 0.105000 -0.043750
v 0.142188 0.105000 -0.043750
v -0.043750 0.105000 -0.010938
v -0.043750 0.105000 -0.054688
v -0.076563 0.105000 -0.043750
v -0.032813 0.105000 -0.043750
v -0.043750 0.105000 0.164063
v -0.043750 0.105000 0.120313
v -0.076563 0.105000 0.131250
v -0.032813 0.105000 0.131250
v -0.131250 0.455000 -0.010938
v -0.131250 0.455000 -0.054688
v -0.098438 0.455000 -0.043750
v -0.142188 0.455000 -0.043750
v 0.043750 0.455000 -0.010938
v 0.043750 0.455000 -0.054688
v 0.076563 0.455000 -0.043750
v 0.032813 0.455000 -0.043750
v 0.043750 0.455000 0.164063
v 0.043750 0.455000 0.120313
v 0.076563 0.455000 0.131250
v 0.032813 0.455000 0.131250
v -0.131250 0.455000 0.164063
v -0.131250 0.455000 0.120313
v -0.098438 0.455000 0.131250
v -0.142188 0.455000 0.131250
v 0.131250 0.105000 0.164063
v 0.131250 0.105000 0.120313
v 0.098438 0.105000 0.131250
v 0.142188 0.105000 0.131250
v -0.164063 0.411250 0.175000
v -0.120313 0.411250 0.175000
v -0.131250 0.378438 0.175000
v -0.131250 0.422188 0.175000
v 0.175000 0.411250 0.164063
v 0.175000 0.411250 0.120313
v 0.175000 0.378438 0.131250
v 0.175000 0.422188 0.131250
v 0.164063 0.411250 -0.175000
v 0.120313 0.411250 -0.175000
v 0.131250 0.378438 -0.175000
v 0.131250 0.422188 -0.175000
v -0.175000 0.411250 -0.164063
v -0.175000 0.411250 -0.120313
v -0.175000 0.378438 -0.131250
v -0.175000 0.422188 -0.131250
v -0.175000 0.105000 0.142188
v -0.175000 0.422188 0.175000
v -0.175000 0.455000 -0.142188
v -0.175000 0.137812 -0.175000
v -0.142188 0.105000 -0.175000
v 0.142188 0.455000 -0.175000
v 0.175000 0.137812 -0.175000
v 0.175000 0.105000 -0.142188
v 0.175000 0.455000 0.142188
v 0.175000 0.137812 0.175000
v 0.142188 0.105000 0.175000
v -0.142188 0.455000 0.175000
v -0.175000 0.105000 -0.032813
v -0.175000 0.247187 0.175000
v -0.175000 0.455000 0.032813
v -0.175000 0.312813 -0.175000
v 0.032813 0.105000 -0.175000
v -0.032813 0.455000 -0.175000
v 0.175000 0.312813 -0.175000
v 0.175000 0.105000 0.032813
v 0.175000 0.455000 -0.032813
v 0.175000 0.312813 0.175000
v -0.032813 0.105000 0.175000
v 0.032813 0.455000 0.175000
v 0.000000 0.455000 0.142188
v 0.000000 0.455000 -0.032813
v 0.142188 0.455000 0.000000
v -0.032813 0.455000 0.000000
v 0.000000 0.105000 0.142188
v 0.000000 0.105000 -0.032813
v -0.142188 0.105000 0.000000
v 0.032813 0.105000 0.000000
v -0.142188 0.280000 0.175000
v 0.032813 0.280000 0.175000
v 0.000000 0.137812 0.175000
v 0.000000 0.312813 0.175000
v 0.175000 0.280000 0.142188
v 0.175000 0.280000 -0.032813
v 0.175000 0.137812 0.000000
v 0.175000 0.312813 0.000000
v 0.142188 0.280000 -0.175000
v -0.032813 0.280000 -0.175000
v 0.000000 0.137812 -0.175000
v 0.000000 0.312813 -0.175000
v -0.175000 0.280000 -0.142188
v -0.175000 0.280000 0.032813
v -0.175000 0.137812 0.000000
v -0.175000 0.312813 0.000000
v -0.175000 0.105000 0.054688
v -0.175000 0.334688 0.175000
v -0.175000 0.455000 -0.054688
v -0.175000 0.225312 -0.175000
v -0.054688 0.105000 -0.175000
v 0.054688 0.455000 -0.175000
v 0.175000 0.225312 -0.175000
v 0.175000 0.105000 -0.054688
v 0.175000 0.455000 0.054688
v 0.175000 0.225312 0.175000
v 0.054688 0.105000 0.175000
v -0.054688 0.455000 0.175000
v -0.175000 0.105000 -0.120313
v -0.175000 0.159687 0.175000
v -0.175000 0.455000 0.120313
v -0.175000 0.400313 -0.175000
v 0.120313 0.105000 -0.175000
v -0.120313 0.455000 -0.175000
v 0.175000 0.400313 -0.175000
v 0.175000 0.105000 0.120313
v 0.175000 0.455000 -0.120313
v 0.175000 0.400313 0.175000
v -0.120313 0.105000 0.175000
v 0.120313 0.455000 0.175000
v 0.000000 0.455000 0.054688
v 0.000000 0.455000 -0.120313
v 0.054688 0.455000 0.000000
v -0.120313 0.455000 0.000000
v 0.000000 0.105000 0.054688
v 0.000000 0.105000 -0.120313
v -0.054688 0.105000 0.000000
v 0.120313 0.105000 0.000000
v -0.054688 0.280000 0.175000
v 0.120313 0.280000 0.175000
v 0.000000 0.225312 0.175000
v 0.000000 0.400313 0.175000
v 0.175000 0.280000 0.054688
v 0.175000 0.280000 -0.120313
v 0.175000 0.225312 0.000000
v 0.175000 0.400313 0.000000
v 0.054688 0.280000 -0.175000
v -0.120313 0.280000 -0.175000
v 0.000000 0.225312 -0.175000
v 0.000000 0.400313 -0.175000
v -0.175000 0.280000 -0.054688
v -0.175000 0.280000 0.120313
v -0.175000 0.225312 0.000000
v -0.175000 0.400313 0.000000
v -0.175000 0.367500 0.032813
v -0.175000 0.367500 0.120313
v -0.175000 0.312813 0.087500
v -0.175000 0.400313 0.087500
v -0.175000 0.192500 0.032813
v -0.175000 0.192500 0.120313
v -0.175000 0.137812 0.087500
v -0.175000 0.225312 0.087500
v -0.175000 0.192500 -0.142188
v -0.175000 0.192500 -0.054688
v -0.175000 0.137812 -0.087500
v -0.175000 0.225312 -0.087500
v -0.032813 0.367500 -0.175000
v -0.120313 0.367500 -0.175000
v -0.087500 0.312813 -0.175000
v -0.087500 0.400313 -0.175000
v -0.032813 0.192500 -0.175000
v -0.120313 0.192500 -0.175000
v -0.087500 0.137812 -0.175000
v -0.087500 0.225312 -0.175000
v 0.142188 0.192500 -0.175000
v 0.054688 0.192500 -0.175000
v 0.087500 0.137812 -0.175000
v 0.087500 0.225312 -0.175000
v 0.175000 0.367500 -0.032813
v 0.175000 0.367500 -0.120313
v 0.175000 0.312813 -0.087500
v 0.175000 0.400313 -0.087500
v 0.175000 0.192500 -0.032813
v 0.175000 0.192500 -0.120313
v 0.175000 0.137812 -0.087500
v 0.175000 0.225312 -0.087500
v 0.175000 0.192500 0.142188
v 0.175000 0.192500 0.054688
v 0.175000 0.137812 0.087500
v 0.175000 0.225312 0.087500
v 0.032813 0.367500 0.175000
v 0.120313 0.367500 0.175000
v 0.087500 0.312813 0.175000
v 0.087500 0.400313 0.175000
v 0.032813 0.192500 0.175000
v 0.120313 0.192500 0.175000
v 0.087500 0.137812 0.175000
v 0.087500 0.225312 0.175000
v -0.142188 0.192500 0.175000
v -0.054688 0.192500 0.175000
v -0.087500 0.137812 0.175000
v -0.087500 0.225312 0.175000
v 0.087500 0.105000 -0.032813
v 0.087500 0.105000 -0.120313
v 0.032813 0.105000 -0.087500
v 0.120313 0.105000 -0.087500
v -0.087500 0.105000 -0.032813
v -0.087500 0.105000 -0.120313
v -0.142188 0.105000 -0.087500
v -0.054688 0.105000 -0.087500
v -0.087500 0.105000 0.142188
v -0.087500 0.105000 0.054688
v -0.142188 0.105000 0.087500
v -0.054688 0.105000 0.087500
v -0.087500 0.455000 -0.032813
v -0.087500 0.455000 -0.120313
v -0.032813 0.455000 -0.087500
v -0.120313 0.455000 -0.087500
v 0.087500 0.455000 -0.032813
v 0.087500 0.455000 -0.120313
v 0.142188 0.455000 -0.087500
v 0.054688 0.455000 -0.087500
v 0.087500 0.455000 0.142188
v 0.087500 0.455000 0.054688
v 0.142188 0.455000 0.087500
v 0.054688 0.455000 0.087500
v -0.087500 0.455000 0.142188
v -0.087500 0.455000 0.054688
v -0.032813 0.455000 0.087500
v -0.120313 0.455000 0.087500
v 0.087500 0.105000 0.142188
v 0.087500 0.105000 0.054688
v 0.032813 0.105000 0.087500
v 0.120313 0.105000 0.087500
v -0.142188 0.367500 0.175000
v -0.054688 0.367500 0.175000
v -0.087500 0.312813 0.175000
v -0.087500 0.400313 0.175000
v 0.175000 0.367500 0.142188
v 0.175000 0.367500 0.054688
v 0.175000 0.312813 0.087500
v 0.175000 0.400313 0.087500
v 0.142188 0.367500 -0.175000
v 0.054688 0.367500 -0.175000
v 0.087500 0.312813 -0.175000
v 0.087500 0.400313 -0.175000
v -0.175000 0.367500 -0.142188
v -0.175000 0.367500 -0.054688
v -0.175000 0.312813 -0.087500
v -0.175000 0.400313 -0.087500
v -0.175000 0.105000 0.098438
v -0.175000 0.378438 0.175000
v -0.175000 0.455000 -0.098438
v -0.175000 0.181562 -0.175000
v -0.098438 0.105000 -0.175000
v 0.098438 0.455000 -0.175000
v 0.175000 0.181562 -0.175000
v 0.175000 0.105000 -0.098438
v 0.175000 0.455000 0.098438
v 0.175000 0.181562 0.175000
v 0.098438 0.105000 0.175000
v -0.098438 0.455000 0.175000
v -0.175000 0.105000 -0.076563
v -0.175000 0.203437 0.175000
v -0.175000 0.455000 0.076563
v -0.175000 0.356563 -0.175000
v 0.076563 0.105000 -0.175000
v -0.076563 0.455000 -0.175000
v 0.175000 0.356563 -0.175000
v 0.175000 0.105000 0.076563
v 0.175000 0.455000 -0.076563
v 0.175000 0.356563 0.175000
v -0.076563 0.105000 0.175000
v 0.076563 0.455000 0.175000
v 0.000000 0.455000 0.098438
v 0.000000 0.455000 -0.076563
v 0.098438 0.455000 0.000000
v -0.076563 0.455000 0.000000
v 0.000000 0.105000 0.098438
v 0.000000 0.105000 -0.076563
v -0.098438 0.105000 0.000000
v 0.076563 0.105000 0.000000
v -0.098438 0.280000 0.175000
v 0.076563 0.280000 0.175000
v 0.000000 0.181562 0.175000
v 0.000000 0.356563 0.175000
v 0.175000 0.280000 0.098438
v 0.175000 0.280000 -0.076563
v 0.175000 0.181562 0.000000
v 0.175000 0.356563 0.000000
v 0.098438 0.280000 -0.175000
v -0.076563 0.280000 -0.175000
v 0.000000 0.181562 -0.175000
v 0.000000 0.356563 -0.175000
v -0.175000 0.280000 -0.098438
v -0.175000 0.280000 0.076563
v -0.175000 0.181562 0.000000
v -0.175000 0.356563 0.000000
v -0.175000 0.105000 0.010938
v -0.175000 0.290938 0.175000
v -0.175000 0.455000 -0.010938
v -0.175000 0.269062 -0.175000
v -0.010938 0.105000 -0.175000
v 0.010938 0.455000 -0.175000
v 0.175000 0.269062 -0.175000
v 0.175000 0.105000 -0.010938
v 0.175000 0.455000 0.010938
v 0.175000 0.269062 0.175000
v 0.010938 0.105000 0.175000
v -0.010938 0.455000 0.175000
v -0.175000 0.105000 -0.164063
v -0.175000 0.115937 0.175000
v -0.175000 0.455000 0.164063
v -0.175000 0.444063 -0.175000
v 0.164063 0.105000 -0.175000
v -0.164063 0.455000 -0.175000
v 0.175000 0.444063 -0.175000
v 0.175000 0.105000 0.164063
v 0.175000 0.455000 -0.164063
v 0.175000 0.444063 0.175000
v -0.164063 0.105000 0.175000
v 0.164063 0.455000 0.175000
v 0.000000 0.455000 0.010938
v 0.000000 0.455000 -0.164063
v 0.010938 0.455000 0.000000
v -0.164063 0.455000 0.000000
v 0.000000 0.105000 0.010938
v 0.000000 0.105000 -0.164063
v -0.010938 0.105000 0.000000
v 0.164063 0.105000 0.000000
v -0.010938 0.280000 0.175000
v 0.164063 0.280000 0.175000
v 0.000000 0.269062 0.175000
v 0.000000 0.444063 0.175000
v 0.175000 0.280000 0.010938
v 0.175000 0.280000 -0.164063
v 0.175000 0.269062 0.000000
v 0.175000 0.444063 0.000000
v 0.010938 0.280000 -0.175000
v -0.164063 0.280000 -0.175000
v 0.000000 0.269062 -0.175000
v 0.000000 0.444063 -0.175000
v -0.175000 0.280000 -0.010938
v -0.175000 0.280000 0.164063
v -0.175000 0.269062 0.000000
v -0.175000 0.444063 0.000000
v -0.175000 0.367500 0.076563
v -0.175000 0.367500 0.164063
v -0.175000 0.356563 0.087500
v -0.175000 0.444063 0.087500
v -0.175000 0.192500 0.076563
v -0.175000 0.192500 0.164063
v -0.175000 0.181562 0.087500
v -0.175000 0.269062 0.087500
v -0.175000 0.192500 -0.098438
v -0.175000 0.192500 -0.010938
v -0.175000 0.181562 -0.087500
v -0.175000 0.269062 -0.087500
v -0.076563 0.367500 -0.175000
v -0.164063 0.367500 -0.175000
v -0.087500 0.356563 -0.175000
v -0.087500 0.444063 -0.175000
v -0.076563 0.192500 -0.175000
v -0.164063 0.192500 -0.175000
v -0.087500 0.181562 -0.175000
v -0.087500 0.269062 -0.175000
v 0.098438 0.192500 -0.175000
v 0.010938 0.192500 -0.175000
v 0.087500 0.181562 -0.175000
v 0.087500 0.269062 -0.175000
v 0.175000 0.367500 -0.076563
v 0.175000 0.367500 -0.164063
v 0.175000 0.356563 -0.087500
v 0.175000 0.444063 -0.087500
v 0.175000 0.192500 -0.076563
v 0.175000 0.192500 -0.164063
v 0.175000 0.181562 -0.087500
v 0.175000 0.269062 -0.087500
v 0.175000 0.192500 0.098438
v 0.175000 0.192500 0.010938
v 0.175000 0.181562 0.087500
v 0.175000 0.269062 0.087500
v 0.076563 0.367500 0.175000
v 0.164063 0.367500 0.175000
v 0.087500 0.356563 0.175000
v 0.087500 0.444063 0.175000
v 0.076563 0.192500 0.175000
v 0.164063 0.192500 0.175000
v 0.087500 0.181562 0.175000
v 0.087500 0.269062 0.175000
v -0.098438 0.192500 0.175000
v -0.010938 0.192500 0.175000
v -0.087500 0.181562 0.175000
v -0.087500 0.269062 0.175000
v 0.087500 0.105000 -0.076563
v 0.087500 0.105000 -0.164063
v 0.076563 0.105000 -0.087500
v 0.164063 0.105000 -0.087500
v -0.087500 0.105000 -0.076563
v -0.087500 0.105000 -0.164063
v -0.098438 0.105000 -0.087500
v -0.010938 0.105000 -0.087500
v -0.087500 0.105000 0.098438
v -0.087500 0.105000 0.010938
v -0.098438 0.105000 0.087500
v -0.010938 0.105000 0.087500
v -0.087500 0.455000 -0.076563
v -0.087500 0.455000 -0.164063
v -0.076563 0.455000 -0.087500
v -0.164063 0.455000 -0.087500
v 0.087500 0.455000 -0.076563
v 0.087500 0.455000 -0.164063
v 0.098438 0.455000 -0.087500
v 0.010938 0.455000 -0.087500
v 0.087500 0.455000 0.098438
v 0.087500 0.455000 0.010938
v 0.098438 0.455000 0.087500
v 0.010938 0.455000 0.087500
v -0.087500 0.455000 0.098438
v -0.087500 0.455000 0.010938
v -0.076563 0.455000 0.087500
v -0.164063 0.455000 0.087500
v 0.087500 0.105000 0.098438
v 0.087500 0.105000 0.010938
v 0.076563 0.105000 0.087500
v 0.164063 0.105000 0.087500
v -0.098438 0.367500 0.175000
v -0.010938 0.367500 0.175000
v -0.087500 0.356563 0.175000
v -0.087500 0.444063 0.175000
v 0.175000 0.367500 0.098438
v 0.175000 0.367500 0.010938
v 0.175000 0.356563 0.087500
v 0.175000 0.444063 0.087500
v 0.098438 0.367500 -0.175000
v 0.010938 0.367500 -0.175000
v 0.087500 0.356563 -0.175000
v 0.087500 0.444063 -0.175000
v -0.175000 0.367500 -0.098438
v -0.175000 0.367500 -0.010938
v -0.175000 0.356563 -0.087500
v -0.175000 0.444063 -0.087500
v -0.175000 0.411250 -0.054688
v -0.175000 0.411250 -0.010938
v -0.175000 0.400313 -0.043750
v -0.175000 0.444063 -0.043750
v -0.175000 0.323750 -0.054688
v -0.175000 0.323750 -0.010938
v -0.175000 0.312813 -0.043750
v -0.175000 0.356563 -0.043750
v -0.175000 0.323750 -0.142188
v -0.175000 0.323750 -0.098438
v -0.175000 0.312813 -0.131250
v -0.175000 0.356563 -0.131250
v 0.054688 0.411250 -0.175000
v 0.010938 0.411250 -0.175000
v 0.043750 0.400313 -0.175000
v 0.043750 0.444063 -0.175000
v 0.054688 0.323750 -0.175000
v 0.010938 0.323750 -0.175000
v 0.043750 0.312813 -0.175000
v 0.043750 0.356563 -0.175000
v 0.142188 0.323750 -0.175000
v 0.098438 0.323750 -0.175000
v 0.131250 0.312813 -0.175000
v 0.131250 0.356563 -0.175000
v 0.175000 0.411250 0.054688
v 0.175000 0.411250 0.010938
v 0.175000 0.400313 0.043750
v 0.175000 0.444063 0.043750
v 0.175000 0.323750 0.054688
v 0.175000 0.323750 0.010938
v 0.175000 0.312813 0.043750
v 0.175000 0.356563 0.043750
v 0.175000 0.323750 0.142188
v 0.175000 0.323750 0.098438
v 0.175000 0.312813 0.131250
v 0.175000 0.356563 0.131250
v -0.054688 0.411250 0.175000
v -0.010938 0.411250 0.175000
v -0.043750 0.400313 0.175000
v -0.043750 0.444063 0.175000
v -0.054688 0.323750 0.175000
v -0.010938 0.323750 0.175000
v -0.043750 0.312813 0.175000
v -0.043750 0.356563 0.175000
v -0.142188 0.323750 0.175000
v -0.098438 0.323750 0.175000
v -0.131250 0.312813 0.175000
v -0.131250 0.356563 0.175000
v 0.131250 0.105000 0.054688
v 0.131250 0.105000 0.010938
v 0.120313 0.105000 0.043750
v 0.164063 0.105000 0.043750
v 0.043750 0.105000 0.054688
v 0.043750 0.105000 0.010938
v 0.032813 0.105000 0.043750
v 0.076563 0.105000 0.043750
v 0.043750 0.105000 0.142188
v 0.043750 0.105000 0.098438
v 0.032813 0.105000 0.131250
v 0.076563 0.105000 0.131250
v -0.131250 0.455000 0.054688
v -0.131250 0.455000 0.010938
v -0.120313 0.455000 0.043750
v -0.164063 0.455000 0.043750
v -0.043750 0.455000 0.054688
v -0.043750 0.455000 0.010938
v -0.032813 0.455000 0.043750
v -0.076563 0.455000 0.043750
v -0.043750 0.455000 0.142188
v -0.043750 0.455000 0.098438
v -0.032813 0.455000 0.131250
v -0.076563 0.455000 0.131250
v 0.043750 0.455000 0.054688
v 0.043750 0.455000 0.010938
v 0.054688 0.455000 0.043750
v 0.010938 0.455000 0.043750
v 0.131250 0.455000 0.054688
v 0.131250 0.455000 0.010938
v 0.142188 0.455000 0.043750
v 0.098438 0.455000 0.043750
v 0.131250 0.455000 0.142188
v 0.131250 0.455000 0.098438
v 0.142188 0.455000 0.131250
v 0.098438 0.455000 0.131250
v 0.043750 0.455000 -0.120313
v 0.043750 0.455000 -0.164063
v 0.054688 0.455000 -0.131250
v 0.010938 0.455000 -0.131250
v 0.131250 0.455000 -0.120313
v 0.131250 0.455000 -0.164063
v 0.142188 0.455000 -0.131250
v 0.098438 0.455000 -0.131250
v 0.131250 0.455000 -0.032813
v 0.131250 0.455000 -0.076563
v 0.142188 0.455000 -0.043750
v 0.098438 0.455000 -0.043750
v -0.131250 0.455000 -0.120313
v -0.131250 0.455000 -0.164063
v -0.120313 0.455000 -0.131250
v -0.164063 0.455000 -0.131250
v -0.043750 0.455000 -0.120313
v -0.043750 0.455000 -0.164063
v -0.032813 0.455000 -0.131250
v -0.076563 0.455000 -0.131250
v -0.043750 0.455000 -0.032813
v -0.043750 0.455000 -0.076563
v -0.032813 0.455000 -0.043750
v -0.076563 0.455000 -0.043750
v -0.043750 0.105000 0.054688
v -0.043750 0.105000 0.010938
v -0.054688 0.105000 0.043750
v -0.010938 0.105000 0.043750
v -0.131250 0.105000 0.054688
v -0.131250 0.105000 0.010938
v -0.142188 0.105000 0.043750
v -0.098438 0.105000 0.043750
v -0.131250 0.105000 0.142188
v -0.131250 0.105000 0.098438
v -0.142188 0.105000 0.131250
v -0.098438 0.105000 0.131250
v -0.043750 0.105000 -0.120313
v -0.043750 0.105000 -0.164063
v -0.054688 0.105000 -0.131250
v -0.010938 0.105000 -0.131250
v -0.131250 0.105000 -0.120313
v -0.131250 0.105000 -0.164063
v -0.142188 0.105000 -0.131250
v -0.098438 0.105000 -0.131250
v -0.131250 0.105000 -0.032813
v -0.131250 0.105000 -0.076563
v -0.142188 0.105000 -0.043750
v -0.098438 0.105000 -0.043750
v 0.131250 0.105000 -0.120313
v 0.131250 0.105000 -0.164063
v 0.120313 0.105000 -0.131250
v 0.164063 0.105000 -0.131250
v 0.043750 0.105000 -0.120313
v 0.043750 0.105000 -0.164063
v 0.032813 0.105000 -0.131250
v 0.076563 0.105000 -0.131250
v 0.043750 0.105000 -0.032813
v 0.043750 0.105000 -0.076563
v 0.032813 0.105000 -0.043750
v 0.076563 0.105000 -0.043750
v -0.054688 0.236250 0.175000
v -0.010938 0.236250 0.175000
v -0.043750 0.225312 0.175000
v -0.043750 0.269062 0.175000
v -0.054688 0.148750 0.175000
v -0.010938 0.148750 0.175000
v -0.043750 0.137812 0.175000
v -0.043750 0.181562 0.175000
v -0.142188 0.148750 0.175000
v -0.098438 0.148750 0.175000
v -0.131250 0.137812 0.175000
v -0.131250 0.181562 0.175000
v 0.120313 0.236250 0.175000
v 0.164063 0.236250 0.175000
v 0.131250 0.225312 0.175000
v 0.131250 0.269062 0.175000
v 0.120313 0.148750 0.175000
v 0.164063 0.148750 0.175000
v 0.131250 0.137812 0.175000
v 0.131250 0.181562 0.175000
v 0.032813 0.148750 0.175000
v 0.076563 0.148750 0.175000
v 0.043750 0.137812 0.175000
v 0.043750 0.181562 0.175000
v 0.120313 0.411250 0.175000
v 0.164063 0.411250 0.175000
v 0.131250 0.400313 0.175000
v 0.131250 0.444063 0.175000
v 0.120313 0.323750 0.175000
v 0.164063 0.323750 0.175000
v 0.131250 0.312813 0.175000
v 0.131250 0.356563 0.175000
v 0.032813 0.323750 0.175000
v 0.076563 0.323750 0.175000
v 0.043750 0.312813 0.175000
v 0.043750 0.356563 0.175000
v 0.175000 0.236250 0.054688
v 0.175000 0.236250 0.010938
v 0.175000 0.225312 0.043750
v 0.175000 0.269062 0.043750
v 0.175000 0.148750 0.054688
v 0.175000 0.148750 0.010938
v 0.175000 0.137812 0.043750
v 0.175000 0.181562 0.043750
v 0.175000 0.148750 0.142188
v 0.175000 0.148750 0.098438
v 0.175000 0.137812 0.131250
v 0.175000 0.181562 0.131250
v 0.175000 0.236250 -0.120313
v 0.175000 0.236250 -0.164063
v 0.175000 0.225312 -0.131250
v 0.175000 0.269062 -0.131250
v 0.175000 0.148750 -0.120313
v 0.175000 0.148750 -0.164063
v 0.175000 0.137812 -0.131250
v 0.175000 0.181562 -0.131250
v 0.175000 0.148750 -0.032813
v 0.175000 0.148750 -0.076563
v 0.175000 0.137812 -0.043750
v 0.175000 0.181562 -0.043750
v 0.175000 0.411250 -0.120313
v 0.175000 0.411250 -0.164063
v 0.175000 0.400313 -0.131250
v 0.175000 0.444063 -0.131250
v 0.175000 0.323750 -0.120313
v 0.175000 0.323750 -0.164063
v 0.175000 0.312813 -0.131250
v 0.175000 0.356563 -0.131250
v 0.175000 0.323750 -0.032813
v 0.175000 0.323750 -0.076563
v 0.175000 0.312813 -0.043750
v 0.175000 0.356563 -0.043750
v 0.054688 0.236250 -0.175000
v 0.010938 0.236250 -0.175000
v 0.043750 0.225312 -0.175000
v 0.043750 0.269062 -0.175000
v 0.054688 0.148750 -0.175000
v 0.010938 0.148750 -0.175000
v 0.043750 0.137812 -0.175000
v 0.043750 0.181562 -0.175000
v 0.142188 0.148750 -0.175000
v 0.098438 0.148750 -0.175000
v 0.131250 0.137812 -0.175000
v 0.131250 0.181562 -0.175000
v -0.120313 0.236250 -0.175000
v -0.164063 0.236250 -0.175000
v -0.131250 0.225312 -0.175000
v -0.131250 0.269062 -0.175000
v -0.120313 0.148750 -0.175000
v -0.164063 0.148750 -0.175000
v -0.131250 0.137812 -0.175000
v -0.131250 0.181562 -0.175000
v -0.032813 0.148750 -0.175000
v -0.076563 0.148750 -0.175000
v -0.043750 0.137812 -0.175000
v -0.043750 0.181562 -0.175000
v -0.120313 0.411250 -0.175000
v -0.164063 0.411250 -0.175000
v -0.131250 0.400313 -0.175000
v -0.131250 0.444063 -0.175000
v -0.120313 0.323750 -0.175000
v -0.164063 0.323750 -0.175000
v -0.131250 0.312813 -0.175000
v -0.131250 0.356563 -0.175000
v -0.032813 0.323750 -0.175000
v -0.076563 0.323750 -0.175000
v -0.043750 0.312813 -0.175000
v -0.043750 0.356563 -0.175000
v -0.175000 0.236250 -0.054688
v -0.175000 0.236250 -0.010938
v -0.175000 0.225312 -0.043750
v -0.175000 0.269062 -0.043750
v -0.175000 0.148750 -0.054688
v -0.175000 0.148750 -0.010938
v -0.175000 0.137812 -0.043750
v -0.175000 0.181562 -0.043750
v -0.175000 0.148750 -0.142188
v -0.175000 0.148750 -0.098438
v -0.175000 0.137812 -0.131250
v -0.175000 0.181562 -0.131250
v -0.175000 0.236250 0.120313
v -0.175000 0.236250 0.164063
v -0.175000 0.225312 0.131250
v -0.175000 0.269062 0.131250
v -0.175000 0.148750 0.120313
v -0.175000 0.148750 0.164063
v -0.175000 0.137812 0.131250
v -0.175000 0.181562 0.131250
v -0.175000 0.148750 0.032813
v -0.175000 0.148750 0.076563
v -0.175000 0.137812 0.043750
v -0.175000 0.181562 0.043750
v -0.175000 0.411250 0.120313
v -0.175000 0.411250 0.164063
v -0.175000 0.400313 0.131250
v -0.175000 0.444063 0.131250
v -0.175000 0.323750 0.120313
v -0.175000 0.323750 0.164063
v -0.175000 0.312813 0.131250
v -0.175000 0.356563 0.131250
v -0.175000 0.323750 0.032813
v -0.175000 0.323750 0.076563
v -0.175000 0.312813 0.043750
v -0.175000 0.356563 0.043750
v -0.175000 0.411250 0.032813
v -0.175000 0.411250 0.076563
v -0.175000 0.400313 0.043750
v -0.175000 0.444063 0.043750
v -0.175000 0.236250 0.032813
v -0.175000 0.236250 0.076563
v -0.175000 0.225312 0.043750
v -0.175000 0.269062 0.043750
v -0.175000 0.236250 -0.142188
v -0.175000 0.236250 -0.098438
v -0.175000 0.225312 -0.131250
v -0.175000 0.269062 -0.131250
v -0.032813 0.411250 -0.175000
v -0.076563 0.411250 -0.175000
v -0.043750 0.400313 -0.175000
v -0.043750 0.444063 -0.175000
v -0.032813 0.236250 -0.175000
v -0.076563 0.236250 -0.175000
v -0.043750 0.225312 -0.175000
v -0.043750 0.269062 -0.175000
v 0.142188 0.236250 -0.175000
v 0.098438 0.236250 -0.175000
v 0.131250 0.225312 -0.175000
v 0.131250 0.269062 -0.175000
v 0.175000 0.411250 -0.032813
v 0.175000 0.411250 -0.076563
v 0.175000 0.400313 -0.043750
v 0.175000 0.444063 -0.043750
v 0.175000 0.236250 -0.032813
v 0.175000 0.236250 -0.076563
v 0.175000 0.225312 -0.043750
v 0.175000 0.269062 -0.043750
v 0.175000 0.236250 0.142188
v 0.175000 0.236250 0.098438
v 0.175000 0.225312 0.131250
v 0.175000 0.269062 0.131250
v 0.032813 0.411250 0.175000
v 0.076563 0.411250 0.175000
v 0.043750 0.400313 0.175000
v 0.043750 0.444063 0.175000
v 0.032813 0.236250 0.175000
v 0.076563 0.236250 0.175000
v 0.043750 0.225312 0.175000
v 0.043750 0.269062 0.175000
v -0.142188 0.236250 0.175000
v -0.098438 0.236250 0.175000
v -0.131250 0.225312 0.175000
v -0.131250 0.269062 0.175000
v 0.131250 0.105000 -0.032813
v 0.131250 0.105000 -0.076563
v 0.120313 0.105000 -0.043750
v 0.164063 0.105000 -0.043750
v -0.043750 0.105000 -0.032813
v -0.043750 0.105000 -0.076563
v -0.054688 0.105000 -0.043750
v -0.010938 0.105000 -0.043750
v -0.043750 0.105000 0.142188
v -0.043750 0.105000 0.098438
v -0.054688 0.105000 0.131250
v -0.010938 0.105000 0.131250
v -0.131250 0.455000 -0.032813
v -0.131250 0.455000 -0.076563
v -0.120313 0.455000 -0.043750
v -0.164063 0.455000 -0.043750
v 0.043750 0.455000 -0.032813
v 0.043750 0.455000 -0.076563
v 0.054688 0.455000 -0.043750
v 0.010938 0.455000 -0.043750
v 0.043750 0.455000 0.142188
v 0.043750 0.455000 0.098438
v 0.054688 0.455000 0.131250
v 0.010938 0.455000 0.131250
v -0.131250 0.455000 0.142188
v -0.131250 0.455000 0.098438
v -0.120313 0.455000 0.131250
v -0.164063 0.455000 0.131250
v 0.131250 0.105000 0.142188
v 0.131250 0.105000 0.098438
v 0.120313 0.105000 0.131250
v 0.164063 0.105000 0.131250
v -0.142188 0.411250 0.175000
v -0.098438 0.411250 0.175000
v -0.131250 0.400313 0.175000
v -0.131250 0.444063 0.175000
v 0.175000 0.411250 0.142188
v 0.175000 0.411250 0.098438
v 0.175000 0.400313 0.131250
v 0.175000 0.444063 0.131250
v 0.142188 0.411250 -0.175000
v 0.098438 0.411250 -0.175000
v 0.131250 0.400313 -0.175000
v 0.131250 0.444063 -0.175000
v -0.175000 0.411250 -0.142188
v -0.175000 0.411250 -0.098438
v -0.175000 0.400313 -0.131250
v -0.175000 0.444063 -0.131250
v -0.175000 0.433125 -0.120313
v -0.175000 0.433125 -0.098438
v -0.175000 0.422188 -0.109375
v -0.175000 0.444063 -0.109375
v -0.175000 0.389375 -0.120313
v -0.175000 0.389375 -0.098438
v -0.175000 0.378438 -0.109375
v -0.175000 0.400313 -0.109375
v -0.175000 0.389375 -0.164063
v -0.175000 0.389375 -0.142188
v -0.175000 0.378438 -0.153125
v -0.175000 0.400313 -0.153125
v 0.120313 0.433125 -0.175000
v 0.098438 0.433125 -0.175000
v 0.109375 0.422188 -0.175000
v 0.109375 0.444063 -0.175000
v 0.120313 0.389375 -0.175000
v 0.098438 0.389375 -0.175000
v 0.109375 0.378438 -0.175000
v 0.109375 0.400313 -0.175000
v 0.164063 0.389375 -0.175000
v 0.142188 0.389375 -0.175000
v 0.153125 0.378438 -0.175000
v 0.153125 0.400313 -0.175000
v 0.175000 0.433125 0.120313
v 0.175000 0.433125 0.098438
v 0.175000 0.422188 0.109375
v 0.175000 0.444063 0.109375
v 0.175000 0.389375 0.120313
v 0.175000 0.389375 0.098438
v 0.175000 0.378438 0.109375
v 0.175000 0.400313 0.109375
v 0.175000 0.389375 0.164063
v 0.175000 0.389375 0.142188
v 0.175000 0.378438 0.153125
v 0.175000 0.400313 0.153125
v -0.120313 0.433125 0.175000
v -0.098438 0.433125 0.175000
v -0.109375 0.422188 0.175000
v -0.109375 0.444063 0.175000
v -0.120313 0.389375 0.175000
v -0.098438 0.389375 0.175000
v -0.109375 0.378438 0.175000
v -0.109375 0.400313 0.175000
v -0.164063 0.389375 0.175000
v -0.142188 0.389375 0.175000
v -0.153125 0.378438 0.175000
v -0.153125 0.400313 0.175000
v 0.153125 0.105000 0.120313
v 0.153125 0.105000 0.098438
v 0.142188 0.105000 0.109375
v 0.164063 0.105000 0.109375
v 0.109375 0.105000 0.120313
v 0.109375 0.105000 0.098438
v 0.098438 0.105000 0.109375
v 0.120313 0.105000 0.109375
v 0.109375 0.105000 0.164063
v 0.109375 0.105000 0.142188
v 0.098438 0.105000 0.153125
v 0.120313 0.105000 0.153125
v -0.153125 0.455000 0.120313
v -0.153125 0.455000 0.098438
v -0.142188 0.455000 0.109375
v -0.164063 0.455000 0.109375
v -0.109375 0.455000 0.120313
v -0.109375 0.455000 0.098438
v -0.098438 0.455000 0.109375
v -0.120313 0.455000 0.109375
v -0.109375 0.455000 0.164063
v -0.109375 0.455000 0.142188
v -0.098438 0.455000 0.153125
v -0.120313 0.455000 0.153125
v 0.021875 0.455000 0.120313
v 0.021875 0.455000 0.098438
v 0.032813 0.455000 0.109375
v 0.010938 0.455000 0.109375
v 0.065625 0.455000 0.120313
v 0.065625 0.455000 0.098438
v 0.076563 0.455000 0.109375
v 0.054688 0.455000 0.109375
v 0.065625 0.455000 0.164063
v 0.065625 0.455000 0.142188
v 0.076563 0.455000 0.153125
v 0.054688 0.455000 0.153125
v 0.021875 0.455000 -0.054688
v 0.021875 0.455000 -0.076563
v 0.032813 0.455000 -0.065625
v 0.010938 0.455000 -0.065625
v 0.065625 0.455000 -0.054688
v 0.065625 0.455000 -0.076563
v 0.076563 0.455000 -0.065625
v 0.054688 0.455000 -0.065625
v 0.065625 0.455000 -0.010938
v 0.065625 0.455000 -0.032813
v 0.076563 0.455000 -0.021875
v 0.054688 0.455000 -0.021875
v -0.153125 0.455000 -0.054688
v -0.153125 0.455000 -0.076563
v -0.142188 0.455000 -0.065625
v -0.164063 0.455000 -0.065625
v -0.109375 0.455000 -0.054688
v -0.109375 0.455000 -0.076563
v -0.098438 0.455000 -0.065625
v -0.120313 0.455000 -0.065625
v -0.109375 0.455000 -0.010938
v -0.109375 0.455000 -0.032813
v -0.098438 0.455000 -0.021875
v -0.120313 0.455000 -0.021875
v -0.021875 0.105000 0.120313
v -0.021875 0.105000 0.098438
v -0.032813 0.105000 0.109375
v -0.010938 0.105000 0.109375
v -0.065625 0.105000 0.120313
v -0.065625 0.105000 0.098438
v -0.076563 0.105000 0.109375
v -0.054688 0.105000 0.109375
v -0.065625 0.105000 0.164063
v -0.065625 0.105000 0.142188
v -0.076563 0.105000 0.153125
v -0.054688 0.105000 0.153125
v -0.021875 0.105000 -0.054688
v -0.021875 0.105000 -0.076563
v -0.032813 0.105000 -0.065625
v -0.010938 0.105000 -0.065625
v -0.065625 0.105000 -0.054688
v -0.065625 0.105000 -0.076563
v -0.076563 0.105000 -0.065625
v -0.054688 0.105000 -0.065625
v -0.065625 0.105000 -0.010938
v -0.065625 0.105000 -0.032813
v -0.076563 0.105000 -0.021875
v -0.054688 0.105000 -0.021875
v 0.153125 0.105000 -0.054688
v 0.153125 0.105000 -0.076563
v 0.142188 0.105000 -0.065625
v 0.164063 0.105000 -0.065625
v 0.109375 0.105000 -0.054688
v 0.109375 0.105000 -0.076563
v 0.098438 0.105000 -0.065625
v 0.120313 0.105000 -0.065625
v 0.109375 0.105000 -0.010938
v 0.109375 0.105000 -0.032813
v 0.098438 0.105000 -0.021875
v 0.120313 0.105000 -0.021875
v -0.120313 0.258125 0.175000
v -0.098438 0.258125 0.175000
v -0.109375 0.247187 0.175000
v -0.109375 0.269062 0.175000
v -0.120313 0.214375 0.175000
v -0.098438 0.214375 0.175000
v -0.109375 0.203437 0.175000
v -0.109375 0.225312 0.175000
v -0.164063 0.214375 0.175000
v -0.142188 0.214375 0.175000
v -0.153125 0.203437 0.175000
v -0.153125 0.225312 0.175000
v 0.054688 0.258125 0.175000
v 0.076563 0.258125 0.175000
v 0.065625 0.247187 0.175000
v 0.065625 0.269062 0.175000
v 0.054688 0.214375 0.175000
v 0.076563 0.214375 0.175000
v 0.065625 0.203437 0.175000
v 0.065625 0.225312 0.175000
v 0.010938 0.214375 0.175000
v 0.032813 0.214375 0.175000
v 0.021875 0.203437 0.175000
v 0.021875 0.225312 0.175000
v 0.054688 0.433125 0.175000
v 0.076563 0.433125 0.175000
v 0.065625 0.422188 0.175000
v 0.065625 0.444063 0.175000
v 0.054688 0.389375 0.175000
v 0.076563 0.389375 0.175000
v 0.065625 0.378438 0.175000
v 0.065625 0.400313 0.175000
v 0.010938 0.389375 0.175000
v 0.032813 0.389375 0.175000
v 0.021875 0.378438 0.175000
v 0.021875 0.400313 0.175000
v 0.175000 0.258125 0.120313
v 0.175000 0.258125 0.098438
v 0.175000 0.247187 0.109375
v 0.175000 0.269062 0.109375
v 0.175000 0.214375 0.120313
v 0.175000 0.214375 0.098438
v 0.175000 0.203437 0.109375
v 0.175000 0.225312 0.109375
v 0.175000 0.214375 0.164063
v 0.175000 0.214375 0.142188
v 0.175000 0.203437 0.153125
v 0.175000 0.225312 0.153125
v 0.175000 0.258125 -0.054688
v 0.175000 0.258125 -0.076563
v 0.175000 0.247187 -0.065625
v 0.175000 0.269062 -0.065625
v 0.175000 0.214375 -0.054688
v 0.175000 0.214375 -0.076563
v 0.175000 0.203437 -0.065625
v 0.175000 0.225312 -0.065625
v 0.175000 0.214375 -0.010938
v 0.175000 0.214375 -0.032813
v 0.175000 0.203437 -0.021875
v 0.175000 0.225312 -0.021875
v 0.175000 0.433125 -0.054688
v 0.175000 0.433125 -0.076563
v 0.175000 0.422188 -0.065625
v 0.175000 0.444063 -0.065625
v 0.175000 0.389375 -0.054688
v 0.175000 0.389375 -0.076563
v 0.175000 0.378438 -0.065625
v 0.175000 0.400313 -0.065625
v 0.175000 0.389375 -0.010938
v 0.175000 0.389375 -0.032813
v 0.175000 0.378438 -0.021875
v 0.175000 0.400313 -0.021875
v 0.120313 0.258125 -0.175000
v 0.098438 0.258125 -0.175000
v 0.109375 0.247187 -0.175000
v 0.109375 0.269062 -0.175000
v 0.120313 0.214375 -0.175000
v 0.098438 0.214375 -0.175000
v 0.109375 0.203437 -0.175000
v 0.109375 0.225312 -0.175000
v 0.164063 0.214375 -0.175000
v 0.142188 0.214375 -0.175000
v 0.153125 0.203437 -0.175000
v 0.153125 0.225312 -0.175000
v -0.054688 0.258125 -0.175000
v -0.076563 0.258125 -0.175000
v -0.065625 0.247187 -0.175000
v -0.065625 0.269062 -0.175000
v -0.054688 0.214375 -0.175000
v -0.076563 0.214375 -0.175000
v -0.065625 0.203437 -0.175000
v -0.065625 0.225312 -0.175000
v -0.010938 0.214375 -0.175000
v -0.032813 0.214375 -0.175000
v -0.021875 0.203437 -0.175000
v -0.021875 0.225312 -0.175000
v -0.054688 0.433125 -0.175000
v -0.076563 0.433125 -0.175000
v -0.065625 0.422188 -0.175000
v -0.065625 0.444063 -0.175000
v -0.054688 0.389375 -0.175000
v -0.076563 0.389375 -0.175000
v -0.065625 0.378438 -0.175000
v -0.065625 0.400313 -0.175000
v -0.010938 0.389375 -0.175000
v -0.032813 0.389375 -0.175000
v -0.021875 0.378438 -0.175000
v -0.021875 0.400313 -0.175000
v -0.175000 0.258125 -0.120313
v -0.175000 0.258125 -0.098438
v -0.175000 0.247187 -0.109375
v -0.175000 0.269062 -0.109375
v -0.175000 0.214375 -0.120313
v -0.175000 0.214375 -0.098438
v -0.175000 0.203437 -0.109375
v -0.175000 0.225312 -0.109375
v -0.175000 0.214375 -0.164063
v -0.175000 0.214375 -0.142188
v -0.175000 0.203437 -0.153125
v -0.175000 0.225312 -0.153125
v -0.175000 0.258125 0.054688
v -0.175000 0.258125 0.076563
v -0.175000 0.247187 0.065625
v -0.175000 0.269062 0.065625
v -0.175000 0.214375 0.054688
v -0.175000 0.214375 0.076563
v -0.175000 0.203437 0.065625
v -0.175000 0.225312 0.065625
v -0.175000 0.214375 0.010938
v -0.175000 0.214375 0.032813
v -0.175000 0.203437 0.021875
v -0.175000 0.225312 0.021875
v -0.175000 0.433125 0.054688
v -0.175000 0.433125 0.076563
v -0.175000 0.422188 0.065625
v -0.175000 0.444063 0.065625
v -0.175000 0.389375 0.054688
v -0.175000 0.389375 0.076563
v -0.175000 0.378438 0.065625
v -0.175000 0.400313 0.065625
v -0.175000 0.389375 0.010938
v -0.175000 0.389375 0.032813
v -0.175000 0.378438 0.021875
v -0.175000 0.400313 0.021875
v -0.175000 0.345625 0.054688
v -0.175000 0.345625 0.076563
v -0.175000 0.334688 0.065625
v -0.175000 0.356563 0.065625
v -0.175000 0.301875 0.054688
v -0.175000 0.301875 0.076563
v -0.175000 0.290938 0.065625
v -0.175000 0.312813 0.065625
v -0.175000 0.301875 0.010938
v -0.175000 0.301875 0.032813
v -0.175000 0.290938 0.021875
v -0.175000 0.312813 0.021875
v -0.175000 0.345625 0.142188
v -0.175000 0.345625 0.164063
v -0.175000 0.334688 0.153125
v -0.175000 0.356563 0.153125
v -0.175000 0.301875 0.142188
v -0.175000 0.301875 0.164063
v -0.175000 0.290938 0.153125
v -0.175000 0.312813 0.153125
v -0.175000 0.301875 0.098438
v -0.175000 0.301875 0.120313
v -0.175000 0.290938 0.109375
v -0.175000 0.312813 0.109375
v -0.175000 0.433125 0.142188
v -0.175000 0.433125 0.164063
v -0.175000 0.422188 0.153125
v -0.175000 0.444063 0.153125
v -0.175000 0.389375 0.142188
v -0.175000 0.389375 0.164063
v -0.175000 0.378438 0.153125
v -0.175000 0.400313 0.153125
v -0.175000 0.389375 0.098438
v -0.175000 0.389375 0.120313
v -0.175000 0.378438 0.109375
v -0.175000 0.400313 0.109375
v -0.175000 0.170625 0.054688
v -0.175000 0.170625 0.076563
v -0.175000 0.159687 0.065625
v -0.175000 0.181562 0.065625
v -0.175000 0.126875 0.054688
v -0.175000 0.126875 0.076563
v -0.175000 0.115937 0.065625
v -0.175000 0.137812 0.065625
v -0.175000 0.126875 0.010938
v -0.175000 0.126875 0.032813
v -0.175000 0.115937 0.021875
v -0.175000 0.137812 0.021875
v -0.175000 0.170625 0.142188
v -0.175000 0.170625 0.164063
v -0.175000 0.159687 0.153125
v -0.175000 0.181562 0.153125
v -0.175000 0.126875 0.142188
v -0.175000 0.126875 0.164063
v -0.175000 0.115937 0.153125
v -0.175000 0.137812 0.153125
v -0.175000 0.126875 0.098438
v -0.175000 0.126875 0.120313
v -0.175000 0.115937 0.109375
v -0.175000 0.137812 0.109375
v -0.175000 0.258125 0.142188
v -0.175000 0.258125 0.164063
v -0.175000 0.247187 0.153125
v -0.175000 0.269062 0.153125
v -0.175000 0.214375 0.142188
v -0.175000 0.214375 0.164063
v -0.175000 0.203437 0.153125
v -0.175000 0.225312 0.153125
v -0.175000 0.214375 0.098438
v -0.175000 0.214375 0.120313
v -0.175000 0.203437 0.109375
v -0.175000 0.225312 0.109375
v -0.175000 0.170625 -0.120313
v -0.175000 0.170625 -0.098438
v -0.175000 0.159687 -0.109375
v -0.175000 0.181562 -0.109375
v -0.175000 0.126875 -0.120313
v -0.175000 0.126875 -0.098438
v -0.175000 0.115937 -0.109375
v -0.175000 0.137812 -0.109375
v -0.175000 0.126875 -0.164063
v -0.175000 0.126875 -0.142188
v -0.175000 0.115937 -0.153125
v -0.175000 0.137812 -0.153125
v -0.175000 0.170625 -0.032813
v -0.175000 0.170625 -0.010938
v -0.175000 0.159687 -0.021875
v -0.175000 0.181562 -0.021875
v -0.175000 0.126875 -0.032813
v -0.175000 0.126875 -0.010938
v -0.175000 0.115937 -0.021875
v -0.175000 0.137812 -0.021875
v -0.175000 0.126875 -0.076563
v -0.175000 0.126875 -0.054688
v -0.175000 0.115937 -0.065625
v -0.175000 0.137812 -0.065625
v -0.175000 0.258125 -0.032813
v -0.175000 0.258125 -0.010938
v -0.175000 0.247187 -0.021875
v -0.175000 0.269062 -0.021875
v -0.175000 0.214375 -0.032813
v -0.175000 0.214375 -0.010938
v -0.175000 0.203437 -0.021875
v -0.175000 0.225312 -0.021875
v -0.175000 0.214375 -0.076563
v -0.175000 0.214375 -0.054688
v -0.175000 0.203437 -0.065625
v -0.175000 0.225312 -0.065625
v -0.054688 0.345625 -0.175000
v -0.076563 0.345625 -0.175000
v -0.065625 0.334688 -0.175000
v -0.065625 0.356563 -0.175000
v -0.054688 0.301875 -0.175000
v -0.076563 0.301875 -0.175000
v -0.065625 0.290938 -0.175000
v -0.065625 0.312813 -0.175000
v -0.010938 0.301875 -0.175000
v -0.032813 0.301875 -0.175000
v -0.021875 0.290938 -0.175000
v -0.021875 0.312813 -0.175000
v -0.142188 0.345625 -0.175000
v -0.164063 0.345625 -0.175000
v -0.153125 0.334688 -0.175000
v -0.153125 0.356563 -0.175000
v -0.142188 0.301875 -0.175000
v -0.164063 0.301875 -0.175000
v -0.153125 0.290938 -0.175000
v -0.153125 0.312813 -0.175000
v -0.098438 0.301875 -0.175000
v -0.120313 0.301875 -0.175000
v -0.109375 0.290938 -0.175000
v -0.109375 0.312813 -0.175000
v -0.142188 0.433125 -0.175000
v -0.164063 0.433125 -0.175000
v -0.153125 0.422188 -0.175000
v -0.153125 0.444063 -0.175000
v -0.142188 0.389375 -0.175000
v -0.164063 0.389375 -0.175000
v -0.153125 0.378438 -0.175000
v -0.153125 0.400313 -0.175000
v -0.098438 0.389375 -0.175000
v -0.120313 0.389375 -0.175000
v -0.109375 0.378438 -0.175000
v -0.109375 0.400313 -0.175000
v -0.054688 0.170625 -0.175000
v -0.076563 0.170625 -0.175000
v -0.065625 0.159687 -0.175000
v -0.065625 0.181562 -0.175000
v -0.054688 0.126875 -0.175000
v -0.076563 0.126875 -0.175000
v -0.065625 0.115937 -0.175000
v -0.065625 0.137812 -0.175000
v -0.010938 0.126875 -0.175000
v -0.032813 0.126875 -0.175000
v -0.021875 0.115937 -0.175000
v -0.021875 0.137812 -0.175000
v -0.142188 0.170625 -0.175000
v -0.164063 0.170625 -0.175000
v -0.153125 0.159687 -0.175000
v -0.153125 0.181562 -0.175000
v -0.142188 0.126875 -0.175000
v -0.164063 0.126875 -0.175000
v -0.153125 0.115937 -0.175000
v -0.153125 0.137812 -0.175000
v -0.098438 0.126875 -0.175000
v -0.120313 0.126875 -0.175000
v -0.109375 0.115937 -0.175000
v -0.109375 0.137812 -0.175000
v -0.142188 0.258125 -0.175000
v -0.164063 0.258125 -0.175000
v -0.153125 0.247187 -0.175000
v -0.153125 0.269062 -0.175000
v -0.142188 0.214375 -0.175000
v -0.164063 0.214375 -0.175000
v -0.153125 0.203437 -0.175000
v -0.153125 0.225312 -0.175000
v -0.098438 0.214375 -0.175000
v -0.120313 0.214375 -0.175000
v -0.109375 0.203437 -0.175000
v -0.109375 0.225312 -0.175000
v 0.120313 0.170625 -0.175000
v 0.098438 0.170625 -0.175000
v 0.109375 0.159687 -0.175000
v 0.109375 0.181562 -0.175000
v 0.120313 0.126875 -0.175000
v 0.098438 0.126875 -0.175000
v 0.109375 0.115937 -0.175000
v 0.109375 0.137812 -0.175000
v 0.164063 0.126875 -0.175000
v 0.142188 0.126875 -0.175000
v 0.153125 0.115937 -0.175000
v 0.153125 0.137812 -0.175000
v 0.032813 0.170625 -0.175000
v 0.010938 0.170625 -0.175000
v 0.021875 0.159687 -0.175000
v 0.021875 0.181562 -0.175000
v 0.032813 0.126875 -0.175000
v 0.010938 0.126875 -0.175000
v 0.021875 0.115937 -0.175000
v 0.021875 0.137812 -0.175000
v 0.076563 0.126875 -0.175000
v 0.054688 0.126875 -0.175000
v 0.065625 0.115937 -0.175000
v 0.065625 0.137812 -0.175000
v 0.032813 0.258125 -0.175000
v 0.010938 0.258125 -0.175000
v 0.021875 0.247187 -0.175000
v 0.021875 0.269062 -0.175000
v 0.032813 0.214375 -0.175000
v 0.010938 0.214375 -0.175000
v 0.021875 0.203437 -0.175000
v 0.021875 0.225312 -0.175000
v 0.076563 0.214375 -0.175000
v 0.054688 0.214375 -0.175000
v 0.065625 0.203437 -0.175000
v 0.065625 0.225312 -0.175000
v 0.175000 0.345625 -0.054688
v 0.175000 0.345625 -0.076563
v 0.175000 0.334688 -0.065625
v 0.175000 0.356563 -0.065625
v 0.175000 0.301875 -0.054688
v 0.175000 0.301875 -0.076563
v 0.175000 0.290938 -0.065625
v 0.175000 0.312813 -0.065625
v 0.175000 0.301875 -0.010938
v 0.175000 0.301875 -0.032813
v 0.175000 0.290938 -0.021875
v 0.175000 0.312813 -0.021875
v 0.175000 0.345625 -0.142188
v 0.175000 0.345625 -0.164063
v 0.175000 0.334688 -0.153125
v 0.175000 0.356563 -0.153125
v 0.175000 0.301875 -0.142188
v 0.175000 0.301875 -0.164063
v 0.175000 0.290938 -0.153125
v 0.175000 0.312813 -0.153125
v 0.175000 0.301875 -0.098438
v 0.175000 0.301875 -0.120313
v 0.175000 0.290938 -0.109375
v 0.175000 0.312813 -0.109375
v 0.175000 0.433125 -0.142188
v 0.175000 0.433125 -0.164063
v 0.175000 0.422188 -0.153125
v 0.175000 0.444063 -0.153125
v 0.175000 0.389375 -0.142188
v 0.175000 0.389375 -0.164063
v 0.175000 0.378438 -0.153125
v 0.175000 0.400313 -0.153125
v 0.175000 0.389375 -0.098438
v 0.175000 0.389375 -0.120313
v 0.175000 0.378438 -0.109375
v 0.175000 0.400313 -0.109375
v 0.175000 0.170625 -0.054688
v 0.175000 0.170625 -0.076563
v 0.175000 0.159687 -0.065625
v 0.175000 0.181562 -0.065625
v 0.175000 0.126875 -0.054688
v 0.175000 0.126875 -0.076563
v 0.175000 0.115937 -0.065625
v 0.175000 0.137812 -0.065625
v 0.175000 0.126875 -0.010938
v 0.175000 0.126875 -0.032813
v 0.175000 0.115937 -0.021875
v 0.175000 0.137812 -0.021875
v 0.175000 0.170625 -0.142188
v 0.175000 0.170625 -0.164063
v 0.175000 0.159687 -0.153125
v 0.175000 0.181562 -0.153125
v 0.175000 0.126875 -0.142188
v 0.175000 0.126875 -0.164063
v 0.175000 0.115937 -0.153125
v 0.175000 0.137812 -0.153125
v 0.175000 0.126875 -0.098438
v 0.175000 0.126875 -0.120313
v 0.175000 0.115937 -0.109375
v 0.175000 0.137812 -0.109375
v 0.175000 0.258125 -0.142188
v 0.175000 0.258125 -0.164063
v 0.175000 0.247187 -0.153125
v 0.175000 0.269062 -0.153125
v 0.175000 0.214375 -0.142188
v 0.175000 0.214375 -0.164063
v 0.175000 0.203437 -0.153125
v 0.175000 0.225312 -0.153125
v 0.175000 0.214375 -0.098438
v 0.175000 0.214375 -0.120313
v 0.175000 0.203437 -0.109375
v 0.175000 0.225312 -0.109375
v 0.175000 0.170625 0.120313
v 0.175000 0.170625 0.098438
v 0.175000 0.159687 0.109375
v 0.175000 0.181562 0.109375
v 0.175000 0.126875 0.120313
v 0.175000 0.126875 0.098438
v 0.175000 0.115937 0.109375
v 0.175000 0.137812 0.109375
v 0.175000 0.126875 0.164063
v 0.175000 0.126875 0.142188
v 0.175000 0.115937 0.153125
v 0.175000 0.137812 0.153125
v 0.175000 0.170625 0.032813
v 0.175000 0.170625 0.010938
v 0.175000 0.159687 0.021875
v 0.175000 0.181562 0.021875
v 0.175000 0.126875 0.032813
v 0.175000 0.126875 0.010938
v 0.175000 0.115937 0.021875
v 0.175000 0.137812 0.021875
v 0.175000 0.126875 0.076563
v 0.175000 0.126875 0.054688
v 0.175000 0.115937 0.065625
v 0.175000 0.137812 0.065625
v 0.175000 0.258125 0.032813
v 0.175000 0.258125 0.010938
v 0.175000 0.247187 0.021875
v 0.175000 0.269062 0.021875
v 0.175000 0.214375 0.032813
v 0.175000 0.214375 0.010938
v 0.175000 0.203437 0.021875
v 0.175000 0.225312 0.021875
v 0.175000 0.214375 0.076563
v 0.175000 0.214375 0.054688
v 0.175000 0.203437 0.065625
v 0.175000 0.225312 0.065625
v 0.054688 0.345625 0.175000
v 0.076563 0.345625 0.175000
v 0.065625 0.334688 0.175000
v 0.065625 0.356563 0.175000
v 0.054688 0.301875 0.175000
v 0.076563 0.301875 0.175000
v 0.065625 0.290938 0.175000
v 0.065625 0.312813 0.175000
v 0.010938 0.301875 0.175000
v 0.032813 0.301875 0.175000
v 0.021875 0.290938 0.175000
v 0.021875 0.312813 0.175000
v 0.142188 0.345625 0.175000
v 0.164063 0.345625 0.175000
v 0.153125 0.334688 0.175000
v 0.153125 0.356563 0.175000
v 0.142188 0.301875 0.175000
v 0.164063 0.301875 0.175000
v 0.153125 0.290938 0.175000
v 0.153125 0.312813 0.175000
v 0.098438 0.301875 0.175000
v 0.120313 0.301875 0.175000
v 0.109375 0.290938 0.175000
v 0.109375 0.312813 0.175000
v 0.142188 0.433125 0.175000
v 0.164063 0.433125 0.175000
v 0.153125 0.422188 0.175000
v 0.153125 0.444063 0.175000
v 0.142188 0.389375 0.175000
v 0.164063 0.389375 0.175000
v 0.153125 0.378438 0.175000
v 0.153125 0.400313 0.175000
v 0.098438 0.389375 0.175000
v 0.120313 0.389375 0.175000
v 0.109375 0.378438 0.175000
v 0.109375 0.400313 0.175000
v 0.054688 0.170625 0.175000
v 0.076563 0.170625 0.175000
v 0.065625 0.159687 0.175000
v 0.065625 0.181562 0.175000
v 0.054688 0.126875 0.175000
v 0.076563 0.126875 0.175000
v 0.065625 0.115937 0.175000
v 0.065625 0.137812 0.175000
v 0.010938 0.126875 0.175000
v 0.032813 0.126875 0.175000
v 0.021875 0.115937 0.175000
v 0.021875 0.137812 0.175000
v 0.142188 0.170625 0.175000
v 0.164063 0.170625 0.175000
v 0.153125 0.159687 0.175000
v 0.153125 0.181562 0.175000
v 0.142188 0.126875 0.175000
v 0.164063 0.126875 0.175000
v 0.153125 0.115937 0.175000
v 0.153125 0.137812 0.175000
v 0.098438 0.126875 0.175000
v 0.120313 0.126875 0.175000
v 0.109375 0.115937 0.175000
v 0.109375 0.137812 0.175000
v 0.142188 0.258125 0.175000
v 0.164063 0.258125 0.175000
v 0.153125 0.247187 0.175000
v 0.153125 0.269062 0.175000
v 0.142188 0.214375 0.175000
v 0.164063 0.214375 0.175000
v 0.153125 0.203437 0.175000
v 0.153125 0.225312 0.175000
v 0.098438 0.214375 0.175000
v 0.120313 0.214375 0.175000
v 0.109375 0.203437 0.175000
v 0.109375 0.225312 0.175000
v -0.120313 0.170625 0.175000
v -0.098438 0.170625 0.175000
v -0.109375 0.159687 0.175000
v -0.109375 0.181562 0.175000
v -0.120313 0.126875 0.175000
v -0.098438 0.126875 0.175000
v -0.109375 0.115937 0.175000
v -0.109375 0.137812 0.175000
v -0.164063 0.126875 0.175000
v -0.142188 0.126875 0.175000
v -0.153125 0.115937 0.175000
v -0.153125 0.137812 0.175000
v -0.032813 0.170625 0.175000
v -0.010938 0.170625 0.175000
v -0.021875 0.159687 0.175000
v -0.021875 0.181562 0.175000
v -0.032813 0.126875 0.175000
v -0.010938 0.126875 0.175000
v -0.021875 0.115937 0.175000
v -0.021875 0.137812 0.175000
v -0.076563 0.126875 0.175000
v -0.054688 0.126875 0.175000
v -0.065625 0.115937 0.175000
v -0.065625 0.137812 0.175000
v -0.032813 0.258125 0.175000
v -0.010938 0.258125 0.175000
v -0.021875 0.247187 0.175000
v -0.021875 0.269062 0.175000
v -0.032813 0.214375 0.175000
v -0.010938 0.214375 0.175000
v -0.021875 0.203437 0.175000
v -0.021875 0.225312 0.175000
v -0.076563 0.214375 0.175000
v -0.054688 0.214375 0.175000
v -0.065625 0.203437 0.175000
v -0.065625 0.225312 0.175000
v 0.065625 0.105000 -0.054688
v 0.065625 0.105000 -0.076563
v 0.054688 0.105000 -0.065625
v 0.076563 0.105000 -0.065625
v 0.021875 0.105000 -0.054688
v 0.021875 0.105000 -0.076563
v 0.010938 0.105000 -0.065625
v 0.032813 0.105000 -0.065625
v 0.021875 0.105000 -0.010938
v 0.021875 0.105000 -0.032813
v 0.010938 0.105000 -0.021875
v 0.032813 0.105000 -0.021875
v 0.065625 0.105000 -0.142188
v 0.065625 0.105000 -0.164063
v 0.054688 0.105000 -0.153125
v 0.076563 0.105000 -0.153125
v 0.021875 0.105000 -0.142188
v 0.021875 0.105000 -0.164063
v 0.010938 0.105000 -0.153125
v 0.032813 0.105000 -0.153125
v 0.021875 0.105000 -0.098438
v 0.021875 0.105000 -0.120313
v 0.010938 0.105000 -0.109375
v 0.032813 0.105000 -0.109375
v 0.153125 0.105000 -0.142188
v 0.153125 0.105000 -0.164063
v 0.142188 0.105000 -0.153125
v 0.164063 0.105000 -0.153125
v 0.109375 0.105000 -0.142188
v 0.109375 0.105000 -0.164063
v 0.098438 0.105000 -0.153125
v 0.120313 0.105000 -0.153125
v 0.109375 0.105000 -0.098438
v 0.109375 0.105000 -0.120313
v 0.098438 0.105000 -0.109375
v 0.120313 0.105000 -0.109375
v -0.109375 0.105000 -0.054688
v -0.109375 0.105000 -0.076563
v -0.120313 0.105000 -0.065625
v -0.098438 0.105000 -0.065625
v -0.153125 0.105000 -0.054688
v -0.153125 0.105000 -0.076563
v -0.164063 0.105000 -0.065625
v -0.142188 0.105000 -0.065625
v -0.153125 0.105000 -0.010938
v -0.153125 0.105000 -0.032813
v -0.164063 0.105000 -0.021875
v -0.142188 0.105000 -0.021875
v -0.109375 0.105000 -0.142188
v -0.109375 0.105000 -0.164063
v -0.120313 0.105000 -0.153125
v -0.098438 0.105000 -0.153125
v -0.153125 0.105000 -0.142188
v -0.153125 0.105000 -0.164063
v -0.164063 0.105000 -0.153125
v -0.142188 0.105000 -0.153125
v -0.153125 0.105000 -0.098438
v -0.153125 0.105000 -0.120313
v -0.164063 0.105000 -0.109375
v -0.142188 0.105000 -0.109375
v -0.021875 0.105000 -0.142188
v -0.021875 0.105000 -0.164063
v -0.032813 0.105000 -0.153125
v -0.010938 0.105000 -0.153125
v -0.065625 0.105000 -0.142188
v -0.065625 0.105000 -0.164063
v -0.076563 0.105000 -0.153125
v -0.054688 0.105000 -0.153125
v -0.065625 0.105000 -0.098438
v -0.065625 0.105000 -0.120313
v -0.076563 0.105000 -0.109375
v -0.054688 0.105000 -0.109375
v -0.109375 0.105000 0.120313
v -0.109375 0.105000 0.098438
v -0.120313 0.105000 0.109375
v -0.098438 0.105000 0.109375
v -0.153125 0.105000 0.120313
v -0.153125 0.105000 0.098438
v -0.164063 0.105000 0.109375
v -0.142188 0.105000 0.109375
v -0.153125 0.105000 0.164063
v -0.153125 0.105000 0.142188
v -0.164063 0.105000 0.153125
v -0.142188 0.105000 0.153125
v -0.109375 0.105000 0.032813
v -0.109375 0.105000 0.010938
v -0.120313 0.105000 0.021875
v -0.098438 0.105000 0.021875
v -0.153125 0.105000 0.032813
v -0.153125 0.105000 0.010938
v -0.164063 0.105000 0.021875
v -0.142188 0.105000 0.021875
v -0.153125 0.105000 0.076563
v -0.153125 0.105000 0.054688
v -0.164063 0.105000 0.065625
v -0.142188 0.105000 0.065625
v -0.021875 0.105000 0.032813
v -0.021875 0.105000 0.010938
v -0.032813 0.105000 0.021875
v -0.010938 0.105000 0.021875
v -0.065625 0.105000 0.032813
v -0.065625 0.105000 0.010938
v -0.076563 0.105000 0.021875
v -0.054688 0.105000 0.021875
v -0.065625 0.105000 0.076563
v -0.065625 0.105000 0.054688
v -0.076563 0.105000 0.065625
v -0.054688 0.105000 0.065625
v -0.065625 0.455000 -0.054688
v -0.065625 0.455000 -0.076563
v -0.054688 0.455000 -0.065625
v -0.076563 0.455000 -0.065625
v -0.021875 0.455000 -0.054688
v -0.021875 0.455000 -0.076563
v -0.010938 0.455000 -0.065625
v -0.032813 0.455000 -0.065625
v -0.021875 0.455000 -0.010938
v -0.021875 0.455000 -0.032813
v -0.010938 0.455000 -0.021875
v -0.032813 0.455000 -0.021875
v -0.065625 0.455000 -0.142188
v -0.065625 0.455000 -0.164063
v -0.054688 0.455000 -0.153125
v -0.076563 0.455000 -0.153125
v -0.021875 0.455000 -0.142188
v -0.021875 0.455000 -0.164063
v -0.010938 0.455000 -0.153125
v -0.032813 0.455000 -0.153125
v -0.021875 0.455000 -0.098438
v -0.021875 0.455000 -0.120313
v -0.010938 0.455000 -0.109375
v -0.032813 0.455000 -0.109375
v -0.153125 0.455000 -0.142188
v -0.153125 0.455000 -0.164063
v -0.142188 0.455000 -0.153125
v -0.164063 0.455000 -0.153125
v -0.109375 0.455000 -0.142188
v -0.109375 0.455000 -0.164063
v -0.098438 0.455000 -0.153125
v -0.120313 0.455000 -0.153125
v -0.109375 0.455000 -0.098438
v -0.109375 0.455000 -0.120313
v -0.098438 0.455000 -0.109375
v -0.120313 0.455000 -0.109375
v 0.109375 0.455000 -0.054688
v 0.109375 0.455000 -0.076563
v 0.120313 0.455000 -0.065625
v 0.098438 0.455000 -0.065625
v 0.153125 0.455000 -0.054688
v 0.153125 0.455000 -0.076563
v 0.164063 0.455000 -0.065625
v 0.142188 0.455000 -0.065625
v 0.153125 0.455000 -0.010938
v 0.153125 0.455000 -0.032813
v 0.164063 0.455000 -0.021875
v 0.142188 0.455000 -0.021875
v 0.109375 0.455000 -0.142188
v 0.109375 0.455000 -0.164063
v 0.120313 0.455000 -0.153125
v 0.098438 0.455000 -0.153125
v 0.153125 0.455000 -0.142188
v 0.153125 0.455000 -0.164063
v 0.164063 0.455000 -0.153125
v 0.142188 0.455000 -0.153125
v 0.153125 0.455000 -0.098438
v 0.153125 0.455000 -0.120313
v 0.164063 0.455000 -0.109375
v 0.142188 0.455000 -0.109375
v 0.021875 0.455000 -0.142188
v 0.021875 0.455000 -0.164063
v 0.032813 0.455000 -0.153125
v 0.010938 0.455000 -0.153125
v 0.065625 0.455000 -0.142188
v 0.065625 0.455000 -0.164063
v 0.076563 0.455000 -0.153125
v 0.054688 0.455000 -0.153125
v 0.065625 0.455000 -0.098438
v 0.065625 0.455000 -0.120313
v 0.076563 0.455000 -0.109375
v 0.054688 0.455000 -0.109375
v 0.109375 0.455000 0.120313
v 0.109375 0.455000 0.098438
v 0.120313 0.455000 0.109375
v 0.098438 0.455000 0.109375
v 0.153125 0.455000 0.120313
v 0.153125 0.455000 0.098438
v 0.164063 0.455000 0.109375
v 0.142188 0.455000 0.109375
v 0.153125 0.455000 0.164063
v 0.153125 0.455000 0.142188
v 0.164063 0.455000 0.153125
v 0.142188 0.455000 0.153125
v 0.109375 0.455000 0.032813
v 0.109375 0.455000 0.010938
v 0.120313 0.455000 0.021875
v 0.098438 0.455000 0.021875
v 0.153125 0.455000 0.032813
v 0.153125 0.455000 0.010938
v 0.164063 0.455000 0.021875
v 0.142188 0.455000 0.021875
v 0.153125 0.455000 0.076563
v 0.153125 0.455000 0.054688
v 0.164063 0.455000 0.065625
v 0.142188 0.455000 0.065625
v 0.021875 0.455000 0.032813
v 0.021875 0.455000 0.010938
v 0.032813 0.455000 0.021875
v 0.010938 0.455000 0.021875
v 0.065625 0.455000 0.032813
v 0.065625 0.455000 0.010938
v 0.076563 0.455000 0.021875
v 0.054688 0.455000 0.021875
v 0.065625 0.455000 0.076563
v 0.065625 0.455000 0.054688
v 0.076563 0.455000 0.065625
v 0.054688 0.455000 0.065625
v -0.065625 0.455000 0.120313
v -0.065625 0.455000 0.098438
v -0.054688 0.455000 0.109375
v -0.076563 0.455000 0.109375
v -0.021875 0.455000 0.120313
v -0.021875 0.455000 0.098438
v -0.010938 0.455000 0.109375
v -0.032813 0.455000 0.109375
v -0.021875 0.455000 0.164063
v -0.021875 0.455000 0.142188
v -0.010938 0.455000 0.153125
v -0.032813 0.455000 0.153125
v -0.065625 0.455000 0.032813
v -0.065625 0.455000 0.010938
v -0.054688 0.455000 0.021875
v -0.076563 0.455000 0.021875
v -0.021875 0.455000 0.032813
v -0.021875 0.455000 0.010938
v -0.010938 0.455000 0.021875
v -0.032813 0.455000 0.021875
v -0.021875 0.455000 0.076563
v -0.021875 0.455000 0.054688
v -0.010938 0.455000 0.065625
v -0.032813 0.455000 0.065625
v -0.153125 0.455000 0.032813
v -0.153125 0.455000 0.010938
v -0.142188 0.455000 0.021875
v -0.164063 0.455000 0.021875
v -0.109375 0.455000 0.032813
v -0.109375 0.455000 0.010938
v -0.098438 0.455000 0.021875
v -0.120313 0.455000 0.021875
v -0.109375 0.455000 0.076563
v -0.109375 0.455000 0.054688
v -0.098438 0.455000 0.065625
v -0.120313 0.455000 0.065625
v 0.065625 0.105000 0.120313
v 0.065625 0.105000 0.098438
v 0.054688 0.105000 0.109375
v 0.076563 0.105000 0.109375
v 0.021875 0.105000 0.120313
v 0.021875 0.105000 0.098438
v 0.010938 0.105000 0.109375
v 0.032813 0.105000 0.109375
v 0.021875 0.105000 0.164063
v 0.021875 0.105000 0.142188
v 0.010938 0.105000 0.153125
v 0.032813 0.105000 0.153125
v 0.065625 0.105000 0.032813
v 0.065625 0.105000 0.010938
v 0.054688 0.105000 0.021875
v 0.076563 0.105000 0.021875
v 0.021875 0.105000 0.032813
v 0.021875 0.105000 0.010938
v 0.010938 0.105000 0.021875
v 0.032813 0.105000 0.021875
v 0.021875 0.105000 0.076563
v 0.021875 0.105000 0.054688
v 0.010938 0.105000 0.065625
v 0.032813 0.105000 0.065625
v 0.153125 0.105000 0.032813
v 0.153125 0.105000 0.010938
v 0.142188 0.105000 0.021875
v 0.164063 0.105000 0.021875
v 0.109375 0.105000 0.032813
v 0.109375 0.105000 0.010938
v 0.098438 0.105000 0.021875
v 0.120313 0.105000 0.021875
v 0.109375 0.105000 0.076563
v 0.109375 0.105000 0.054688
v 0.098438 0.105000 0.065625
v 0.120313 0.105000 0.065625
v -0.120313 0.345625 0.175000
v -0.098438 0.345625 0.175000
v -0.109375 0.334688 0.175000
v -0.109375 0.356563 0.175000
v -0.120313 0.301875 0.175000
v -0.098438 0.301875 0.175000
v -0.109375 0.290938 0.175000
v -0.109375 0.312813 0.175000
v -0.164063 0.301875 0.175000
v -0.142188 0.301875 0.175000
v -0.153125 0.290938 0.175000
v -0.153125 0.312813 0.175000
v -0.032813 0.345625 0.175000
v -0.010938 0.345625 0.175000
v -0.021875 0.334688 0.175000
v -0.021875 0.356563 0.175000
v -0.032813 0.301875 0.175000
v -0.010938 0.301875 0.175000
v -0.021875 0.290938 0.175000
v -0.021875 0.312813 0.175000
v -0.076563 0.301875 0.175000
v -0.054688 0.301875 0.175000
v -0.065625 0.290938 0.175000
v -0.065625 0.312813 0.175000
v -0.032813 0.433125 0.175000
v -0.010938 0.433125 0.175000
v -0.021875 0.422188 0.175000
v -0.021875 0.444063 0.175000
v -0.032813 0.389375 0.175000
v -0.010938 0.389375 0.175000
v -0.021875 0.378438 0.175000
v -0.021875 0.400313 0.175000
v -0.076563 0.389375 0.175000
v -0.054688 0.389375 0.175000
v -0.065625 0.378438 0.175000
v -0.065625 0.400313 0.175000
v 0.175000 0.345625 0.120313
v 0.175000 0.345625 0.098438
v 0.175000 0.334688 0.109375
v 0.175000 0.356563 0.109375
v 0.175000 0.301875 0.120313
v 0.175000 0.301875 0.098438
v 0.175000 0.290938 0.109375
v 0.175000 0.312813 0.109375
v 0.175000 0.301875 0.164063
v 0.175000 0.301875 0.142188
v 0.175000 0.290938 0.153125
v 0.175000 0.312813 0.153125
v 0.175000 0.345625 0.032813
v 0.175000 0.345625 0.010938
v 0.175000 0.334688 0.021875
v 0.175000 0.356563 0.021875
v 0.175000 0.301875 0.032813
v 0.175000 0.301875 0.010938
v 0.175000 0.290938 0.021875
v 0.175000 0.312813 0.021875
v 0.175000 0.301875 0.076563
v 0.175000 0.301875 0.054688
v 0.175000 0.290938 0.065625
v 0.175000 0.312813 0.065625
v 0.175000 0.433125 0.032813
v 0.175000 0.433125 0.010938
v 0.175000 0.422188 0.021875
v 0.175000 0.444063 0.021875
v 0.175000 0.389375 0.032813
v 0.175000 0.389375 0.010938
v 0.175000 0.378438 0.021875
v 0.175000 0.400313 0.021875
v 0.175000 0.389375 0.076563
v 0.175000 0.389375 0.054688
v 0.175000 0.378438 0.065625
v 0.175000 0.400313 0.065625
v 0.120313 0.345625 -0.175000
v 0.098438 0.345625 -0.175000
v 0.109375 0.334688 -0.175000
v 0.109375 0.356563 -0.175000
v 0.120313 0.301875 -0.175000
v 0.098438 0.301875 -0.175000
v 0.109375 0.290938 -0.175000
v 0.109375 0.312813 -0.175000
v 0.164063 0.301875 -0.175000
v 0.142188 0.301875 -0.175000
v 0.153125 0.290938 -0.175000
v 0.153125 0.312813 -0.175000
v 0.032813 0.345625 -0.175000
v 0.010938 0.345625 -0.175000
v 0.021875 0.334688 -0.175000
v 0.021875 0.356563 -0.175000
v 0.032813 0.301875 -0.175000
v 0.010938 0.301875 -0.175000
v 0.021875 0.290938 -0.175000
v 0.021875 0.312813 -0.175000
v 0.076563 0.301875 -0.175000
v 0.054688 0.301875 -0.175000
v 0.065625 0.290938 -0.175000
v 0.065625 0.312813 -0.175000
v 0.032813 0.433125 -0.175000
v 0.010938 0.433125 -0.175000
v 0.021875 0.422188 -0.175000
v 0.021875 0.444063 -0.175000
v 0.032813 0.389375 -0.175000
v 0.010938 0.389375 -0.175000
v 0.021875 0.378438 -0.175000
v 0.021875 0.400313 -0.175000
v 0.076563 0.389375 -0.175000
v 0.054688 0.389375 -0.175000
v 0.065625 0.378438 -0.175000
v 0.065625 0.400313 -0.175000
v -0.175000 0.345625 -0.120313
v -0.175000 0.345625 -0.098438
v -0.175000 0.334688 -0.109375
v -0.175000 0.356563 -0.109375
v -0.175000 0.301875 -0.120313
v -0.175000 0.301875 -0.098438
v -0.175000 0.290938 -0.109375
v -0.175000 0.312813 -0.109375
v -0.175000 0.301875 -0.164063
v -0.175000 0.301875 -0.142188
v -0.175000 0.290938 -0.153125
v -0.175000 0.312813 -0.153125
v -0.175000 0.345625 -0.032813
v -0.175000 0.345625 -0.010938
v -0.175000 0.334688 -0.021875
v -0.175000 0.356563 -0.021875
v -0.175000 0.301875 -0.032813
v -0.175000 0.301875 -0.010938
v -0.175000 0.290938 -0.021875
v -0.175000 0.312813 -0.021875
v -0.175000 0.301875 -0.076563
v -0.175000 0.301875 -0.054688
v -0.175000 0.290938 -0.065625
v -0.175000 0.312813 -0.065625
v -0.175000 0.433125 -0.032813
v -0.175000 0.433125 -0.010938
v -0.175000 0.422188 -0.021875
v -0.175000 0.444063 -0.021875
v -0.175000 0.389375 -0.032813
v -0.175000 0.389375 -0.010938
v -0.175000 0.378438 -0.021875
v -0.175000 0.400313 -0.021875
v -0.175000 0.389375 -0.076563
v -0.175000 0.389375 -0.054688
v -0.175000 0.378438 -0.065625
v -0.175000 0.400313 -0.065625
v -0.175000 0.433125 -0.076563
v -0.175000 0.433125 -0.054688
v -0.175000 0.422188 -0.065625
v -0.175000 0.444063 -0.065625
v -0.175000 0.345625 -0.076563
v -0.175000 0.345625 -0.054688
v -0.175000 0.334688 -0.065625
v -0.175000 0.356563 -0.065625
v -0.175000 0.345625 -0.164063
v -0.175000 0.345625 -0.142188
v -0.175000 0.334688 -0.153125
v -0.175000 0.356563 -0.153125
v 0.076563 0.433125 -0.175000
v 0.054688 0.433125 -0.175000
v 0.065625 0.422188 -0.175000
v 0.065625 0.444063 -0.175000
v 0.076563 0.345625 -0.175000
v 0.054688 0.345625 -0.175000
v 0.065625 0.334688 -0.175000
v 0.065625 0.356563 -0.175000
v 0.164063 0.345625 -0.175000
v 0.142188 0.345625 -0.175000
v 0.153125 0.334688 -0.175000
v 0.153125 0.356563 -0.175000
v 0.175000 0.433125 0.076563
v 0.175000 0.433125 0.054688
v 0.175000 0.422188 0.065625
v 0.175000 0.444063 0.065625
v 0.175000 0.345625 0.076563
v 0.175000 0.345625 0.054688
v 0.175000 0.334688 0.065625
v 0.175000 0.356563 0.065625
v 0.175000 0.345625 0.164063
v 0.175000 0.345625 0.142188
v 0.175000 0.334688 0.153125
v 0.175000 0.356563 0.153125
v -0.076563 0.433125 0.175000
v -0.054688 0.433125 0.175000
v -0.065625 0.422188 0.175000
v -0.065625 0.444063 0.175000
v -0.076563 0.345625 0.175000
v -0.054688 0.345625 0.175000
v -0.065625 0.334688 0.175000
v -0.065625 0.356563 0.175000
v -0.164063 0.345625 0.175000
v -0.142188 0.345625 0.175000
v -0.153125 0.334688 0.175000
v -0.153125 0.356563 0.175000
v 0.153125 0.105000 0.076563
v 0.153125 0.105000 0.054688
v 0.142188 0.105000 0.065625
v 0.164063 0.105000 0.065625
v 0.065625 0.105000 0.076563
v 0.065625 0.105000 0.054688
v 0.054688 0.105000 0.065625
v 0.076563 0.105000 0.065625
v 0.065625 0.105000 0.164063
v 0.065625 0.105000 0.142188
v 0.054688 0.105000 0.153125
v 0.076563 0.105000 0.153125
v -0.153125 0.455000 0.076563
v -0.153125 0.455000 0.054688
v -0.142188 0.455000 0.065625
v -0.164063 0.455000 0.065625
v -0.065625 0.455000 0.076563
v -0.065625 0.455000 0.054688
v -0.054688 0.455000 0.065625
v -0.076563 0.455000 0.065625
v -0.065625 0.455000 0.164063
v -0.065625 0.455000 0.142188
v -0.054688 0.455000 0.153125
v -0.076563 0.455000 0.153125
v 0.021875 0.455000 0.076563
v 0.021875 0.455000 0.054688
v 0.032813 0.455000 0.065625
v 0.010938 0.455000 0.065625
v 0.109375 0.455000 0.076563
v 0.109375 0.455000 0.054688
v 0.120313 0.455000 0.065625
v 0.098438 0.455000 0.065625
v 0.109375 0.455000 0.164063
v 0.109375 0.455000 0.142188
v 0.120313 0.455000 0.153125
v 0.098438 0.455000 0.153125
v 0.021875 0.455000 -0.098438
v 0.021875 0.455000 -0.120313
v 0.032813 0.455000 -0.109375
v 0.010938 0.455000 -0.109375
v 0.109375 0.455000 -0.098438
v 0.109375 0.455000 -0.120313
v 0.120313 0.455000 -0.109375
v 0.098438 0.455000 -0.109375
v 0.109375 0.455000 -0.010938
v 0.109375 0.455000 -0.032813
v 0.120313 0.455000 -0.021875
v 0.098438 0.455000 -0.021875
v -0.153125 0.455000 -0.098438
v -0.153125 0.455000 -0.120313
v -0.142188 0.455000 -0.109375
v -0.164063 0.455000 -0.109375
v -0.065625 0.455000 -0.098438
v -0.065625 0.455000 -0.120313
v -0.054688 0.455000 -0.109375
v -0.076563 0.455000 -0.109375
v -0.065625 0.455000 -0.010938
v -0.065625 0.455000 -0.032813
v -0.054688 0.455000 -0.021875
v -0.076563 0.455000 -0.021875
v -0.021875 0.105000 0.076563
v -0.021875 0.105000 0.054688
v -0.032813 0.105000 0.065625
v -0.010938 0.105000 0.065625
v -0.109375 0.105000 0.076563
v -0.109375 0.105000 0.054688
v -0.120313 0.105000 0.065625
v -0.098438 0.105000 0.065625
v -0.109375 0.105000 0.164063
v -0.109375 0.105000 0.142188
v -0.120313 0.105000 0.153125
v -0.098438 0.105000 0.153125
v -0.021875 0.105000 -0.098438
v -0.021875 0.105000 -0.120313
v -0.032813 0.105000 -0.109375
v -0.010938 0.105000 -0.109375
v -0.109375 0.105000 -0.098438
v -0.109375 0.105000 -0.120313
v -0.120313 0.105000 -0.109375
v -0.098438 0.105000 -0.109375
v -0.109375 0.105000 -0.010938
v -0.109375 0.105000 -0.032813
v -0.120313 0.105000 -0.021875
v -0.098438 0.105000 -0.021875
v 0.153125 0.105000 -0.098438
v 0.153125 0.105000 -0.120313
v 0.142188 0.105000 -0.109375
v 0.164063 0.105000 -0.109375
v 0.065625 0.105000 -0.098438
v 0.065625 0.105000 -0.120313
v 0.054688 0.105000 -0.109375
v 0.076563 0.105000 -0.109375
v 0.065625 0.105000 -0.010938
v 0.065625 0.105000 -0.032813
v 0.054688 0.105000 -0.021875
v 0.076563 0.105000 -0.021875
v -0.076563 0.258125 0.175000
v -0.054688 0.258125 0.175000
v -0.065625 0.247187 0.175000
v -0.065625 0.269062 0.175000
v -0.076563 0.170625 0.175000
v -0.054688 0.170625 0.175000
v -0.065625 0.159687 0.175000
v -0.065625 0.181562 0.175000
v -0.164063 0.170625 0.175000
v -0.142188 0.170625 0.175000
v -0.153125 0.159687 0.175000
v -0.153125 0.181562 0.175000
v 0.098438 0.258125 0.175000
v 0.120313 0.258125 0.175000
v 0.109375 0.247187 0.175000
v 0.109375 0.269062 0.175000
v 0.098438 0.170625 0.175000
v 0.120313 0.170625 0.175000
v 0.109375 0.159687 0.175000
v 0.109375 0.181562 0.175000
v 0.010938 0.170625 0.175000
v 0.032813 0.170625 0.175000
v 0.021875 0.159687 0.175000
v 0.021875 0.181562 0.175000
v 0.098438 0.433125 0.175000
v 0.120313 0.433125 0.175000
v 0.109375 0.422188 0.175000
v 0.109375 0.444063 0.175000
v 0.098438 0.345625 0.175000
v 0.120313 0.345625 0.175000
v 0.109375 0.334688 0.175000
v 0.109375 0.356563 0.175000
v 0.010938 0.345625 0.175000
v 0.032813 0.345625 0.175000
v 0.021875 0.334688 0.175000
v 0.021875 0.356563 0.175000
v 0.175000 0.258125 0.076563
v 0.175000 0.258125 0.054688
v 0.175000 0.247187 0.065625
v 0.175000 0.269062 0.065625
v 0.175000 0.170625 0.076563
v 0.175000 0.170625 0.054688
v 0.175000 0.159687 0.065625
v 0.175000 0.181562 0.065625
v 0.175000 0.170625 0.164063
v 0.175000 0.170625 0.142188
v 0.175000 0.159687 0.153125
v 0.175000 0.181562 0.153125
v 0.175000 0.258125 -0.098438
v 0.175000 0.258125 -0.120313
v 0.175000 0.247187 -0.109375
v 0.175000 0.269062 -0.109375
v 0.175000 0.170625 -0.098438
v 0.175000 0.170625 -0.120313
v 0.175000 0.159687 -0.109375
v 0.175000 0.181562 -0.109375
v 0.175000 0.170625 -0.010938
v 0.175000 0.170625 -0.032813
v 0.175000 0.159687 -0.021875
v 0.175000 0.181562 -0.021875
v 0.175000 0.433125 -0.098438
v 0.175000 0.433125 -0.120313
v 0.175000 0.422188 -0.109375
v 0.175000 0.444063 -0.109375
v 0.175000 0.345625 -0.098438
v 0.175000 0.345625 -0.120313
v 0.175000 0.334688 -0.109375
v 0.175000 0.356563 -0.109375
v 0.175000 0.345625 -0.010938
v 0.175000 0.345625 -0.032813
v 0.175000 0.334688 -0.021875
v 0.175000 0.356563 -0.021875
v 0.076563 0.258125 -0.175000
v 0.054688 0.258125 -0.175000
v 0.065625 0.247187 -0.175000
v 0.065625 0.269062 -0.175000
v 0.076563 0.170625 -0.175000
v 0.054688 0.170625 -0.175000
v 0.065625 0.159687 -0.175000
v 0.065625 0.181562 -0.175000
v 0.164063 0.170625 -0.175000
v 0.142188 0.170625 -0.175000
v 0.153125 0.159687 -0.175000
v 0.153125 0.181562 -0.175000
v -0.098438 0.258125 -0.175000
v -0.120313 0.258125 -0.175000
v -0.109375 0.247187 -0.175000
v -0.109375 0.269062 -0.175000
v -0.098438 0.170625 -0.175000
v -0.120313 0.170625 -0.175000
v -0.109375 0.159687 -0.175000
v -0.109375 0.181562 -0.175000
v -0.010938 0.170625 -0.175000
v -0.032813 0.170625 -0.175000
v -0.021875 0.159687 -0.175000
v -0.021875 0.181562 -0.175000
v -0.098438 0.433125 -0.175000
v -0.120313 0.433125 -0.175000
v -0.109375 0.422188 -0.175000
v -0.109375 0.444063 -0.175000
v -0.098438 0.345625 -0.175000
v -0.120313 0.345625 -0.175000
v -0.109375 0.334688 -0.175000
v -0.109375 0.356563 -0.175000
v -0.010938 0.345625 -0.175000
v -0.032813 0.345625 -0.175000
v -0.021875 0.334688 -0.175000
v -0.021875 0.356563 -0.175000
v -0.175000 0.258125 -0.076563
v -0.175000 0.258125 -0.054688
v -0.175000 0.247187 -0.065625
v -0.175000 0.269062 -0.065625
v -0.175000 0.170625 -0.076563
v -0.175000 0.170625 -0.054688
v -0.175000 0.159687 -0.065625
v -0.175000 0.181562 -0.065625
v -0.175000 0.170625 -0.164063
v -0.175000 0.170625 -0.142188
v -0.175000 0.159687 -0.153125
v -0.175000 0.181562 -0.153125
v -0.175000 0.258125 0.098438
v -0.175000 0.258125 0.120313
v -0.175000 0.247187 0.109375
v -0.175000 0.269062 0.109375
v -0.175000 0.170625 0.098438
v -0.175000 0.170625 0.120313
v -0.175000 0.159687 0.109375
v -0.175000 0.181562 0.109375
v -0.175000 0.170625 0.010938
v -0.175000 0.170625 0.032813
v -0.175000 0.159687 0.021875
v -0.175000 0.181562 0.021875
v -0.175000 0.433125 0.098438
v -0.175000 0.433125 0.120313
v -0.175000 0.422188 0.109375
v -0.175000 0.444063 0.109375
v -0.175000 0.345625 0.098438
v -0.175000 0.345625 0.120313
v -0.175000 0.334688 0.109375
v -0.175000 0.356563 0.109375
v -0.175000 0.345625 0.010938
v -0.175000 0.345625 0.032813
v -0.175000 0.334688 0.021875
v -0.175000 0.356563 0.021875
v -0.175000 0.433125 0.010938
v -0.175000 0.433125 0.032813
v -0.175000 0.422188 0.021875
v -0.175000 0.444063 0.021875
v -0.175000 0.258125 0.010938
v -0.175000 0.258125 0.032813
v -0.175000 0.247187 0.021875
v -0.175000 0.269062 0.021875
v -0.175000 0.258125 -0.164063
v -0.175000 0.258125 -0.142188
v -0.175000 0.247187 -0.153125
v -0.175000 0.269062 -0.153125
v -0.010938 0.433125 -0.175000
v -0.032813 0.433125 -0.175000
v -0.021875 0.422188 -0.175000
v -0.021875 0.444063 -0.175000
v -0.010938 0.258125 -0.175000
v -0.032813 0.258125 -0.175000
v -0.021875 0.247187 -0.175000
v -0.021875 0.269062 -0.175000
v 0.164063 0.258125 -0.175000
v 0.142188 0.258125 -0.175000
v 0.153125 0.247187 -0.175000
v 0.153125 0.269062 -0.175000
v 0.175000 0.433125 -0.010938
v 0.175000 0.433125 -0.032813
v 0.175000 0.422188 -0.021875
v 0.175000 0.444063 -0.021875
v 0.175000 0.258125 -0.010938
v 0.175000 0.258125 -0.032813
v 0.175000 0.247187 -0.021875
v 0.175000 0.269062 -0.021875
v 0.175000 0.258125 0.164063
v 0.175000 0.258125 0.142188
v 0.175000 0.247187 0.153125
v 0.175000 0.269062 0.153125
v 0.010938 0.433125 0.175000
v 0.032813 0.433125 0.175000
v 0.021875 0.422188 0.175000
v 0.021875 0.444063 0.175000
v 0.010938 0.258125 0.175000
v 0.032813 0.258125 0.175000
v 0.021875 0.247187 0.175000
v 0.021875 0.269062 0.175000
v -0.164063 0.258125 0.175000
v -0.142188 0.258125 0.175000
v -0.153125 0.247187 0.175000
v -0.153125 0.269062 0.175000
v 0.153125 0.105000 -0.010938
v 0.153125 0.105000 -0.032813
v 0.142188 0.105000 -0.021875
v 0.164063 0.105000 -0.021875
v -0.021875 0.105000 -0.010938
v -0.021875 0.105000 -0.032813
v -0.032813 0.105000 -0.021875
v -0.010938 0.105000 -0.021875
v -0.021875 0.105000 0.164063
v -0.021875 0.105000 0.142188
v -0.032813 0.105000 0.153125
v -0.010938 0.105000 0.153125
v -0.153125 0.455000 -0.010938
v -0.153125 0.455000 -0.032813
v -0.142188 0.455000 -0.021875
v -0.164063 0.455000 -0.021875
v 0.021875 0.455000 -0.010938
v 0.021875 0.455000 -0.032813
v 0.032813 0.455000 -0.021875
v 0.010938 0.455000 -0.021875
v 0.021875 0.455000 0.164063
v 0.021875 0.455000 0.142188
v 0.032813 0.455000 0.153125
v 0.010938 0.455000 0.153125
v -0.153125 0.455000 0.164063
v -0.153125 0.455000 0.142188
v -0.142188 0.455000 0.153125
v -0.164063 0.455000 0.153125
v 0.153125 0.105000 0.164063
v 0.153125 0.105000 0.142188
v 0.142188 0.105000 0.153125
v 0.164063 0.105000 0.153125
v -0.164063 0.433125 0.175000
v -0.142188 0.433125 0.175000
v -0.153125 0.422188 0.175000
v -0.153125 0.444063 0.175000
v 0.175000 0.433125 0.164063
v 0.175000 0.433125 0.142188
v 0.175000 0.422188 0.153125
v 0.175000 0.444063 0.153125
v 0.164063 0.433125 -0.175000
v 0.142188 0.433125 -0.175000
v 0.153125 0.422188 -0.175000
v 0.153125 0.444063 -0.175000
v -0.175000 0.433125 -0.164063
v -0.175000 0.433125 -0.142188
v -0.175000 0.422188 -0.153125
v -0.175000 0.444063 -0.153125
v -0.175000 0.444063 -0.142188
v -0.175000 0.422188 -0.142188
v -0.175000 0.422188 -0.164063
v 0.142188 0.444063 -0.175000
v 0.142188 0.422188 -0.175000
v 0.164063 0.422188 -0.175000
v 0.175000 0.444063 0.142188
v 0.175000 0.422188 0.142188
v 0.175000 0.422188 0.164063
v -0.142188 0.444063 0.175000
v -0.142188 0.422188 0.175000
v -0.164063 0.422188 0.175000
v 0.164063 0.105000 0.142188
v 0.142188 0.105000 0.142188
v 0.142188 0.105000 0.164063
v -0.164063 0.455000 0.142188
v -0.142188 0.455000 0.142188
v -0.142188 0.455000 0.164063
v 0.010938 0.455000 0.142188
v 0.032813 0.455000 0.142188
v 0.032813 0.455000 0.164063
v 0.010938 0.455000 -0.032813
v 0.032813 0.455000 -0.032813
v 0.032813 0.455000 -0.010938
v -0.164063 0.455000 -0.032813
v -0.142188 0.455000 -0.032813
v -0.142188 0.455000 -0.010938
v -0.010938 0.105000 0.142188
v -0.032813 0.105000 0.142188
v -0.032813 0.105000 0.164063
v -0.010938 0.105000 -0.032813
v -0.032813 0.105000 -0.032813
v -0.032813 0.105000 -0.010938
v 0.164063 0.105000 -0.032813
v 0.142188 0.105000 -0.032813
v 0.142188 0.105000 -0.010938
v -0.142188 0.269062 0.175000
v -0.142188 0.247187 0.175000
v -0.164063 0.247187 0.175000
v 0.032813 0.269062 0.175000
v 0.032813 0.247187 0.175000
v 0.010938 0.247187 0.175000
v 0.032813 0.444063 0.175000
v 0.032813 0.422188 0.175000
v 0.010938 0.422188 0.175000
v 0.175000 0.269062 0.142188
v 0.175000 0.247187 0.142188
v 0.175000 0.247187 0.164063
v 0.175000 0.269062 -0.032813
v 0.175000 0.247187 -0.032813
v 0.175000 0.247187 -0.010938
v 0.175000 0.444063 -0.032813
v 0.175000 0.422188 -0.032813
v 0.175000 0.422188 -0.010938
v 0.142188 0.269062 -0.175000
v 0.142188 0.247187 -0.175000
v 0.164063 0.247187 -0.175000
v -0.032813 0.269062 -0.175000
v -0.032813 0.247187 -0.175000
v -0.010938 0.247187 -0.175000
v -0.032813 0.444063 -0.175000
v -0.032813 0.422188 -0.175000
v -0.010938 0.422188 -0.175000
v -0.175000 0.269062 -0.142188
v -0.175000 0.247187 -0.142188
v -0.175000 0.247187 -0.164063
v -0.175000 0.269062 0.032813
v -0.175000 0.247187 0.032813
v -0.175000 0.247187 0.010938
v -0.175000 0.444063 0.032813
v -0.175000 0.422188 0.032813
v -0.175000 0.422188 0.010938
v -0.175000 0.356563 0.032813
v -0.175000 0.334688 0.032813
v -0.175000 0.334688 0.010938
v -0.175000 0.356563 0.120313
v -0.175000 0.334688 0.120313
v -0.175000 0.334688 0.098438
v -0.175000 0.444063 0.120313
v -0.175000 0.422188 0.120313
v -0.175000 0.422188 0.098438
v -0.175000 0.181562 0.032813
v -0.175000 0.159687 0.032813
v -0.175000 0.159687 0.010938
v -0.175000 0.181562 0.120313
v -0.175000 0.159687 0.120313
v -0.175000 0.159687 0.098438
v -0.175000 0.269062 0.120313
v -0.175000 0.247187 0.120313
v -0.175000 0.247187 0.098438
v -0.175000 0.181562 -0.142188
v -0.175000 0.159687 -0.142188
v -0.175000 0.159687 -0.164063
v -0.175000 0.181562 -0.054688
v -0.175000 0.159687 -0.054688
v -0.175000 0.159687 -0.076563
v -0.175000 0.269062 -0.054688
v -0.175000 0.247187 -0.054688
v -0.175000 0.247187 -0.076563
v -0.032813 0.356563 -0.175000
v -0.032813 0.334688 -0.175000
v -0.010938 0.334688 -0.175000
v -0.120313 0.356563 -0.175000
v -0.120313 0.334688 -0.175000
v -0.098438 0.334688 -0.175000
v -0.120313 0.444063 -0.175000
v -0.120313 0.422188 -0.175000
v -0.098438 0.422188 -0.175000
v -0.032813 0.181562 -0.175000
v -0.032813 0.159687 -0.175000
v -0.010938 0.159687 -0.175000
v -0.120313 0.181562 -0.175000
v -0.120313 0.159687 -0.175000
v -0.098438 0.159687 -0.175000
v -0.120313 0.269062 -0.175000
v -0.120313 0.247187 -0.175000
v -0.098438 0.247187 -0.175000
v 0.142188 0.181562 -0.175000
v 0.142188 0.159687 -0.175000
v 0.164063 0.159687 -0.175000
v 0.054688 0.181562 -0.175000
v 0.054688 0.159687 -0.175000
v 0.076563 0.159687 -0.175000
v 0.054688 0.269062 -0.175000
v 0.054688 0.247187 -0.175000
v 0.076563 0.247187 -0.175000
v 0.175000 0.356563 -0.032813
v 0.175000 0.334688 -0.032813
v 0.175000 0.334688 -0.010938
v 0.175000 0.356563 -0.120313
v 0.175000 0.334688 -0.120313
v 0.175000 0.334688 -0.098438
v 0.175000 0.444063 -0.120313
v 0.175000 0.422188 -0.120313
v 0.175000 0.422188 -0.098438
v 0.175000 0.181562 -0.032813
v 0.175000 0.159687 -0.032813
v 0.175000 0.159687 -0.010938
v 0.175000 0.181562 -0.120313
v 0.175000 0.159687 -0.120313
v 0.175000 0.159687 -0.098438
v 0.175000 0.269062 -0.120313
v 0.175000 0.247187 -0.120313
v 0.175000 0.247187 -0.098438
v 0.175000 0.181562 0.142188
v 0.175000 0.159687 0.142188
v 0.175000 0.159687 0.164063
v 0.175000 0.181562 0.054688
v 0.175000 0.159687 0.054688
v 0.175000 0.159687 0.076563
v 0.175000 0.269062 0.054688
v 0.175000 0.247187 0.054688
v 0.175000 0.247187 0.076563
v 0.032813 0.356563 0.175000
v 0.032813 0.334688 0.175000
v 0.010938 0.334688 0.175000
v 0.120313 0.356563 0.175000
v 0.120313 0.334688 0.175000
v 0.098438 0.334688 0.175000
v 0.120313 0.444063 0.175000
v 0.120313 0.422188 0.175000
v 0.098438 0.422188 0.175000
v 0.032813 0.181562 0.175000
v 0.032813 0.159687 0.175000
v 0.010938 0.159687 0.175000
v 0.120313 0.181562 0.175000
v 0.120313 0.159687 0.175000
v 0.098438 0.159687 0.175000
v 0.120313 0.269062 0.175000
v 0.120313 0.247187 0.175000
v 0.098438 0.247187 0.175000
v -0.142188 0.181562 0.175000
v -0.142188 0.159687 0.175000
v -0.164063 0.159687 0.175000
v -0.054688 0.181562 0.175000
v -0.054688 0.159687 0.175000
v -0.076563 0.159687 0.175000
v -0.054688 0.269062 0.175000
v -0.054688 0.247187 0.175000
v -0.076563 0.247187 0.175000
v 0.076563 0.105000 -0.032813
v 0.054688 0.105000 -0.032813
v 0.054688 0.105000 -0.010938
v 0.076563 0.105000 -0.120313
v 0.054688 0.105000 -0.120313
v 0.054688 0.105000 -0.098438
v 0.164063 0.105000 -0.120313
v 0.142188 0.105000 -0.120313
v 0.142188 0.105000 -0.098438
v -0.098438 0.105000 -0.032813
v -0.120313 0.105000 -0.032813
v -0.120313 0.105000 -0.010938
v -0.098438 0.105000 -0.120313
v -0.120313 0.105000 -0.120313
v -0.120313 0.105000 -0.098438
v -0.010938 0.105000 -0.120313
v -0.032813 0.105000 -0.120313
v -0.032813 0.105000 -0.098438
v -0.098438 0.105000 0.142188
v -0.120313 0.105000 0.142188
v -0.120313 0.105000 0.164063
v -0.098438 0.105000 0.054688
v -0.120313 0.105000 0.054688
v -0.120313 0.105000 0.076563
v -0.010938 0.105000 0.054688
v -0.032813 0.105000 0.054688
v -0.032813 0.105000 0.076563
v -0.076563 0.455000 -0.032813
v -0.054688 0.455000 -0.032813
v -0.054688 0.455000 -0.010938
v -0.076563 0.455000 -0.120313
v -0.054688 0.455000 -0.120313
v -0.054688 0.455000 -0.098438
v -0.164063 0.455000 -0.120313
v -0.142188 0.455000 -0.120313
v -0.142188 0.455000 -0.098438
v 0.098438 0.455000 -0.032813
v 0.120313 0.455000 -0.032813
v 0.120313 0.455000 -0.010938
v 0.098438 0.455000 -0.120313
v 0.120313 0.455000 -0.120313
v 0.120313 0.455000 -0.098438
v 0.010938 0.455000 -0.120313
v 0.032813 0.455000 -0.120313
v 0.032813 0.455000 -0.098438
v 0.098438 0.455000 0.142188
v 0.120313 0.455000 0.142188
v 0.120313 0.455000 0.164063
v 0.098438 0.455000 0.054688
v 0.120313 0.455000 0.054688
v 0.120313 0.455000 0.076563
v 0.010938 0.455000 0.054688
v 0.032813 0.455000 0.054688
v 0.032813 0.455000 0.076563
v -0.076563 0.455000 0.142188
v -0.054688 0.455000 0.142188
v -0.054688 0.455000 0.164063
v -0.076563 0.455000 0.054688
v -0.054688 0.455000 0.054688
v -0.054688 0.455000 0.076563
v -0.164063 0.455000 0.054688
v -0.142188 0.455000 0.054688
v -0.142188 0.455000 0.076563
v 0.076563 0.105000 0.142188
v 0.054688 0.105000 0.142188
v 0.054688 0.105000 0.164063
v 0.076563 0.105000 0.054688
v 0.054688 0.105000 0.054688
v 0.054688 0.105000 0.076563
v 0.164063 0.105000 0.054688
v 0.142188 0.105000 0.054688
v 0.142188 0.105000 0.076563
v -0.142188 0.356563 0.175000
v -0.142188 0.334688 0.175000
v -0.164063 0.334688 0.175000
v -0.054688 0.356563 0.175000
v -0.054688 0.334688 0.175000
v -0.076563 0.334688 0.175000
v -0.054688 0.444063 0.175000
v -0.054688 0.422188 0.175000
v -0.076563 0.422188 0.175000
v 0.175000 0.356563 0.142188
v 0.175000 0.334688 0.142188
v 0.175000 0.334688 0.164063
v 0.175000 0.356563 0.054688
v 0.175000 0.334688 0.054688
v 0.175000 0.334688 0.076563
v 0.175000 0.444063 0.054688
v 0.175000 0.422188 0.054688
v 0.175000 0.422188 0.076563
v 0.142188 0.356563 -0.175000
v 0.142188 0.334688 -0.175000
v 0.164063 0.334688 -0.175000
v 0.054688 0.356563 -0.175000
v 0.054688 0.334688 -0.175000
v 0.076563 0.334688 -0.175000
v 0.054688 0.444063 -0.175000
v 0.054688 0.422188 -0.175000
v 0.076563 0.422188 -0.175000
v -0.175000 0.356563 -0.142188
v -0.175000 0.334688 -0.142188
v -0.175000 0.334688 -0.164063
v -0.175000 0.356563 -0.054688
v -0.175000 0.334688 -0.054688
v -0.175000 0.334688 -0.076563
v -0.175000 0.444063 -0.054688
v -0.175000 0.422188 -0.054688
v -0.175000 0.422188 -0.076563
v -0.175000 0.400313 -0.054688
v -0.175000 0.378438 -0.054688
v -0.175000 0.378438 -0.076563
v -0.175000 0.400313 -0.010938
v -0.175000 0.378438 -0.010938
v -0.175000 0.378438 -0.032813
v -0.175000 0.444063 -0.010938
v -0.175000 0.422188 -0.010938
v -0.175000 0.422188 -0.032813
v -0.175000 0.312813 -0.054688
v -0.175000 0.290938 -0.054688
v -0.175000 0.290938 -0.076563
v -0.175000 0.312813 -0.010938
v -0.175000 0.290938 -0.010938
v -0.175000 0.290938 -0.032813
v -0.175000 0.356563 -0.010938
v -0.175000 0.334688 -0.010938
v -0.175000 0.334688 -0.032813
v -0.175000 0.312813 -0.142188
v -0.175000 0.290938 -0.142188
v -0.175000 0.290938 -0.164063
v -0.175000 0.312813 -0.098438
v -0.175000 0.290938 -0.098438
v -0.175000 0.290938 -0.120313
v -0.175000 0.356563 -0.098438
v -0.175000 0.334688 -0.098438
v -0.175000 0.334688 -0.120313
v 0.054688 0.400313 -0.175000
v 0.054688 0.378438 -0.175000
v 0.076563 0.378438 -0.175000
v 0.010938 0.400313 -0.175000
v 0.010938 0.378438 -0.175000
v 0.032813 0.378438 -0.175000
v 0.010938 0.444063 -0.175000
v 0.010938 0.422188 -0.175000
v 0.032813 0.422188 -0.175000
v 0.054688 0.312813 -0.175000
v 0.054688 0.290938 -0.175000
v 0.076563 0.290938 -0.175000
v 0.010938 0.312813 -0.175000
v 0.010938 0.290938 -0.175000
v 0.032813 0.290938 -0.175000
v 0.010938 0.356563 -0.175000
v 0.010938 0.334688 -0.175000
v 0.032813 0.334688 -0.175000
v 0.142188 0.312813 -0.175000
v 0.142188 0.290938 -0.175000
v 0.164063 0.290938 -0.175000
v 0.098438 0.312813 -0.175000
v 0.098438 0.290938 -0.175000
v 0.120313 0.290938 -0.175000
v 0.098438 0.356563 -0.175000
v 0.098438 0.334688 -0.175000
v 0.120313 0.334688 -0.175000
v 0.175000 0.400313 0.054688
v 0.175000 0.378438 0.054688
v 0.175000 0.378438 0.076563
v 0.175000 0.400313 0.010938
v 0.175000 0.378438 0.010938
v 0.175000 0.378438 0.032813
v 0.175000 0.444063 0.010938
v 0.175000 0.422188 0.010938
v 0.175000 0.422188 0.032813
v 0.175000 0.312813 0.054688
v 0.175000 0.290938 0.054688
v 0.175000 0.290938 0.076563
v 0.175000 0.312813 0.010938
v 0.175000 0.290938 0.010938
v 0.175000 0.290938 0.032813
v 0.175000 0.356563 0.010938
v 0.175000 0.334688 0.010938
v 0.175000 0.334688 0.032813
v 0.175000 0.312813 0.142188
v 0.175000 0.290938 0.142188
v 0.175000 0.290938 0.164063
v 0.175000 0.312813 0.098438
v 0.175000 0.290938 0.098438
v 0.175000 0.290938 0.120313
v 0.175000 0.356563 0.098438
v 0.175000 0.334688 0.098438
v 0.175000 0.334688 0.120313
v -0.054688 0.400313 0.175000
v -0.054688 0.378438 0.175000
v -0.076563 0.378438 0.175000
v -0.010938 0.400313 0.175000
v -0.010938 0.378438 0.175000
v -0.032813 0.378438 0.175000
v -0.010938 0.444063 0.175000
v -0.010938 0.422188 0.175000
v -0.032813 0.422188 0.175000
v -0.054688 0.312813 0.175000
v -0.054688 0.290938 0.175000
v -0.076563 0.290938 0.175000
v -0.010938 0.312813 0.175000
v -0.010938 0.290938 0.175000
v -0.032813 0.290938 0.175000
v -0.010938 0.356563 0.175000
v -0.010938 0.334688 0.175000
v -0.032813 0.334688 0.175000
v -0.142188 0.312813 0.175000
v -0.142188 0.290938 0.175000
v -0.164063 0.290938 0.175000
v -0.098438 0.312813 0.175000
v -0.098438 0.290938 0.175000
v -0.120313 0.290938 0.175000
v -0.098438 0.356563 0.175000
v -0.098438 0.334688 0.175000
v -0.120313 0.334688 0.175000
v 0.120313 0.105000 0.054688
v 0.098438 0.105000 0.054688
v 0.098438 0.105000 0.076563
v 0.120313 0.105000 0.010938
v 0.098438 0.105000 0.010938
v 0.098438 0.105000 0.032813
v 0.164063 0.105000 0.010938
v 0.142188 0.105000 0.010938
v 0.142188 0.105000 0.032813
v 0.032813 0.105000 0.054688
v 0.010938 0.105000 0.054688
v 0.010938 0.105000 0.076563
v 0.032813 0.105000 0.010938
v 0.010938 0.105000 0.010938
v 0.010938 0.105000 0.032813
v 0.076563 0.105000 0.010938
v 0.054688 0.105000 0.010938
v 0.054688 0.105000 0.032813
v 0.032813 0.105000 0.142188
v 0.010938 0.105000 0.142188
v 0.010938 0.105000 0.164063
v 0.032813 0.105000 0.098438
v 0.010938 0.105000 0.098438
v 0.010938 0.105000 0.120313
v 0.076563 0.105000 0.098438
v 0.054688 0.105000 0.098438
v 0.054688 0.105000 0.120313
v -0.120313 0.455000 0.054688
v -0.098438 0.455000 0.054688
v -0.098438 0.455000 0.076563
v -0.120313 0.455000 0.010938
v -0.098438 0.455000 0.010938
v -0.098438 0.455000 0.032813
v -0.164063 0.455000 0.010938
v -0.142188 0.455000 0.010938
v -0.142188 0.455000 0.032813
v -0.032813 0.455000 0.054688
v -0.010938 0.455000 0.054688
v -0.010938 0.455000 0.076563
v -0.032813 0.455000 0.010938
v -0.010938 0.455000 0.010938
v -0.010938 0.455000 0.032813
v -0.076563 0.455000 0.010938
v -0.054688 0.455000 0.010938
v -0.054688 0.455000 0.032813
v -0.032813 0.455000 0.142188
v -0.010938 0.455000 0.142188
v -0.010938 0.455000 0.164063
v -0.032813 0.455000 0.098438
v -0.010938 0.455000 0.098438
v -0.010938 0.455000 0.120313
v -0.076563 0.455000 0.098438
v -0.054688 0.455000 0.098438
v -0.054688 0.455000 0.120313
v 0.054688 0.455000 0.054688
v 0.076563 0.455000 0.054688
v 0.076563 0.455000 0.076563
v 0.054688 0.455000 0.010938
v 0.076563 0.455000 0.010938
v 0.076563 0.455000 0.032813
v 0.010938 0.455000 0.010938
v 0.032813 0.455000 0.010938
v 0.032813 0.455000 0.032813
v 0.142188 0.455000 0.054688
v 0.164063 0.455000 0.054688
v 0.164063 0.455000 0.076563
v 0.142188 0.455000 0.010938
v 0.164063 0.455000 0.010938
v 0.164063 0.455000 0.032813
v 0.098438 0.455000 0.010938
v 0.120313 0.455000 0.010938
v 0.120313 0.455000 0.032813
v 0.142188 0.455000 0.142188
v 0.164063 0.455000 0.142188
v 0.164063 0.455000 0.164063
v 0.142188 0.455000 0.098438
v 0.164063 0.455000 0.098438
v 0.164063 0.455000 0.120313
v 0.098438 0.455000 0.098438
v 0.120313 0.455000 0.098438
v 0.120313 0.455000 0.120313
v 0.054688 0.455000 -0.120313
v 0.076563 0.455000 -0.120313
v 0.076563 0.455000 -0.098438
v 0.054688 0.455000 -0.164063
v 0.076563 0.455000 -0.164063
v 0.076563 0.455000 -0.142188
v 0.010938 0.455000 -0.164063
v 0.032813 0.455000 -0.164063
v 0.032813 0.455000 -0.142188
v 0.142188 0.455000 -0.120313
v 0.164063 0.455000 -0.120313
v 0.164063 0.455000 -0.098438
v 0.142188 0.455000 -0.164063
v 0.164063 0.455000 -0.164063
v 0.164063 0.455000 -0.142188
v 0.098438 0.455000 -0.164063
v 0.120313 0.455000 -0.164063
v 0.120313 0.455000 -0.142188
v 0.142188 0.455000 -0.032813
v 0.164063 0.455000 -0.032813
v 0.164063 0.455000 -0.010938
v 0.142188 0.455000 -0.076563
v 0.164063 0.455000 -0.076563
v 0.164063 0.455000 -0.054688
v 0.098438 0.455000 -0.076563
v 0.120313 0.455000 -0.076563
v 0.120313 0.455000 -0.054688
v -0.120313 0.455000 -0.120313
v -0.098438 0.455000 -0.120313
v -0.098438 0.455000 -0.098438
v -0.120313 0.455000 -0.164063
v -0.098438 0.455000 -0.164063
v -0.098438 0.455000 -0.142188
v -0.164063 0.455000 -0.164063
v -0.142188 0.455000 -0.164063
v -0.142188 0.455000 -0.142188
v -0.032813 0.455000 -0.120313
v -0.010938 0.455000 -0.120313
v -0.010938 0.455000 -0.098438
v -0.032813 0.455000 -0.164063
v -0.010938 0.455000 -0.164063
v -0.010938 0.455000 -0.142188
v -0.076563 0.455000 -0.164063
v -0.054688 0.455000 -0.164063
v -0.054688 0.455000 -0.142188
v -0.032813 0.455000 -0.032813
v -0.010938 0.455000 -0.032813
v -0.010938 0.455000 -0.010938
v -0.032813 0.455000 -0.076563
v -0.010938 0.455000 -0.076563
v -0.010938 0.455000 -0.054688
v -0.076563 0.455000 -0.076563
v -0.054688 0.455000 -0.076563
v -0.054688 0.455000 -0.054688
v -0.054688 0.105000 0.054688
v -0.076563 0.105000 0.054688
v -0.076563 0.105000 0.076563
v -0.054688 0.105000 0.010938
v -0.076563 0.105000 0.010938
v -0.076563 0.105000 0.032813
v -0.010938 0.105000 0.010938
v -0.032813 0.105000 0.010938
v -0.032813 0.105000 0.032813
v -0.142188 0.105000 0.054688
v -0.164063 0.105000 0.054688
v -0.164063 0.105000 0.076563
v -0.142188 0.105000 0.010938
v -0.164063 0.105000 0.010938
v -0.164063 0.105000 0.032813
v -0.098438 0.105000 0.010938
v -0.120313 0.105000 0.010938
v -0.120313 0.105000 0.032813
v -0.142188 0.105000 0.142188
v -0.164063 0.105000 0.142188
v -0.164063 0.105000 0.164063
v -0.142188 0.105000 0.098438
v -0.164063 0.105000 0.098438
v -0.164063 0.105000 0.120313
v -0.098438 0.105000 0.098438
v -0.120313 0.105000 0.098438
v -0.120313 0.105000 0.120313
v -0.054688 0.105000 -0.120313
v -0.076563 0.105000 -0.120313
v -0.076563 0.105000 -0.098438
v -0.054688 0.105000 -0.164063
v -0.076563 0.105000 -0.164063
v -0.076563 0.105000 -0.142188
v -0.010938 0.105000 -0.164063
v -0.032813 0.105000 -0.164063
v -0.032813 0.105000 -0.142188
v -0.142188 0.105000 -0.120313
v -0.164063 0.105000 -0.120313
v -0.164063 0.105000 -0.098438
v -0.142188 0.105000 -0.164063
v -0.164063 0.105000 -0.164063
v -0.164063 0.105000 -0.142188
v -0.098438 0.105000 -0.164063
v -0.120313 0.105000 -0.164063
v -0.120313 0.105000 -0.142188
v -0.142188 0.105000 -0.032813
v -0.164063 0.105000 -0.032813
v -0.164063 0.105000 -0.010938
v -0.142188 0.105000 -0.076563
v -0.164063 0.105000 -0.076563
v -0.164063 0.105000 -0.054688
v -0.098438 0.105000 -0.076563
v -0.120313 0.105000 -0.076563
v -0.120313 0.105000 -0.054688
v 0.120313 0.105000 -0.120313
v 0.098438 0.105000 -0.120313
v 0.098438 0.105000 -0.098438
v 0.120313 0.105000 -0.164063
v 0.098438 0.105000 -0.164063
v 0.098438 0.105000 -0.142188
v 0.164063 0.105000 -0.164063
v 0.142188 0.105000 -0.164063
v 0.142188 0.105000 -0.142188
v 0.032813 0.105000 -0.120313
v 0.010938 0.105000 -0.120313
v 0.010938 0.105000 -0.098438
v 0.032813 0.105000 -0.164063
v 0.010938 0.105000 -0.164063
v 0.010938 0.105000 -0.142188
v 0.076563 0.105000 -0.164063
v 0.054688 0.105000 -0.164063
v 0.054688 0.105000 -0.142188
v 0.032813 0.105000 -0.032813
v 0.010938 0.105000 -0.032813
v 0.010938 0.105000 -0.010938
v 0.032813 0.105000 -0.076563
v 0.010938 0.105000 -0.076563
v 0.010938 0.105000 -0.054688
v 0.076563 0.105000 -0.076563
v 0.054688 0.105000 -0.076563
v 0.054688 0.105000 -0.054688
v -0.054688 0.225312 0.175000
v -0.054688 0.203437 0.175000
v -0.076563 0.203437 0.175000
v -0.010938 0.225312 0.175000
v -0.010938 0.203437 0.175000
v -0.032813 0.203437 0.175000
v -0.010938 0.269062 0.175000
v -0.010938 0.247187 0.175000
v -0.032813 0.247187 0.175000
v -0.054688 0.137812 0.175000
v -0.054688 0.115937 0.175000
v -0.076563 0.115937 0.175000
v -0.010938 0.137812 0.175000
v -0.010938 0.115937 0.175000
v -0.032813 0.115937 0.175000
v -0.010938 0.181562 0.175000
v -0.010938 0.159687 0.175000
v -0.032813 0.159687 0.175000
v -0.142188 0.137812 0.175000
v -0.142188 0.115937 0.175000
v -0.164063 0.115937 0.175000
v -0.098438 0.137812 0.175000
v -0.098438 0.115937 0.175000
v -0.120313 0.115937 0.175000
v -0.098438 0.181562 0.175000
v -0.098438 0.159687 0.175000
v -0.120313 0.159687 0.175000
v 0.120313 0.225312 0.175000
v 0.120313 0.203437 0.175000
v 0.098438 0.203437 0.175000
v 0.164063 0.225312 0.175000
v 0.164063 0.203437 0.175000
v 0.142188 0.203437 0.175000
v 0.164063 0.269062 0.175000
v 0.164063 0.247187 0.175000
v 0.142188 0.247187 0.175000
v 0.120313 0.137812 0.175000
v 0.120313 0.115937 0.175000
v 0.098438 0.115937 0.175000
v 0.164063 0.137812 0.175000
v 0.164063 0.115937 0.175000
v 0.142188 0.115937 0.175000
v 0.164063 0.181562 0.175000
v 0.164063 0.159687 0.175000
v 0.142188 0.159687 0.175000
v 0.032813 0.137812 0.175000
v 0.032813 0.115937 0.175000
v 0.010938 0.115937 0.175000
v 0.076563 0.137812 0.175000
v 0.076563 0.115937 0.175000
v 0.054688 0.115937 0.175000
v 0.076563 0.181562 0.175000
v 0.076563 0.159687 0.175000
v 0.054688 0.159687 0.175000
v 0.120313 0.400313 0.175000
v 0.120313 0.378438 0.175000
v 0.098438 0.378438 0.175000
v 0.164063 0.400313 0.175000
v 0.164063 0.378438 0.175000
v 0.142188 0.378438 0.175000
v 0.164063 0.444063 0.175000
v 0.164063 0.422188 0.175000
v 0.142188 0.422188 0.175000
v 0.120313 0.312813 0.175000
v 0.120313 0.290938 0.175000
v 0.098438 0.290938 0.175000
v 0.164063 0.312813 0.175000
v 0.164063 0.290938 0.175000
v 0.142188 0.290938 0.175000
v 0.164063 0.356563 0.175000
v 0.164063 0.334688 0.175000
v 0.142188 0.334688 0.175000
v 0.032813 0.312813 0.175000
v 0.032813 0.290938 0.175000
v 0.010938 0.290938 0.175000
v 0.076563 0.312813 0.175000
v 0.076563 0.290938 0.175000
v 0.054688 0.290938 0.175000
v 0.076563 0.356563 0.175000
v 0.076563 0.334688 0.175000
v 0.054688 0.334688 0.175000
v 0.175000 0.225312 0.054688
v 0.175000 0.203437 0.054688
v 0.175000 0.203437 0.076563
v 0.175000 0.225312 0.010938
v 0.175000 0.203437 0.010938
v 0.175000 0.203437 0.032813
v 0.175000 0.269062 0.010938
v 0.175000 0.247187 0.010938
v 0.175000 0.247187 0.032813
v 0.175000 0.137812 0.054688
v 0.175000 0.115937 0.054688
v 0.175000 0.115937 0.076563
v 0.175000 0.137812 0.010938
v 0.175000 0.115937 0.010938
v 0.175000 0.115937 0.032813
v 0.175000 0.181562 0.010938
v 0.175000 0.159687 0.010938
v 0.175000 0.159687 0.032813
v 0.175000 0.137812 0.142188
v 0.175000 0.115937 0.142188
v 0.175000 0.115937 0.164063
v 0.175000 0.137812 0.098438
v 0.175000 0.115937 0.098438
v 0.175000 0.115937 0.120313
v 0.175000 0.181562 0.098438
v 0.175000 0.159687 0.098438
v 0.175000 0.159687 0.120313
v 0.175000 0.225312 -0.120313
v 0.175000 0.203437 -0.120313
v 0.175000 0.203437 -0.098438
v 0.175000 0.225312 -0.164063
v 0.175000 0.203437 -0.164063
v 0.175000 0.203437 -0.142188
v 0.175000 0.269062 -0.164063
v 0.175000 0.247187 -0.164063
v 0.175000 0.247187 -0.142188
v 0.175000 0.137812 -0.120313
v 0.175000 0.115937 -0.120313
v 0.175000 0.115937 -0.098438
v 0.175000 0.137812 -0.164063
v 0.175000 0.115937 -0.164063
v 0.175000 0.115937 -0.142188
v 0.175000 0.181562 -0.164063
v 0.175000 0.159687 -0.164063
v 0.175000 0.159687 -0.142188
v 0.175000 0.137812 -0.032813
v 0.175000 0.115937 -0.032813
v 0.175000 0.115937 -0.010938
v 0.175000 0.137812 -0.076563
v 0.175000 0.115937 -0.076563
v 0.175000 0.115937 -0.054688
v 0.175000 0.181562 -0.076563
v 0.175000 0.159687 -0.076563
v 0.175000 0.159687 -0.054688
v 0.175000 0.400313 -0.120313
v 0.175000 0.378438 -0.120313
v 0.175000 0.378438 -0.098438
v 0.175000 0.400313 -0.164063
v 0.175000 0.378438 -0.164063
v 0.175000 0.378438 -0.142188
v 0.175000 0.444063 -0.164063
v 0.175000 0.422188 -0.164063
v 0.175000 0.422188 -0.142188
v 0.175000 0.312813 -0.120313
v 0.175000 0.290938 -0.120313
v 0.175000 0.290938 -0.098438
v 0.175000 0.312813 -0.164063
v 0.175000 0.290938 -0.164063
v 0.175000 0.290938 -0.142188
v 0.175000 0.356563 -0.164063
v 0.175000 0.334688 -0.164063
v 0.175000 0.334688 -0.142188
v 0.175000 0.312813 -0.032813
v 0.175000 0.290938 -0.032813
v 0.175000 0.290938 -0.010938
v 0.175000 0.312813 -0.076563
v 0.175000 0.290938 -0.076563
v 0.175000 0.290938 -0.054688
v 0.175000 0.356563 -0.076563
v 0.175000 0.334688 -0.076563
v 0.175000 0.334688 -0.054688
v 0.054688 0.225312 -0.175000
v 0.054688 0.203437 -0.175000
v 0.076563 0.203437 -0.175000
v 0.010938 0.225312 -0.175000
v 0.010938 0.203437 -0.175000
v 0.032813 0.203437 -0.175000
v 0.010938 0.269062 -0.175000
v 0.010938 0.247187 -0.175000
v 0.032813 0.247187 -0.175000
v 0.054688 0.137812 -0.175000
v 0.054688 0.115937 -0.175000
v 0.076563 0.115937 -0.175000
v 0.010938 0.137812 -0.175000
v 0.010938 0.115937 -0.175000
v 0.032813 0.115937 -0.175000
v 0.010938 0.181562 -0.175000
v 0.010938 0.159687 -0.175000
v 0.032813 0.159687 -0.175000
v 0.142188 0.137812 -0.175000
v 0.142188 0.115937 -0.175000
v 0.164063 0.115937 -0.175000
v 0.098438 0.137812 -0.175000
v 0.098438 0.115937 -0.175000
v 0.120313 0.115937 -0.175000
v 0.098438 0.181562 -0.175000
v 0.098438 0.159687 -0.175000
v 0.120313 0.159687 -0.175000
v -0.120313 0.225312 -0.175000
v -0.120313 0.203437 -0.175000
v -0.098438 0.203437 -0.175000
v -0.164063 0.225312 -0.175000
v -0.164063 0.203437 -0.175000
v -0.142188 0.203437 -0.175000
v -0.164063 0.269062 -0.175000
v -0.164063 0.247187 -0.175000
v -0.142188 0.247187 -0.175000
v -0.120313 0.137812 -0.175000
v -0.120313 0.115937 -0.175000
v -0.098438 0.115937 -0.175000
v -0.164063 0.137812 -0.175000
v -0.164063 0.115937 -0.175000
v -0.142188 0.115937 -0.175000
v -0.164063 0.181562 -0.175000
v -0.164063 0.159687 -0.175000
v -0.142188 0.159687 -0.175000
v -0.032813 0.137812 -0.175000
v -0.032813 0.115937 -0.175000
v -0.010938 0.115937 -0.175000
v -0.076563 0.137812 -0.175000
v -0.076563 0.115937 -0.175000
v -0.054688 0.115937 -0.175000
v -0.076563 0.181562 -0.175000
v -0.076563 0.159687 -0.175000
v -0.054688 0.159687 -0.175000
v -0.120313 0.400313 -0.175000
v -0.120313 0.378438 -0.175000
v -0.098438 0.378438 -0.175000
v -0.164063 0.400313 -0.175000
v -0.164063 0.378438 -0.175000
v -0.142188 0.378438 -0.175000
v -0.164063 0.444063 -0.175000
v -0.164063 0.422188 -0.175000
v -0.142188 0.422188 -0.175000
v -0.120313 0.312813 -0.175000
v -0.120313 0.290938 -0.175000
v -0.098438 0.290938 -0.175000
v -0.164063 0.312813 -0.175000
v -0.164063 0.290938 -0.175000
v -0.142188 0.290938 -0.175000
v -0.164063 0.356563 -0.175000
v -0.164063 0.334688 -0.175000
v -0.142188 0.334688 -0.175000
v -0.032813 0.312813 -0.175000
v -0.032813 0.290938 -0.175000
v -0.010938 0.290938 -0.175000
v -0.076563 0.312813 -0.175000
v -0.076563 0.290938 -0.175000
v -0.054688 0.290938 -0.175000
v -0.076563 0.356563 -0.175000
v -0.076563 0.334688 -0.175000
v -0.054688 0.334688 -0.175000
v -0.175000 0.225312 -0.054688
v -0.175000 0.203437 -0.054688
v -0.175000 0.203437 -0.076563
v -0.175000 0.225312 -0.010938
v -0.175000 0.203437 -0.010938
v -0.175000 0.203437 -0.032813
v -0.175000 0.269062 -0.010938
v -0.175000 0.247187 -0.010938
v -0.175000 0.247187 -0.032813
v -0.175000 0.137812 -0.054688
v -0.175000 0.115937 -0.054688
v -0.175000 0.115937 -0.076563
v -0.175000 0.137812 -0.010938
v -0.175000 0.115937 -0.010938
v -0.175000 0.115937 -0.032813
v -0.175000 0.181562 -0.010938
v -0.175000 0.159687 -0.010938
v -0.175000 0.159687 -0.032813
v -0.175000 0.137812 -0.142188
v -0.175000 0.115937 -0.142188
v -0.175000 0.115937 -0.164063
v -0.175000 0.137812 -0.098438
v -0.175000 0.115937 -0.098438
v -0.175000 0.115937 -0.120313
v -0.175000 0.181562 -0.098438
v -0.175000 0.159687 -0.098438
v -0.175000 0.159687 -0.120313
v -0.175000 0.225312 0.120313
v -0.175000 0.203437 0.120313
v -0.175000 0.203437 0.098438
v -0.175000 0.225312 0.164063
v -0.175000 0.203437 0.164063
v -0.175000 0.203437 0.142188
v -0.175000 0.269062 0.164063
v -0.175000 0.247187 0.164063
v -0.175000 0.247187 0.142188
v -0.175000 0.137812 0.120313
v -0.175000 0.115937 0.120313
v -0.175000 0.115937 0.098438
v -0.175000 0.137812 0.164063
v -0.175000 0.115937 0.164063
v -0.175000 0.115937 0.142188
v -0.175000 0.181562 0.164063
v -0.175000 0.159687 0.164063
v -0.175000 0.159687 0.142188
v -0.175000 0.137812 0.032813
v -0.175000 0.115937 0.032813
v -0.175000 0.115937 0.010938
v -0.175000 0.137812 0.076563
v -0.175000 0.115937 0.076563
v -0.175000 0.115937 0.054688
v -0.175000 0.181562 0.076563
v -0.175000 0.159687 0.076563
v -0.175000 0.159687 0.054688
v -0.175000 0.400313 0.120313
v -0.175000 0.378438 0.120313
v -0.175000 0.378438 0.098438
v -0.175000 0.400313 0.164063
v -0.175000 0.378438 0.164063
v -0.175000 0.378438 0.142188
v -0.175000 0.444063 0.164063
v -0.175000 0.422188 0.164063
v -0.175000 0.422188 0.142188
v -0.175000 0.312813 0.120313
v -0.175000 0.290938 0.120313
v -0.175000 0.290938 0.098438
v -0.175000 0.312813 0.164063
v -0.175000 0.290938 0.164063
v -0.175000 0.290938 0.142188
v -0.175000 0.356563 0.164063
v -0.175000 0.334688 0.164063
v -0.175000 0.334688 0.142188
v -0.175000 0.312813 0.032813
v -0.175000 0.290938 0.032813
v -0.175000 0.290938 0.010938
v -0.175000 0.312813 0.076563
v -0.175000 0.290938 0.076563
v -0.175000 0.290938 0.054688
v -0.175000 0.356563 0.076563
v -0.175000 0.334688 0.076563
v -0.175000 0.334688 0.054688
v -0.175000 0.400313 0.032813
v -0.175000 0.378438 0.032813
v -0.175000 0.378438 0.010938
v -0.175000 0.400313 0.076563
v -0.175000 0.378438 0.076563
v -0.175000 0.378438 0.054688
v -0.175000 0.444063 0.076563
v -0.175000 0.422188 0.076563
v -0.175000 0.422188 0.054688
v -0.175000 0.225312 0.032813
v -0.175000 0.203437 0.032813
v -0.175000 0.203437 0.010938
v -0.175000 0.225312 0.076563
v -0.175000 0.203437 0.076563
v -0.175000 0.203437 0.054688
v -0.175000 0.269062 0.076563
v -0.175000 0.247187 0.076563
v -0.175000 0.247187 0.054688
v -0.175000 0.225312 -0.142188
v -0.175000 0.203437 -0.142188
v -0.175000 0.203437 -0.164063
v -0.175000 0.225312 -0.098438
v -0.175000 0.203437 -0.098438
v -0.175000 0.203437 -0.120313
v -0.175000 0.269062 -0.098438
v -0.175000 0.247187 -0.098438
v -0.175000 0.247187 -0.120313
v -0.032813 0.400313 -0.175000
v -0.032813 0.378438 -0.175000
v -0.010938 0.378438 -0.175000
v -0.076563 0.400313 -0.175000
v -0.076563 0.378438 -0.175000
v -0.054688 0.378438 -0.175000
v -0.076563 0.444063 -0.175000
v -0.076563 0.422188 -0.175000
v -0.054688 0.422188 -0.175000
v -0.032813 0.225312 -0.175000
v -0.032813 0.203437 -0.175000
v -0.010938 0.203437 -0.175000
v -0.076563 0.225312 -0.175000
v -0.076563 0.203437 -0.175000
v -0.054688 0.203437 -0.175000
v -0.076563 0.269062 -0.175000
v -0.076563 0.247187 -0.175000
v -0.054688 0.247187 -0.175000
v 0.142188 0.225312 -0.175000
v 0.142188 0.203437 -0.175000
v 0.164063 0.203437 -0.175000
v 0.098438 0.225312 -0.175000
v 0.098438 0.203437 -0.175000
v 0.120313 0.203437 -0.175000
v 0.098438 0.269062 -0.175000
v 0.098438 0.247187 -0.175000
v 0.120313 0.247187 -0.175000
v 0.175000 0.400313 -0.032813
v 0.175000 0.378438 -0.032813
v 0.175000 0.378438 -0.010938
v 0.175000 0.400313 -0.076563
v 0.175000 0.378438 -0.076563
v 0.175000 0.378438 -0.054688
v 0.175000 0.444063 -0.076563
v 0.175000 0.422188 -0.076563
v 0.175000 0.422188 -0.054688
v 0.175000 0.225312 -0.032813
v 0.175000 0.203437 -0.032813
v 0.175000 0.203437 -0.010938
v 0.175000 0.225312 -0.076563
v 0.175000 0.203437 -0.076563
v 0.175000 0.203437 -0.054688
v 0.175000 0.269062 -0.076563
v 0.175000 0.247187 -0.076563
v 0.175000 0.247187 -0.054688
v 0.175000 0.225312 0.142188
v 0.175000 0.203437 0.142188
v 0.175000 0.203437 0.164063
v 0.175000 0.225312 0.098438
v 0.175000 0.203437 0.098438
v 0.175000 0.203437 0.120313
v 0.175000 0.269062 0.098438
v 0.175000 0.247187 0.098438
v 0.175000 0.247187 0.120313
v 0.032813 0.400313 0.175000
v 0.032813 0.378438 0.175000
v 0.010938 0.378438 0.175000
v 0.076563 0.400313 0.175000
v 0.076563 0.378438 0.175000
v 0.054688 0.378438 0.175000
v 0.076563 0.444063 0.175000
v 0.076563 0.422188 0.175000
v 0.054688 0.422188 0.175000
v 0.032813 0.225312 0.175000
v 0.032813 0.203437 0.175000
v 0.010938 0.203437 0.175000
v 0.076563 0.225312 0.175000
v 0.076563 0.203437 0.175000
v 0.054688 0.203437 0.175000
v 0.076563 0.269062 0.175000
v 0.076563 0.247187 0.175000
v 0.054688 0.247187 0.175000
v -0.142188 0.225312 0.175000
v -0.142188 0.203437 0.175000
v -0.164063 0.203437 0.175000
v -0.098438 0.225312 0.175000
v -0.098438 0.203437 0.175000
v -0.120313 0.203437 0.175000
v -0.098438 0.269062 0.175000
v -0.098438 0.247187 0.175000
v -0.120313 0.247187 0.175000
v 0.120313 0.105000 -0.032813
v 0.098438 0.105000 -0.032813
v 0.098438 0.105000 -0.010938
v 0.120313 0.105000 -0.076563
v 0.098438 0.105000 -0.076563
v 0.098438 0.105000 -0.054688
v 0.164063 0.105000 -0.076563
v 0.142188 0.105000 -0.076563
v 0.142188 0.105000 -0.054688
v -0.054688 0.105000 -0.032813
v -0.076563 0.105000 -0.032813
v -0.076563 0.105000 -0.010938
v -0.054688 0.105000 -0.076563
v -0.076563 0.105000 -0.076563
v -0.076563 0.105000 -0.054688
v -0.010938 0.105000 -0.076563
v -0.032813 0.105000 -0.076563
v -0.032813 0.105000 -0.054688
v -0.054688 0.105000 0.142188
v -0.076563 0.105000 0.142188
v -0.076563 0.105000 0.164063
v -0.054688 0.105000 0.098438
v -0.076563 0.105000 0.098438
v -0.076563 0.105000 0.120313
v -0.010938 0.105000 0.098438
v -0.032813 0.105000 0.098438
v -0.032813 0.105000 0.120313
v -0.120313 0.455000 -0.032813
v -0.098438 0.455000 -0.032813
v -0.098438 0.455000 -0.010938
v -0.120313 0.455000 -0.076563
v -0.098438 0.455000 -0.076563
v -0.098438 0.455000 -0.054688
v -0.164063 0.455000 -0.076563
v -0.142188 0.455000 -0.076563
v -0.142188 0.455000 -0.054688
v 0.054688 0.455000 -0.032813
v 0.076563 0.455000 -0.032813
v 0.076563 0.455000 -0.010938
v 0.054688 0.455000 -0.076563
v 0.076563 0.455000 -0.076563
v 0.076563 0.455000 -0.054688
v 0.010938 0.455000 -0.076563
v 0.032813 0.455000 -0.076563
v 0.032813 0.455000 -0.054688
v 0.054688 0.455000 0.142188
v 0.076563 0.455000 0.142188
v 0.076563 0.455000 0.164063
v 0.054688 0.455000 0.098438
v 0.076563 0.455000 0.098438
v 0.076563 0.455000 0.120313
v 0.010938 0.455000 0.098438
v 0.032813 0.455000 0.098438
v 0.032813 0.455000 0.120313
v -0.120313 0.455000 0.142188
v -0.098438 0.455000 0.142188
v -0.098438 0.455000 0.164063
v -0.120313 0.455000 0.098438
v -0.098438 0.455000 0.098438
v -0.098438 0.455000 0.120313
v -0.164063 0.455000 0.098438
v -0.142188 0.455000 0.098438
v -0.142188 0.455000 0.120313
v 0.120313 0.105000 0.142188
v 0.098438 0.105000 0.142188
v 0.098438 0.105000 0.164063
v 0.120313 0.105000 0.098438
v 0.098438 0.105000 0.098438
v 0.098438 0.105000 0.120313
v 0.164063 0.105000 0.098438
v 0.142188 0.105000 0.098438
v 0.142188 0.105000 0.120313
v -0.142188 0.400313 0.175000
v -0.142188 0.378438 0.175000
v -0.164063 0.378438 0.175000
v -0.098438 0.400313 0.175000
v -0.098438 0.378438 0.175000
v -0.120313 0.378438 0.175000
v -0.098438 0.444063 0.175000
v -0.098438 0.422188 0.175000
v -0.120313 0.422188 0.175000
v 0.175000 0.400313 0.142188
v 0.175000 0.378438 0.142188
v 0.175000 0.378438 0.164063
v 0.175000 0.400313 0.098438
v 0.175000 0.378438 0.098438
v 0.175000 0.378438 0.120313
v 0.175000 0.444063 0.098438
v 0.175000 0.422188 0.098438
v 0.175000 0.422188 0.120313
v 0.142188 0.400313 -0.175000
v 0.142188 0.378438 -0.175000
v 0.164063 0.378438 -0.175000
v 0.098438 0.400313 -0.175000
v 0.098438 0.378438 -0.175000
v 0.120313 0.378438 -0.175000
v 0.098438 0.444063 -0.175000
v 0.098438 0.422188 -0.175000
v 0.120313 0.422188 -0.175000
v -0.175000 0.400313 -0.142188
v -0.175000 0.378438 -0.142188
v -0.175000 0.378438 -0.164063
v -0.175000 0.400313 -0.098438
v -0.175000 0.378438 -0.098438
v -0.175000 0.378438 -0.120313
v -0.175000 0.444063 -0.098438
v -0.175000 0.422188 -0.098438
v -0.175000 0.422188 -0.120313
v -0.175000 0.444063 -0.120313
v -0.175000 0.400313 -0.120313
v -0.175000 0.400313 -0.164063
v 0.120313 0.444063 -0.175000
v 0.120313 0.400313 -0.175000
v 0.164063 0.400313 -0.175000
v 0.175000 0.444063 0.120313
v 0.175000 0.400313 0.120313
v 0.175000 0.400313 0.164063
v -0.120313 0.444063 0.175000
v -0.120313 0.400313 0.175000
v -0.164063 0.400313 0.175000
v 0.164063 0.105000 0.120313
v 0.120313 0.105000 0.120313
v 0.120313 0.105000 0.164063
v -0.164063 0.455000 0.120313
v -0.120313 0.455000 0.120313
v -0.120313 0.455000 0.164063
v 0.010938 0.455000 0.120313
v 0.054688 0.455000 0.120313
v 0.054688 0.455000 0.164063
v 0.010938 0.455000 -0.054688
v 0.054688 0.455000 -0.054688
v 0.054688 0.455000 -0.010938
v -0.164063 0.455000 -0.054688
v -0.120313 0.455000 -0.054688
v -0.120313 0.455000 -0.010938
v -0.010938 0.105000 0.120313
v -0.054688 0.105000 0.120313
v -0.054688 0.105000 0.164063
v -0.010938 0.105000 -0.054688
v -0.054688 0.105000 -0.054688
v -0.054688 0.105000 -0.010938
v 0.164063 0.105000 -0.054688
v 0.120313 0.105000 -0.054688
v 0.120313 0.105000 -0.010938
v -0.120313 0.269062 0.175000
v -0.120313 0.225312 0.175000
v -0.164063 0.225312 0.175000
v 0.054688 0.269062 0.175000
v 0.054688 0.225312 0.175000
v 0.010938 0.225312 0.175000
v 0.054688 0.444063 0.175000
v 0.054688 0.400313 0.175000
v 0.010938 0.400313 0.175000
v 0.175000 0.269062 0.120313
v 0.175000 0.225312 0.120313
v 0.175000 0.225312 0.164063
v 0.175000 0.269062 -0.054688
v 0.175000 0.225312 -0.054688
v 0.175000 0.225312 -0.010938
v 0.175000 0.444063 -0.054688
v 0.175000 0.400313 -0.054688
v 0.175000 0.400313 -0.010938
v 0.120313 0.269062 -0.175000
v 0.120313 0.225312 -0.175000
v 0.164063 0.225312 -0.175000
v -0.054688 0.269062 -0.175000
v -0.054688 0.225312 -0.175000
v -0.010938 0.225312 -0.175000
v -0.054688 0.444063 -0.175000
v -0.054688 0.400313 -0.175000
v -0.010938 0.400313 -0.175000
v -0.175000 0.269062 -0.120313
v -0.175000 0.225312 -0.120313
v -0.175000 0.225312 -0.164063
v -0.175000 0.269062 0.054688
v -0.175000 0.225312 0.054688
v -0.175000 0.225312 0.010938
v -0.175000 0.444063 0.054688
v -0.175000 0.400313 0.054688
v -0.175000 0.400313 0.010938
v -0.175000 0.356563 0.054688
v -0.175000 0.312813 0.054688
v -0.175000 0.312813 0.010938
v -0.175000 0.356563 0.142188
v -0.175000 0.312813 0.142188
v -0.175000 0.312813 0.098438
v -0.175000 0.444063 0.142188
v -0.175000 0.400313 0.142188
v -0.175000 0.400313 0.098438
v -0.175000 0.181562 0.054688
v -0.175000 0.137812 0.054688
v -0.175000 0.137812 0.010938
v -0.175000 0.181562 0.142188
v -0.175000 0.137812 0.142188
v -0.175000 0.137812 0.098438
v -0.175000 0.269062 0.142188
v -0.175000 0.225312 0.142188
v -0.175000 0.225312 0.098438
v -0.175000 0.181562 -0.120313
v -0.175000 0.137812 -0.120313
v -0.175000 0.137812 -0.164063
v -0.175000 0.181562 -0.032813
v -0.175000 0.137812 -0.032813
v -0.175000 0.137812 -0.076563
v -0.175000 0.269062 -0.032813
v -0.175000 0.225312 -0.032813
v -0.175000 0.225312 -0.076563
v -0.054688 0.356563 -0.175000
v -0.054688 0.312813 -0.175000
v -0.010938 0.312813 -0.175000
v -0.142188 0.356563 -0.175000
v -0.142188 0.312813 -0.175000
v -0.098438 0.312813 -0.175000
v -0.142188 0.444063 -0.175000
v -0.142188 0.400313 -0.175000
v -0.098438 0.400313 -0.175000
v -0.054688 0.181562 -0.175000
v -0.054688 0.137812 -0.175000
v -0.010938 0.137812 -0.175000
v -0.142188 0.181562 -0.175000
v -0.142188 0.137812 -0.175000
v -0.098438 0.137812 -0.175000
v -0.142188 0.269062 -0.175000
v -0.142188 0.225312 -0.175000
v -0.098438 0.225312 -0.175000
v 0.120313 0.181562 -0.175000
v 0.120313 0.137812 -0.175000
v 0.164063 0.137812 -0.175000
v 0.032813 0.181562 -0.175000
v 0.032813 0.137812 -0.175000
v 0.076563 0.137812 -0.175000
v 0.032813 0.269062 -0.175000
v 0.032813 0.225312 -0.175000
v 0.076563 0.225312 -0.175000
v 0.175000 0.356563 -0.054688
v 0.175000 0.312813 -0.054688
v 0.175000 0.312813 -0.010938
v 0.175000 0.356563 -0.142188
v 0.175000 0.312813 -0.142188
v 0.175000 0.312813 -0.098438
v 0.175000 0.444063 -0.142188
v 0.175000 0.400313 -0.142188
v 0.175000 0.400313 -0.098438
v 0.175000 0.181562 -0.054688
v 0.175000 0.137812 -0.054688
v 0.175000 0.137812 -0.010938
v 0.175000 0.181562 -0.142188
v 0.175000 0.137812 -0.142188
v 0.175000 0.137812 -0.098438
v 0.175000 0.269062 -0.142188
v 0.175000 0.225312 -0.142188
v 0.175000 0.225312 -0.098438
v 0.175000 0.181562 0.120313
v 0.175000 0.137812 0.120313
v 0.175000 0.137812 0.164063
v 0.175000 0.181562 0.032813
v 0.175000 0.137812 0.032813
v 0.175000 0.137812 0.076563
v 0.175000 0.269062 0.032813
v 0.175000 0.225312 0.032813
v 0.175000 0.225312 0.076563
v 0.054688 0.356563 0.175000
v 0.054688 0.312813 0.175000
v 0.010938 0.312813 0.175000
v 0.142188 0.356563 0.175000
v 0.142188 0.312813 0.175000
v 0.098438 0.312813 0.175000
v 0.142188 0.444063 0.175000
v 0.142188 0.400313 0.175000
v 0.098438 0.400313 0.175000
v 0.054688 0.181562 0.175000
v 0.054688 0.137812 0.175000
v 0.010938 0.137812 0.175000
v 0.142188 0.181562 0.175000
v 0.142188 0.137812 0.175000
v 0.098438 0.137812 0.175000
v 0.142188 0.269062 0.175000
v 0.142188 0.225312 0.175000
v 0.098438 0.225312 0.175000
v -0.120313 0.181562 0.175000
v -0.120313 0.137812 0.175000
v -0.164063 0.137812 0.175000
v -0.032813 0.181562 0.175000
v -0.032813 0.137812 0.175000
v -0.076563 0.137812 0.175000
v -0.032813 0.269062 0.175000
v -0.032813 0.225312 0.175000
v -0.076563 0.225312 0.175000
v 0.076563 0.105000 -0.054688
v 0.032813 0.105000 -0.054688
v 0.032813 0.105000 -0.010938
v 0.076563 0.105000 -0.142188
v 0.032813 0.105000 -0.142188
v 0.032813 0.105000 -0.098438
v 0.164063 0.105000 -0.142188
v 0.120313 0.105000 -0.142188
v 0.120313 0.105000 -0.098438
v -0.098438 0.105000 -0.054688
v -0.142188 0.105000 -0.054688
v -0.142188 0.105000 -0.010938
v -0.098438 0.105000 -0.142188
v -0.142188 0.105000 -0.142188
v -0.142188 0.105000 -0.098438
v -0.010938 0.105000 -0.142188
v -0.054688 0.105000 -0.142188
v -0.054688 0.105000 -0.098438
v -0.098438 0.105000 0.120313
v -0.142188 0.105000 0.120313
v -0.142188 0.105000 0.164063
v -0.098438 0.105000 0.032813
v -0.142188 0.105000 0.032813
v -0.142188 0.105000 0.076563
v -0.010938 0.105000 0.032813
v -0.054688 0.105000 0.032813
v -0.054688 0.105000 0.076563
v -0.076563 0.455000 -0.054688
v -0.032813 0.455000 -0.054688
v -0.032813 0.455000 -0.010938
v -0.076563 0.455000 -0.142188
v -0.032813 0.455000 -0.142188
v -0.032813 0.455000 -0.098438
v -0.164063 0.455000 -0.142188
v -0.120313 0.455000 -0.142188
v -0.120313 0.455000 -0.098438
v 0.098438 0.455000 -0.054688
v 0.142188 0.455000 -0.054688
v 0.142188 0.455000 -0.010938
v 0.098438 0.455000 -0.142188
v 0.142188 0.455000 -0.142188
v 0.142188 0.455000 -0.098438
v 0.010938 0.455000 -0.142188
v 0.054688 0.455000 -0.142188
v 0.054688 0.455000 -0.098438
v 0.098438 0.455000 0.120313
v 0.142188 0.455000 0.120313
v 0.142188 0.455000 0.164063
v 0.098438 0.455000 0.032813
v 0.142188 0.455000 0.032813
v 0.142188 0.455000 0.076563
v 0.010938 0.455000 0.032813
v 0.054688 0.455000 0.032813
v 0.054688 0.455000 0.076563
v -0.076563 0.455000 0.120313
v -0.032813 0.455000 0.120313
v -0.032813 0.455000 0.164063
v -0.076563 0.455000 0.032813
v -0.032813 0.455000 0.032813
v -0.032813 0.455000 0.076563
v -0.164063 0.455000 0.032813
v -0.120313 0.455000 0.032813
v -0.120313 0.455000 0.076563
v 0.076563 0.105000 0.120313
v 0.032813 0.105000 0.120313
v 0.032813 0.105000 0.164063
v 0.076563 0.105000 0.032813
v 0.032813 0.105000 0.032813
v 0.032813 0.105000 0.076563
v 0.164063 0.105000 0.032813
v 0.120313 0.105000 0.032813
v 0.120313 0.105000 0.076563
v -0.120313 0.356563 0.175000
v -0.120313 0.312813 0.175000
v -0.164063 0.312813 0.175000
v -0.032813 0.356563 0.175000
v -0.032813 0.312813 0.175000
v -0.076563 0.312813 0.175000
v -0.032813 0.444063 0.175000
v -0.032813 0.400313 0.175000
v -0.076563 0.400313 0.175000
v 0.175000 0.356563 0.120313
v 0.175000 0.312813 0.120313
v 0.175000 0.312813 0.164063
v 0.175000 0.356563 0.032813
v 0.175000 0.312813 0.032813
v 0.175000 0.312813 0.076563
v 0.175000 0.444063 0.032813
v 0.175000 0.400313 0.032813
v 0.175000 0.400313 0.076563
v 0.120313 0.356563 -0.175000
v 0.120313 0.312813 -0.175000
v 0.164063 0.312813 -0.175000
v 0.032813 0.356563 -0.175000
v 0.032813 0.312813 -0.175000
v 0.076563 0.312813 -0.175000
v 0.032813 0.444063 -0.175000
v 0.032813 0.400313 -0.175000
v 0.076563 0.400313 -0.175000
v -0.175000 0.356563 -0.120313
v -0.175000 0.312813 -0.120313
v -0.175000 0.312813 -0.164063
v -0.175000 0.356563 -0.032813
v -0.175000 0.312813 -0.032813
v -0.175000 0.312813 -0.076563
v -0.175000 0.444063 -0.032813
v -0.175000 0.400313 -0.032813
v -0.175000 0.400313 -0.076563
v -0.175000 0.444063 -0.076563
v -0.175000 0.356563 -0.076563
v -0.175000 0.356563 -0.164063
v 0.076563 0.444063 -0.175000
v 0.076563 0.356563 -0.175000
v 0.164063 0.356563 -0.175000
v 0.175000 0.444063 0.076563
v 0.175000 0.356563 0.076563
v 0.175000 0.356563 0.164063
v -0.076563 0.444063 0.175000
v -0.076563 0.356563 0.175000
v -0.164063 0.356563 0.175000
v 0.164063 0.105000 0.076563
v 0.076563 0.105000 0.076563
v 0.076563 0.105000 0.164063
v -0.164063 0.455000 0.076563
v -0.076563 0.455000 0.076563
v -0.076563 0.455000 0.164063
v 0.010938 0.455000 0.076563
v 0.098438 0.455000 0.076563
v 0.098438 0.455000 0.164063
v 0.010938 0.455000 -0.098438
v 0.098438 0.455000 -0.098438
v 0.098438 0.455000 -0.010938
v -0.164063 0.455000 -0.098438
v -0.076563 0.455000 -0.098438
v -0.076563 0.455000 -0.010938
v -0.010938 0.105000 0.076563
v -0.098438 0.105000 0.076563
v -0.098438 0.105000 0.164063
v -0.010938 0.105000 -0.098438
v -0.098438 0.105000 -0.098438
v -0.098438 0.105000 -0.010938
v 0.164063 0.105000 -0.098438
v 0.076563 0.105000 -0.098438
v 0.076563 0.105000 -0.010938
v -0.076563 0.269062 0.175000
v -0.076563 0.181562 0.175000
v -0.164063 0.181562 0.175000
v 0.098438 0.269062 0.175000
v 0.098438 0.181562 0.175000
v 0.010938 0.181562 0.175000
v 0.098438 0.444063 0.175000
v 0.098438 0.356563 0.175000
v 0.010938 0.356563 0.175000
v 0.175000 0.269062 0.076563
v 0.175000 0.181562 0.076563
v 0.175000 0.181562 0.164063
v 0.175000 0.269062 -0.098438
v 0.175000 0.181562 -0.098438
v 0.175000 0.181562 -0.010938
v 0.175000 0.444063 -0.098438
v 0.175000 0.356563 -0.098438
v 0.175000 0.356563 -0.010938
v 0.076563 0.269062 -0.175000
v 0.076563 0.181562 -0.175000
v 0.164063 0.181562 -0.175000
v -0.098438 0.269062 -0.175000
v -0.098438 0.181562 -0.175000
v -0.010938 0.181562 -0.175000
v -0.098438 0.444063 -0.175000
v -0.098438 0.356563 -0.175000
v -0.010938 0.356563 -0.175000
v -0.175000 0.269062 -0.076563
v -0.175000 0.181562 -0.076563
v -0.175000 0.181562 -0.164063
v -0.175000 0.269062 0.098438
v -0.175000 0.181562 0.098438
v -0.175000 0.181562 0.010938
v -0.175000 0.444063 0.098438
v -0.175000 0.356563 0.098438
v -0.175000 0.356563 0.010938
v -0.175000 0.444063 0.010938
v -0.175000 0.269062 0.010938
v -0.175000 0.269062 -0.164063
v -0.010938 0.444063 -0.175000
v -0.010938 0.269062 -0.175000
v 0.164063 0.269062 -0.175000
v 0.175000 0.444063 -0.010938
v 0.175000 0.269062 -0.010938
v 0.175000 0.269062 0.164063
v 0.010938 0.444063 0.175000
v 0.010938 0.269062 0.175000
v -0.164063 0.269062 0.175000
v 0.164063 0.105000 -0.010938
v -0.010938 0.105000 -0.010938
v -0.010938 0.105000 0.164063
v -0.164063 0.455000 -0.010938
v 0.010938 0.455000 -0.010938
v 0.010938 0.455000 0.164063
v -0.164063 0.455000 0.164063
v 0.164063 0.105000 0.164063
v -0.164063 0.444063 0.175000
v 0.175000 0.444063 0.164063
v 0.164063 0.444063 -0.175000
v -0.175000 0.444063 -0.164063
vn -1.0000 -0.0000 -0.0000
vn -0.0000 -0.0000 -1.0000
vn 1.0000 -0.0000 -0.0000
vn -0.0000 -0.0000 1.0000
vn -0.0000 -1.0000 -0.0000
vn -0.0000 1.0000 -0.0000
vt 0.617188 0.242188
vt 0.625000 0.242188
vt 0.625000 0.250000
vt 0.617188 0.250000
vt 0.617188 0.492188
vt 0.625000 0.492188
vt 0.625000 0.500000
vt 0.617188 0.500000
vt 0.617188 0.742188
vt 0.625000 0.742188
vt 0.625000 0.750000
vt 0.617188 0.750000
vt 0.617188 0.992188
vt 0.625000 0.992188
vt 0.625000 1.000000
vt 0.617188 1.000000
vt 0.367188 0.742188
vt 0.375000 0.742188
vt 0.375000 0.750000
vt 0.367188 0.750000
vt 0.867188 0.742188
vt 0.875000 0.742188
vt 0.875000 0.750000
vt 0.867188 0.750000
vt 0.742188 0.742188
vt 0.750000 0.742188
vt 0.750000 0.750000
vt 0.742188 0.750000
vt 0.742188 0.617188
vt 0.750000 0.617188
vt 0.750000 0.625000
vt 0.742188 0.625000
vt 0.867188 0.617188
vt 0.875000 0.617188
vt 0.875000 0.625000
vt 0.867188 0.625000
vt 0.242188 0.742188
vt 0.250000 0.742188
vt 0.250000 0.750000
vt 0.242188 0.750000
vt 0.242188 0.617188
vt 0.250000 0.617188
vt 0.250000 0.625000
vt 0.242188 0.625000
vt 0.367188 0.617188
vt 0.375000 0.617188
vt 0.375000 0.625000
vt 0.367188 0.625000
vt 0.492188 0.992188
vt 0.500000 0.992188
vt 0.500000 1.000000
vt 0.492188 1.000000
vt 0.492188 0.867188
vt 0.500000 0.867188
vt 0.500000 0.875000
vt 0.492188 0.875000
vt 0.617188 0.867188
vt 0.625000 0.867188
vt 0.625000 0.875000
vt 0.617188 0.875000
vt 0.492188 0.742188
vt 0.500000 0.742188
vt 0.500000 0.750000
vt 0.492188 0.750000
vt 0.492188 0.617188
vt 0.500000 0.617188
vt 0.500000 0.625000
vt 0.492188 0.625000
vt 0.617188 0.617188
vt 0.625000 0.617188
vt 0.625000 0.625000
vt 0.617188 0.625000
vt 0.492188 0.492188
vt 0.500000 0.492188
vt 0.500000 0.500000
vt 0.492188 0.500000
vt 0.492188 0.367188
vt 0.500000 0.367188
vt 0.500000 0.375000
vt 0.492188 0.375000
vt 0.617188 0.367188
vt 0.625000 0.367188
vt 0.625000 0.375000
vt 0.617188 0.375000
vt 0.492188 0.242188
vt 0.500000 0.242188
vt 0.500000 0.250000
vt 0.492188 0.250000
vt 0.492188 0.117188
vt 0.500000 0.117188
vt 0.500000 0.125000
vt 0.492188 0.125000
vt 0.617188 0.117188
vt 0.625000 0.117188
vt 0.625000 0.125000
vt 0.617188 0.125000
vt 0.554688 0.117188
vt 0.562500 0.117188
vt 0.562500 0.125000
vt 0.554688 0.125000
vt 0.554688 0.054688
vt 0.562500 0.054688
vt 0.562500 0.062500
vt 0.554688 0.062500
vt 0.617188 0.054688
vt 0.625000 0.054688
vt 0.625000 0.062500
vt 0.617188 0.062500
vt 0.429688 0.117188
vt 0.437500 0.117188
vt 0.437500 0.125000
vt 0.429688 0.125000
vt 0.429688 0.054688
vt 0.437500 0.054688
vt 0.437500 0.062500
vt 0.429688 0.062500
vt 0.492188 0.054688
vt 0.500000 0.054688
vt 0.500000 0.062500
vt 0.492188 0.062500
vt 0.429688 0.242188
vt 0.437500 0.242188
vt 0.437500 0.250000
vt 0.429688 0.250000
vt 0.429688 0.179688
vt 0.437500 0.179688
vt 0.437500 0.187500
vt 0.429688 0.187500
vt 0.492188 0.179688
vt 0.500000 0.179688
vt 0.500000 0.187500
vt 0.492188 0.187500
vt 0.554688 0.367188
vt 0.562500 0.367188
vt 0.562500 0.375000
vt 0.554688 0.375000
vt 0.554688 0.304688
vt 0.562500 0.304688
vt 0.562500 0.312500
vt 0.554688 0.312500
vt 0.617188 0.304688
vt 0.625000 0.304688
vt 0.625000 0.312500
vt 0.617188 0.312500
vt 0.429688 0.367188
vt 0.437500 0.367188
vt 0.437500 0.375000
vt 0.429688 0.375000
vt 0.429688 0.304688
vt 0.437500 0.304688
vt 0.437500 0.312500
vt 0.429688 0.312500
vt 0.492188 0.304688
vt 0.500000 0.304688
vt 0.500000 0.312500
vt 0.492188 0.312500
vt 0.429688 0.492188
vt 0.437500 0.492188
vt 0.437500 0.500000
vt 0.429688 0.500000
vt 0.429688 0.429688
vt 0.437500 0.429688
vt 0.437500 0.437500
vt 0.429688 0.437500
vt 0.492188 0.429688
vt 0.500000 0.429688
vt 0.500000 0.437500
vt 0.492188 0.437500
vt 0.554688 0.617188
vt 0.562500 0.617188
vt 0.562500 0.625000
vt 0.554688 0.625000
vt 0.554688 0.554688
vt 0.562500 0.554688
vt 0.562500 0.562500
vt 0.554688 0.562500
vt 0.617188 0.554688
vt 0.625000 0.554688
vt 0.625000 0.562500
vt 0.617188 0.562500
vt 0.429688 0.617188
vt 0.437500 0.617188
vt 0.437500 0.625000
vt 0.429688 0.625000
vt 0.429688 0.554688
vt 0.437500 0.554688
vt 0.437500 0.562500
vt 0.429688 0.562500
vt 0.492188 0.554688
vt 0.500000 0.554688
vt 0.500000 0.562500
vt 0.492188 0.562500
vt 0.429688 0.742188
vt 0.437500 0.742188
vt 0.437500 0.750000
vt 0.429688 0.750000
vt 0.429688 0.679688
vt 0.437500 0.679688
vt 0.437500 0.687500
vt 0.429688 0.687500
vt 0.492188 0.679688
vt 0.500000 0.679688
vt 0.500000 0.687500
vt 0.492188 0.687500
vt 0.554688 0.867188
vt 0.562500 0.867188
vt 0.562500 0.875000
vt 0.554688 0.875000
vt 0.554688 0.804688
vt 0.562500 0.804688
vt 0.562500 0.812500
vt 0.554688 0.812500
vt 0.617188 0.804688
vt 0.625000 0.804688
vt 0.625000 0.812500
vt 0.617188 0.812500
vt 0.429688 0.867188
vt 0.437500 0.867188
vt 0.437500 0.875000
vt 0.429688 0.875000
vt 0.429688 0.804688
vt 0.437500 0.804688
vt 0.437500 0.812500
vt 0.429688 0.812500
vt 0.492188 0.804688
vt 0.500000 0.804688
vt 0.500000 0.812500
vt 0.492188 0.812500
vt 0.429688 0.992188
vt 0.437500 0.992188
vt 0.437500 1.000000
vt 0.429688 1.000000
vt 0.429688 0.929688
vt 0.437500 0.929688
vt 0.437500 0.937500
vt 0.429688 0.937500
vt 0.492188 0.929688
vt 0.500000 0.929688
vt 0.500000 0.937500
vt 0.492188 0.937500
vt 0.304688 0.617188
vt 0.312500 0.617188
vt 0.312500 0.625000
vt 0.304688 0.625000
vt 0.304688 0.554688
vt 0.312500 0.554688
vt 0.312500 0.562500
vt 0.304688 0.562500
vt 0.367188 0.554688
vt 0.375000 0.554688
vt 0.375000 0.562500
vt 0.367188 0.562500
vt 0.179688 0.617188
vt 0.187500 0.617188
vt 0.187500 0.625000
vt 0.179688 0.625000
vt 0.179688 0.554688
vt 0.187500 0.554688
vt 0.187500 0.562500
vt 0.179688 0.562500
vt 0.242188 0.554688
vt 0.250000 0.554688
vt 0.250000 0.562500
vt 0.242188 0.562500
vt 0.179688 0.742188
vt 0.187500 0.742188
vt 0.187500 0.750000
vt 0.179688 0.750000
vt 0.179688 0.679688
vt 0.187500 0.679688
vt 0.187500 0.687500
vt 0.179688 0.687500
vt 0.242188 0.679688
vt 0.250000 0.679688
vt 0.250000 0.687500
vt 0.242188 0.687500
vt 0.804688 0.617188
vt 0.812500 0.617188
vt 0.812500 0.625000
vt 0.804688 0.625000
vt 0.804688 0.554688
vt 0.812500 0.554688
vt 0.812500 0.562500
vt 0.804688 0.562500
vt 0.867188 0.554688
vt 0.875000 0.554688
vt 0.875000 0.562500
vt 0.867188 0.562500
vt 0.679688 0.617188
vt 0.687500 0.617188
vt 0.687500 0.625000
vt 0.679688 0.625000
vt 0.679688 0.554688
vt 0.687500 0.554688
vt 0.687500 0.562500
vt 0.679688 0.562500
vt 0.742188 0.554688
vt 0.750000 0.554688
vt 0.750000 0.562500
vt 0.742188 0.562500
vt 0.679688 0.742188
vt 0.687500 0.742188
vt 0.687500 0.750000
vt 0.679688 0.750000
vt 0.679688 0.679688
vt 0.687500 0.679688
vt 0.687500 0.687500
vt 0.679688 0.687500
vt 0.742188 0.679688
vt 0.750000 0.679688
vt 0.750000 0.687500
vt 0.742188 0.687500
vt 0.804688 0.742188
vt 0.812500 0.742188
vt 0.812500 0.750000
vt 0.804688 0.750000
vt 0.804688 0.679688
vt 0.812500 0.679688
vt 0.812500 0.687500
vt 0.804688 0.687500
vt 0.867188 0.679688
vt 0.875000 0.679688
vt 0.875000 0.687500
vt 0.867188 0.687500
vt 0.304688 0.742188
vt 0.312500 0.742188
vt 0.312500 0.750000
vt 0.304688 0.750000
vt 0.304688 0.679688
vt 0.312500 0.679688
vt 0.312500 0.687500
vt 0.304688 0.687500
vt 0.367188 0.679688
vt 0.375000 0.679688
vt 0.375000 0.687500
vt 0.367188 0.687500
vt 0.554688 0.992188
vt 0.562500 0.992188
vt 0.562500 1.000000
vt 0.554688 1.000000
vt 0.554688 0.929688
vt 0.562500 0.929688
vt 0.562500 0.937500
vt 0.554688 0.937500
vt 0.617188 0.929688
vt 0.625000 0.929688
vt 0.625000 0.937500
vt 0.617188 0.937500
vt 0.554688 0.742188
vt 0.562500 0.742188
vt 0.562500 0.750000
vt 0.554688 0.750000
vt 0.554688 0.679688
vt 0.562500 0.679688
vt 0.562500 0.687500
vt 0.554688 0.687500
vt 0.617188 0.679688
vt 0.625000 0.679688
vt 0.625000 0.687500
vt 0.617188 0.687500
vt 0.554688 0.492188
vt 0.562500 0.492188
vt 0.562500 0.500000
vt 0.554688 0.500000
vt 0.554688 0.429688
vt 0.562500 0.429688
vt 0.562500 0.437500
vt 0.554688 0.437500
vt 0.617188 0.429688
vt 0.625000 0.429688
vt 0.625000 0.437500
vt 0.617188 0.437500
vt 0.554688 0.242188
vt 0.562500 0.242188
vt 0.562500 0.250000
vt 0.554688 0.250000
vt 0.554688 0.179688
vt 0.562500 0.179688
vt 0.562500 0.187500
vt 0.554688 0.187500
vt 0.617188 0.179688
vt 0.625000 0.179688
vt 0.625000 0.187500
vt 0.617188 0.187500
vt 0.585938 0.179688
vt 0.593750 0.179688
vt 0.593750 0.187500
vt 0.585938 0.187500
vt 0.585938 0.148438
vt 0.593750 0.148438
vt 0.593750 0.156250
vt 0.585938 0.156250
vt 0.617188 0.148438
vt 0.625000 0.148438
vt 0.625000 0.156250
vt 0.617188 0.156250
vt 0.523438 0.179688
vt 0.531250 0.179688
vt 0.531250 0.187500
vt 0.523438 0.187500
vt 0.523438 0.148438
vt 0.531250 0.148438
vt 0.531250 0.156250
vt 0.523438 0.156250
vt 0.554688 0.148438
vt 0.562500 0.148438
vt 0.562500 0.156250
vt 0.554688 0.156250
vt 0.523438 0.242188
vt 0.531250 0.242188
vt 0.531250 0.250000
vt 0.523438 0.250000
vt 0.523438 0.210938
vt 0.531250 0.210938
vt 0.531250 0.218750
vt 0.523438 0.218750
vt 0.554688 0.210938
vt 0.562500 0.210938
vt 0.562500 0.218750
vt 0.554688 0.218750
vt 0.585938 0.429688
vt 0.593750 0.429688
vt 0.593750 0.437500
vt 0.585938 0.437500
vt 0.585938 0.398438
vt 0.593750 0.398438
vt 0.593750 0.406250
vt 0.585938 0.406250
vt 0.617188 0.398438
vt 0.625000 0.398438
vt 0.625000 0.406250
vt 0.617188 0.406250
vt 0.523438 0.429688
vt 0.531250 0.429688
vt 0.531250 0.437500
vt 0.523438 0.437500
vt 0.523438 0.398438
vt 0.531250 0.398438
vt 0.531250 0.406250
vt 0.523438 0.406250
vt 0.554688 0.398438
vt 0.562500 0.398438
vt 0.562500 0.406250
vt 0.554688 0.406250
vt 0.523438 0.492188
vt 0.531250 0.492188
vt 0.531250 0.500000
vt 0.523438 0.500000
vt 0.523438 0.460938
vt 0.531250 0.460938
vt 0.531250 0.468750
vt 0.523438 0.468750
vt 0.554688 0.460938
vt 0.562500 0.460938
vt 0.562500 0.468750
vt 0.554688 0.468750
vt 0.585938 0.679688
vt 0.593750 0.679688
vt 0.593750 0.687500
vt 0.585938 0.687500
vt 0.585938 0.648438
vt 0.593750 0.648438
vt 0.593750 0.656250
vt 0.585938 0.656250
vt 0.617188 0.648438
vt 0.625000 0.648438
vt 0.625000 0.656250
vt 0.617188 0.656250
vt 0.523438 0.679688
vt 0.531250 0.679688
vt 0.531250 0.687500
vt 0.523438 0.687500
vt 0.523438 0.648438
vt 0.531250 0.648438
vt 0.531250 0.656250
vt 0.523438 0.656250
vt 0.554688 0.648438
vt 0.562500 0.648438
vt 0.562500 0.656250
vt 0.554688 0.656250
vt 0.523438 0.742188
vt 0.531250 0.742188
vt 0.531250 0.750000
vt 0.523438 0.750000
vt 0.523438 0.710938
vt 0.531250 0.710938
vt 0.531250 0.718750
vt 0.523438 0.718750
vt 0.554688 0.710938
vt 0.562500 0.710938
vt 0.562500 0.718750
vt 0.554688 0.718750
vt 0.585938 0.929688
vt 0.593750 0.929688
vt 0.593750 0.937500
vt 0.585938 0.937500
vt 0.585938 0.898438
vt 0.593750 0.898438
vt 0.593750 0.906250
vt 0.585938 0.906250
vt 0.617188 0.898438
vt 0.625000 0.898438
vt 0.625000 0.906250
vt 0.617188 0.906250
vt 0.523438 0.929688
vt 0.531250 0.929688
vt 0.531250 0.937500
vt 0.523438 0.937500
vt 0.523438 0.898438
vt 0.531250 0.898438
vt 0.531250 0.906250
vt 0.523438 0.906250
vt 0.554688 0.898438
vt 0.562500 0.898438
vt 0.562500 0.906250
vt 0.554688 0.906250
vt 0.523438 0.992188
vt 0.531250 0.992188
vt 0.531250 1.000000
vt 0.523438 1.000000
vt 0.523438 0.960938
vt 0.531250 0.960938
vt 0.531250 0.968750
vt 0.523438 0.968750
vt 0.554688 0.960938
vt 0.562500 0.960938
vt 0.562500 0.968750
vt 0.554688 0.968750
vt 0.335938 0.679688
vt 0.343750 0.679688
vt 0.343750 0.687500
vt 0.335938 0.687500
vt 0.335938 0.648438
vt 0.343750 0.648438
vt 0.343750 0.656250
vt 0.335938 0.656250
vt 0.367188 0.648438
vt 0.375000 0.648438
vt 0.375000 0.656250
vt 0.367188 0.656250
vt 0.273438 0.679688
vt 0.281250 0.679688
vt 0.281250 0.687500
vt 0.273438 0.687500
vt 0.273438 0.648438
vt 0.281250 0.648438
vt 0.281250 0.656250
vt 0.273438 0.656250
vt 0.304688 0.648438
vt 0.312500 0.648438
vt 0.312500 0.656250
vt 0.304688 0.656250
vt 0.273438 0.742188
vt 0.281250 0.742188
vt 0.281250 0.750000
vt 0.273438 0.750000
vt 0.273438 0.710938
vt 0.281250 0.710938
vt 0.281250 0.718750
vt 0.273438 0.718750
vt 0.304688 0.710938
vt 0.312500 0.710938
vt 0.312500 0.718750
vt 0.304688 0.718750
vt 0.835938 0.679688
vt 0.843750 0.679688
vt 0.843750 0.687500
vt 0.835938 0.687500
vt 0.835938 0.648438
vt 0.843750 0.648438
vt 0.843750 0.656250
vt 0.835938 0.656250
vt 0.867188 0.648438
vt 0.875000 0.648438
vt 0.875000 0.656250
vt 0.867188 0.656250
vt 0.773438 0.679688
vt 0.781250 0.679688
vt 0.781250 0.687500
vt 0.773438 0.687500
vt 0.773438 0.648438
vt 0.781250 0.648438
vt 0.781250 0.656250
vt 0.773438 0.656250
vt 0.804688 0.648438
vt 0.812500 0.648438
vt 0.812500 0.656250
vt 0.804688 0.656250
vt 0.773438 0.742188
vt 0.781250 0.742188
vt 0.781250 0.750000
vt 0.773438 0.750000
vt 0.773438 0.710938
vt 0.781250 0.710938
vt 0.781250 0.718750
vt 0.773438 0.718750
vt 0.804688 0.710938
vt 0.812500 0.710938
vt 0.812500 0.718750
vt 0.804688 0.718750
vt 0.710938 0.679688
vt 0.718750 0.679688
vt 0.718750 0.687500
vt 0.710938 0.687500
vt 0.710938 0.648438
vt 0.718750 0.648438
vt 0.718750 0.656250
vt 0.710938 0.656250
vt 0.742188 0.648438
vt 0.750000 0.648438
vt 0.750000 0.656250
vt 0.742188 0.656250
vt 0.648438 0.679688
vt 0.656250 0.679688
vt 0.656250 0.687500
vt 0.648438 0.687500
vt 0.648438 0.648438
vt 0.656250 0.648438
vt 0.656250 0.656250
vt 0.648438 0.656250
vt 0.679688 0.648438
vt 0.687500 0.648438
vt 0.687500 0.656250
vt 0.679688 0.656250
vt 0.648438 0.742188
vt 0.656250 0.742188
vt 0.656250 0.750000
vt 0.648438 0.750000
vt 0.648438 0.710938
vt 0.656250 0.710938
vt 0.656250 0.718750
vt 0.648438 0.718750
vt 0.679688 0.710938
vt 0.687500 0.710938
vt 0.687500 0.718750
vt 0.679688 0.718750
vt 0.710938 0.554688
vt 0.718750 0.554688
vt 0.718750 0.562500
vt 0.710938 0.562500
vt 0.710938 0.523438
vt 0.718750 0.523438
vt 0.718750 0.531250
vt 0.710938 0.531250
vt 0.742188 0.523438
vt 0.750000 0.523438
vt 0.750000 0.531250
vt 0.742188 0.531250
vt 0.648438 0.554688
vt 0.656250 0.554688
vt 0.656250 0.562500
vt 0.648438 0.562500
vt 0.648438 0.523438
vt 0.656250 0.523438
vt 0.656250 0.531250
vt 0.648438 0.531250
vt 0.679688 0.523438
vt 0.687500 0.523438
vt 0.687500 0.531250
vt 0.679688 0.531250
vt 0.648438 0.617188
vt 0.656250 0.617188
vt 0.656250 0.625000
vt 0.648438 0.625000
vt 0.648438 0.585938
vt 0.656250 0.585938
vt 0.656250 0.593750
vt 0.648438 0.593750
vt 0.679688 0.585938
vt 0.687500 0.585938
vt 0.687500 0.593750
vt 0.679688 0.593750
vt 0.835938 0.554688
vt 0.843750 0.554688
vt 0.843750 0.562500
vt 0.835938 0.562500
vt 0.835938 0.523438
vt 0.843750 0.523438
vt 0.843750 0.531250
vt 0.835938 0.531250
vt 0.867188 0.523438
vt 0.875000 0.523438
vt 0.875000 0.531250
vt 0.867188 0.531250
vt 0.773438 0.554688
vt 0.781250 0.554688
vt 0.781250 0.562500
vt 0.773438 0.562500
vt 0.773438 0.523438
vt 0.781250 0.523438
vt 0.781250 0.531250
vt 0.773438 0.531250
vt 0.804688 0.523438
vt 0.812500 0.523438
vt 0.812500 0.531250
vt 0.804688 0.531250
vt 0.773438 0.617188
vt 0.781250 0.617188
vt 0.781250 0.625000
vt 0.773438 0.625000
vt 0.773438 0.585938
vt 0.781250 0.585938
vt 0.781250 0.593750
vt 0.773438 0.593750
vt 0.804688 0.585938
vt 0.812500 0.585938
vt 0.812500 0.593750
vt 0.804688 0.593750
vt 0.210938 0.679688
vt 0.218750 0.679688
vt 0.218750 0.687500
vt 0.210938 0.687500
vt 0.210938 0.648438
vt 0.218750 0.648438
vt 0.218750 0.656250
vt 0.210938 0.656250
vt 0.242188 0.648438
vt 0.250000 0.648438
vt 0.250000 0.656250
vt 0.242188 0.656250
vt 0.148438 0.679688
vt 0.156250 0.679688
vt 0.156250 0.687500
vt 0.148438 0.687500
vt 0.148438 0.648438
vt 0.156250 0.648438
vt 0.156250 0.656250
vt 0.148438 0.656250
vt 0.179688 0.648438
vt 0.187500 0.648438
vt 0.187500 0.656250
vt 0.179688 0.656250
vt 0.148438 0.742188
vt 0.156250 0.742188
vt 0.156250 0.750000
vt 0.148438 0.750000
vt 0.148438 0.710938
vt 0.156250 0.710938
vt 0.156250 0.718750
vt 0.148438 0.718750
vt 0.179688 0.710938
vt 0.187500 0.710938
vt 0.187500 0.718750
vt 0.179688 0.718750
vt 0.210938 0.554688
vt 0.218750 0.554688
vt 0.218750 0.562500
vt 0.210938 0.562500
vt 0.210938 0.523438
vt 0.218750 0.523438
vt 0.218750 0.531250
vt 0.210938 0.531250
vt 0.242188 0.523438
vt 0.250000 0.523438
vt 0.250000 0.531250
vt 0.242188 0.531250
vt 0.148438 0.554688
vt 0.156250 0.554688
vt 0.156250 0.562500
vt 0.148438 0.562500
vt 0.148438 0.523438
vt 0.156250 0.523438
vt 0.156250 0.531250
vt 0.148438 0.531250
vt 0.179688 0.523438
vt 0.187500 0.523438
vt 0.187500 0.531250
vt 0.179688 0.531250
vt 0.148438 0.617188
vt 0.156250 0.617188
vt 0.156250 0.625000
vt 0.148438 0.625000
vt 0.148438 0.585938
vt 0.156250 0.585938
vt 0.156250 0.593750
vt 0.148438 0.593750
vt 0.179688 0.585938
vt 0.187500 0.585938
vt 0.187500 0.593750
vt 0.179688 0.593750
vt 0.335938 0.554688
vt 0.343750 0.554688
vt 0.343750 0.562500
vt 0.335938 0.562500
vt 0.335938 0.523438
vt 0.343750 0.523438
vt 0.343750 0.531250
vt 0.335938 0.531250
vt 0.367188 0.523438
vt 0.375000 0.523438
vt 0.375000 0.531250
vt 0.367188 0.531250
vt 0.273438 0.554688
vt 0.281250 0.554688
vt 0.281250 0.562500
vt 0.273438 0.562500
vt 0.273438 0.523438
vt 0.281250 0.523438
vt 0.281250 0.531250
vt 0.273438 0.531250
vt 0.304688 0.523438
vt 0.312500 0.523438
vt 0.312500 0.531250
vt 0.304688 0.531250
vt 0.273438 0.617188
vt 0.281250 0.617188
vt 0.281250 0.625000
vt 0.273438 0.625000
vt 0.273438 0.585938
vt 0.281250 0.585938
vt 0.281250 0.593750
vt 0.273438 0.593750
vt 0.304688 0.585938
vt 0.312500 0.585938
vt 0.312500 0.593750
vt 0.304688 0.593750
vt 0.460938 0.929688
vt 0.468750 0.929688
vt 0.468750 0.937500
vt 0.460938 0.937500
vt 0.460938 0.898438
vt 0.468750 0.898438
vt 0.468750 0.906250
vt 0.460938 0.906250
vt 0.492188 0.898438
vt 0.500000 0.898438
vt 0.500000 0.906250
vt 0.492188 0.906250
vt 0.398438 0.929688
vt 0.406250 0.929688
vt 0.406250 0.937500
vt 0.398438 0.937500
vt 0.398438 0.898438
vt 0.406250 0.898438
vt 0.406250 0.906250
vt 0.398438 0.906250
vt 0.429688 0.898438
vt 0.437500 0.898438
vt 0.437500 0.906250
vt 0.429688 0.906250
vt 0.398438 0.992188
vt 0.406250 0.992188
vt 0.406250 1.000000
vt 0.398438 1.000000
vt 0.398438 0.960938
vt 0.406250 0.960938
vt 0.406250 0.968750
vt 0.398438 0.968750
vt 0.429688 0.960938
vt 0.437500 0.960938
vt 0.437500 0.968750
vt 0.429688 0.968750
vt 0.460938 0.804688
vt 0.468750 0.804688
vt 0.468750 0.812500
vt 0.460938 0.812500
vt 0.460938 0.773438
vt 0.468750 0.773438
vt 0.468750 0.781250
vt 0.460938 0.781250
vt 0.492188 0.773438
vt 0.500000 0.773438
vt 0.500000 0.781250
vt 0.492188 0.781250
vt 0.398438 0.804688
vt 0.406250 0.804688
vt 0.406250 0.812500
vt 0.398438 0.812500
vt 0.398438 0.773438
vt 0.406250 0.773438
vt 0.406250 0.781250
vt 0.398438 0.781250
vt 0.429688 0.773438
vt 0.437500 0.773438
vt 0.437500 0.781250
vt 0.429688 0.781250
vt 0.398438 0.867188
vt 0.406250 0.867188
vt 0.406250 0.875000
vt 0.398438 0.875000
vt 0.398438 0.835938
vt 0.406250 0.835938
vt 0.406250 0.843750
vt 0.398438 0.843750
vt 0.429688 0.835938
vt 0.437500 0.835938
vt 0.437500 0.843750
vt 0.429688 0.843750
vt 0.585938 0.804688
vt 0.593750 0.804688
vt 0.593750 0.812500
vt 0.585938 0.812500
vt 0.585938 0.773438
vt 0.593750 0.773438
vt 0.593750 0.781250
vt 0.585938 0.781250
vt 0.617188 0.773438
vt 0.625000 0.773438
vt 0.625000 0.781250
vt 0.617188 0.781250
vt 0.523438 0.804688
vt 0.531250 0.804688
vt 0.531250 0.812500
vt 0.523438 0.812500
vt 0.523438 0.773438
vt 0.531250 0.773438
vt 0.531250 0.781250
vt 0.523438 0.781250
vt 0.554688 0.773438
vt 0.562500 0.773438
vt 0.562500 0.781250
vt 0.554688 0.781250
vt 0.523438 0.867188
vt 0.531250 0.867188
vt 0.531250 0.875000
vt 0.523438 0.875000
vt 0.523438 0.835938
vt 0.531250 0.835938
vt 0.531250 0.843750
vt 0.523438 0.843750
vt 0.554688 0.835938
vt 0.562500 0.835938
vt 0.562500 0.843750
vt 0.554688 0.843750
vt 0.460938 0.679688
vt 0.468750 0.679688
vt 0.468750 0.687500
vt 0.460938 0.687500
vt 0.460938 0.648438
vt 0.468750 0.648438
vt 0.468750 0.656250
vt 0.460938 0.656250
vt 0.492188 0.648438
vt 0.500000 0.648438
vt 0.500000 0.656250
vt 0.492188 0.656250
vt 0.398438 0.679688
vt 0.406250 0.679688
vt 0.406250 0.687500
vt 0.398438 0.687500
vt 0.398438 0.648438
vt 0.406250 0.648438
vt 0.406250 0.656250
vt 0.398438 0.656250
vt 0.429688 0.648438
vt 0.437500 0.648438
vt 0.437500 0.656250
vt 0.429688 0.656250
vt 0.398438 0.742188
vt 0.406250 0.742188
vt 0.406250 0.750000
vt 0.398438 0.750000
vt 0.398438 0.710938
vt 0.406250 0.710938
vt 0.406250 0.718750
vt 0.398438 0.718750
vt 0.429688 0.710938
vt 0.437500 0.710938
vt 0.437500 0.718750
vt 0.429688 0.718750
vt 0.460938 0.554688
vt 0.468750 0.554688
vt 0.468750 0.562500
vt 0.460938 0.562500
vt 0.460938 0.523438
vt 0.468750 0.523438
vt 0.468750 0.531250
vt 0.460938 0.531250
vt 0.492188 0.523438
vt 0.500000 0.523438
vt 0.500000 0.531250
vt 0.492188 0.531250
vt 0.398438 0.554688
vt 0.406250 0.554688
vt 0.406250 0.562500
vt 0.398438 0.562500
vt 0.398438 0.523438
vt 0.406250 0.523438
vt 0.406250 0.531250
vt 0.398438 0.531250
vt 0.429688 0.523438
vt 0.437500 0.523438
vt 0.437500 0.531250
vt 0.429688 0.531250
vt 0.398438 0.617188
vt 0.406250 0.617188
vt 0.406250 0.625000
vt 0.398438 0.625000
vt 0.398438 0.585938
vt 0.406250 0.585938
vt 0.406250 0.593750
vt 0.398438 0.593750
vt 0.429688 0.585938
vt 0.437500 0.585938
vt 0.437500 0.593750
vt 0.429688 0.593750
vt 0.585938 0.554688
vt 0.593750 0.554688
vt 0.593750 0.562500
vt 0.585938 0.562500
vt 0.585938 0.523438
vt 0.593750 0.523438
vt 0.593750 0.531250
vt 0.585938 0.531250
vt 0.617188 0.523438
vt 0.625000 0.523438
vt 0.625000 0.531250
vt 0.617188 0.531250
vt 0.523438 0.554688
vt 0.531250 0.554688
vt 0.531250 0.562500
vt 0.523438 0.562500
vt 0.523438 0.523438
vt 0.531250 0.523438
vt 0.531250 0.531250
vt 0.523438 0.531250
vt 0.554688 0.523438
vt 0.562500 0.523438
vt 0.562500 0.531250
vt 0.554688 0.531250
vt 0.523438 0.617188
vt 0.531250 0.617188
vt 0.531250 0.625000
vt 0.523438 0.625000
vt 0.523438 0.585938
vt 0.531250 0.585938
vt 0.531250 0.593750
vt 0.523438 0.593750
vt 0.554688 0.585938
vt 0.562500 0.585938
vt 0.562500 0.593750
vt 0.554688 0.593750
vt 0.460938 0.429688
vt 0.468750 0.429688
vt 0.468750 0.437500
vt 0.460938 0.437500
vt 0.460938 0.398438
vt 0.468750 0.398438
vt 0.468750 0.406250
vt 0.460938 0.406250
vt 0.492188 0.398438
vt 0.500000 0.398438
vt 0.500000 0.406250
vt 0.492188 0.406250
vt 0.398438 0.429688
vt 0.406250 0.429688
vt 0.406250 0.437500
vt 0.398438 0.437500
vt 0.398438 0.398438
vt 0.406250 0.398438
vt 0.406250 0.406250
vt 0.398438 0.406250
vt 0.429688 0.398438
vt 0.437500 0.398438
vt 0.437500 0.406250
vt 0.429688 0.406250
vt 0.398438 0.492188
vt 0.406250 0.492188
vt 0.406250 0.500000
vt 0.398438 0.500000
vt 0.398438 0.460938
vt 0.406250 0.460938
vt 0.406250 0.468750
vt 0.398438 0.468750
vt 0.429688 0.460938
vt 0.437500 0.460938
vt 0.437500 0.468750
vt 0.429688 0.468750
vt 0.460938 0.304688
vt 0.468750 0.304688
vt 0.468750 0.312500
vt 0.460938 0.312500
vt 0.460938 0.273438
vt 0.468750 0.273438
vt 0.468750 0.281250
vt 0.460938 0.281250
vt 0.492188 0.273438
vt 0.500000 0.273438
vt 0.500000 0.281250
vt 0.492188 0.281250
vt 0.398438 0.304688
vt 0.406250 0.304688
vt 0.406250 0.312500
vt 0.398438 0.312500
vt 0.398438 0.273438
vt 0.406250 0.273438
vt 0.406250 0.281250
vt 0.398438 0.281250
vt 0.429688 0.273438
vt 0.437500 0.273438
vt 0.437500 0.281250
vt 0.429688 0.281250
vt 0.398438 0.367188
vt 0.406250 0.367188
vt 0.406250 0.375000
vt 0.398438 0.375000
vt 0.398438 0.335938
vt 0.406250 0.335938
vt 0.406250 0.343750
vt 0.398438 0.343750
vt 0.429688 0.335938
vt 0.437500 0.335938
vt 0.437500 0.343750
vt 0.429688 0.343750
vt 0.585938 0.304688
vt 0.593750 0.304688
vt 0.593750 0.312500
vt 0.585938 0.312500
vt 0.585938 0.273438
vt 0.593750 0.273438
vt 0.593750 0.281250
vt 0.585938 0.281250
vt 0.617188 0.273438
vt 0.625000 0.273438
vt 0.625000 0.281250
vt 0.617188 0.281250
vt 0.523438 0.304688
vt 0.531250 0.304688
vt 0.531250 0.312500
vt 0.523438 0.312500
vt 0.523438 0.273438
vt 0.531250 0.273438
vt 0.531250 0.281250
vt 0.523438 0.281250
vt 0.554688 0.273438
vt 0.562500 0.273438
vt 0.562500 0.281250
vt 0.554688 0.281250
vt 0.523438 0.367188
vt 0.531250 0.367188
vt 0.531250 0.375000
vt 0.523438 0.375000
vt 0.523438 0.335938
vt 0.531250 0.335938
vt 0.531250 0.343750
vt 0.523438 0.343750
vt 0.554688 0.335938
vt 0.562500 0.335938
vt 0.562500 0.343750
vt 0.554688 0.343750
vt 0.460938 0.179688
vt 0.468750 0.179688
vt 0.468750 0.187500
vt 0.460938 0.187500
vt 0.460938 0.148438
vt 0.468750 0.148438
vt 0.468750 0.156250
vt 0.460938 0.156250
vt 0.492188 0.148438
vt 0.500000 0.148438
vt 0.500000 0.156250
vt 0.492188 0.156250
vt 0.398438 0.179688
vt 0.406250 0.179688
vt 0.406250 0.187500
vt 0.398438 0.187500
vt 0.398438 0.148438
vt 0.406250 0.148438
vt 0.406250 0.156250
vt 0.398438 0.156250
vt 0.429688 0.148438
vt 0.437500 0.148438
vt 0.437500 0.156250
vt 0.429688 0.156250
vt 0.398438 0.242188
vt 0.406250 0.242188
vt 0.406250 0.250000
vt 0.398438 0.250000
vt 0.398438 0.210938
vt 0.406250 0.210938
vt 0.406250 0.218750
vt 0.398438 0.218750
vt 0.429688 0.210938
vt 0.437500 0.210938
vt 0.437500 0.218750
vt 0.429688 0.218750
vt 0.460938 0.054688
vt 0.468750 0.054688
vt 0.468750 0.062500
vt 0.460938 0.062500
vt 0.460938 0.023438
vt 0.468750 0.023438
vt 0.468750 0.031250
vt 0.460938 0.031250
vt 0.492188 0.023438
vt 0.500000 0.023438
vt 0.500000 0.031250
vt 0.492188 0.031250
vt 0.398438 0.054688
vt 0.406250 0.054688
vt 0.406250 0.062500
vt 0.398438 0.062500
vt 0.398438 0.023438
vt 0.406250 0.023438
vt 0.406250 0.031250
vt 0.398438 0.031250
vt 0.429688 0.023438
vt 0.437500 0.023438
vt 0.437500 0.031250
vt 0.429688 0.031250
vt 0.398438 0.117188
vt 0.406250 0.117188
vt 0.406250 0.125000
vt 0.398438 0.125000
vt 0.398438 0.085938
vt 0.406250 0.085938
vt 0.406250 0.093750
vt 0.398438 0.093750
vt 0.429688 0.085938
vt 0.437500 0.085938
vt 0.437500 0.093750
vt 0.429688 0.093750
vt 0.585938 0.054688
vt 0.593750 0.054688
vt 0.593750 0.062500
vt 0.585938 0.062500
vt 0.585938 0.023438
vt 0.593750 0.023438
vt 0.593750 0.031250
vt 0.585938 0.031250
vt 0.617188 0.023438
vt 0.625000 0.023438
vt 0.625000 0.031250
vt 0.617188 0.031250
vt 0.523438 0.054688
vt 0.531250 0.054688
vt 0.531250 0.062500
vt 0.523438 0.062500
vt 0.523438 0.023438
vt 0.531250 0.023438
vt 0.531250 0.031250
vt 0.523438 0.031250
vt 0.554688 0.023438
vt 0.562500 0.023438
vt 0.562500 0.031250
vt 0.554688 0.031250
vt 0.523438 0.117188
vt 0.531250 0.117188
vt 0.531250 0.125000
vt 0.523438 0.125000
vt 0.523438 0.085938
vt 0.531250 0.085938
vt 0.531250 0.093750
vt 0.523438 0.093750
vt 0.554688 0.085938
vt 0.562500 0.085938
vt 0.562500 0.093750
vt 0.554688 0.093750
vt 0.585938 0.117188
vt 0.593750 0.117188
vt 0.593750 0.125000
vt 0.585938 0.125000
vt 0.585938 0.085938
vt 0.593750 0.085938
vt 0.593750 0.093750
vt 0.585938 0.093750
vt 0.617188 0.085938
vt 0.625000 0.085938
vt 0.625000 0.093750
vt 0.617188 0.093750
vt 0.460938 0.117188
vt 0.468750 0.117188
vt 0.468750 0.125000
vt 0.460938 0.125000
vt 0.460938 0.085938
vt 0.468750 0.085938
vt 0.468750 0.093750
vt 0.460938 0.093750
vt 0.492188 0.085938
vt 0.500000 0.085938
vt 0.500000 0.093750
vt 0.492188 0.093750
vt 0.460938 0.242188
vt 0.468750 0.242188
vt 0.468750 0.250000
vt 0.460938 0.250000
vt 0.460938 0.210938
vt 0.468750 0.210938
vt 0.468750 0.218750
vt 0.460938 0.218750
vt 0.492188 0.210938
vt 0.500000 0.210938
vt 0.500000 0.218750
vt 0.492188 0.218750
vt 0.585938 0.367188
vt 0.593750 0.367188
vt 0.593750 0.375000
vt 0.585938 0.375000
vt 0.585938 0.335938
vt 0.593750 0.335938
vt 0.593750 0.343750
vt 0.585938 0.343750
vt 0.617188 0.335938
vt 0.625000 0.335938
vt 0.625000 0.343750
vt 0.617188 0.343750
vt 0.460938 0.367188
vt 0.468750 0.367188
vt 0.468750 0.375000
vt 0.460938 0.375000
vt 0.460938 0.335938
vt 0.468750 0.335938
vt 0.468750 0.343750
vt 0.460938 0.343750
vt 0.492188 0.335938
vt 0.500000 0.335938
vt 0.500000 0.343750
vt 0.492188 0.343750
vt 0.460938 0.492188
vt 0.468750 0.492188
vt 0.468750 0.500000
vt 0.460938 0.500000
vt 0.460938 0.460938
vt 0.468750 0.460938
vt 0.468750 0.468750
vt 0.460938 0.468750
vt 0.492188 0.460938
vt 0.500000 0.460938
vt 0.500000 0.468750
vt 0.492188 0.468750
vt 0.585938 0.617188
vt 0.593750 0.617188
vt 0.593750 0.625000
vt 0.585938 0.625000
vt 0.585938 0.585938
vt 0.593750 0.585938
vt 0.593750 0.593750
vt 0.585938 0.593750
vt 0.617188 0.585938
vt 0.625000 0.585938
vt 0.625000 0.593750
vt 0.617188 0.593750
vt 0.460938 0.617188
vt 0.468750 0.617188
vt 0.468750 0.625000
vt 0.460938 0.625000
vt 0.460938 0.585938
vt 0.468750 0.585938
vt 0.468750 0.593750
vt 0.460938 0.593750
vt 0.492188 0.585938
vt 0.500000 0.585938
vt 0.500000 0.593750
vt 0.492188 0.593750
vt 0.460938 0.742188
vt 0.468750 0.742188
vt 0.468750 0.750000
vt 0.460938 0.750000
vt 0.460938 0.710938
vt 0.468750 0.710938
vt 0.468750 0.718750
vt 0.460938 0.718750
vt 0.492188 0.710938
vt 0.500000 0.710938
vt 0.500000 0.718750
vt 0.492188 0.718750
vt 0.585938 0.867188
vt 0.593750 0.867188
vt 0.593750 0.875000
vt 0.585938 0.875000
vt 0.585938 0.835938
vt 0.593750 0.835938
vt 0.593750 0.843750
vt 0.585938 0.843750
vt 0.617188 0.835938
vt 0.625000 0.835938
vt 0.625000 0.843750
vt 0.617188 0.843750
vt 0.460938 0.867188
vt 0.468750 0.867188
vt 0.468750 0.875000
vt 0.460938 0.875000
vt 0.460938 0.835938
vt 0.468750 0.835938
vt 0.468750 0.843750
vt 0.460938 0.843750
vt 0.492188 0.835938
vt 0.500000 0.835938
vt 0.500000 0.843750
vt 0.492188 0.843750
vt 0.460938 0.992188
vt 0.468750 0.992188
vt 0.468750 1.000000
vt 0.460938 1.000000
vt 0.460938 0.960938
vt 0.468750 0.960938
vt 0.468750 0.968750
vt 0.460938 0.968750
vt 0.492188 0.960938
vt 0.500000 0.960938
vt 0.500000 0.968750
vt 0.492188 0.968750
vt 0.335938 0.617188
vt 0.343750 0.617188
vt 0.343750 0.625000
vt 0.335938 0.625000
vt 0.335938 0.585938
vt 0.343750 0.585938
vt 0.343750 0.593750
vt 0.335938 0.593750
vt 0.367188 0.585938
vt 0.375000 0.585938
vt 0.375000 0.593750
vt 0.367188 0.593750
vt 0.210938 0.617188
vt 0.218750 0.617188
vt 0.218750 0.625000
vt 0.210938 0.625000
vt 0.210938 0.585938
vt 0.218750 0.585938
vt 0.218750 0.593750
vt 0.210938 0.593750
vt 0.242188 0.585938
vt 0.250000 0.585938
vt 0.250000 0.593750
vt 0.242188 0.593750
vt 0.210938 0.742188
vt 0.218750 0.742188
vt 0.218750 0.750000
vt 0.210938 0.750000
vt 0.210938 0.710938
vt 0.218750 0.710938
vt 0.218750 0.718750
vt 0.210938 0.718750
vt 0.242188 0.710938
vt 0.250000 0.710938
vt 0.250000 0.718750
vt 0.242188 0.718750
vt 0.835938 0.617188
vt 0.843750 0.617188
vt 0.843750 0.625000
vt 0.835938 0.625000
vt 0.835938 0.585938
vt 0.843750 0.585938
vt 0.843750 0.593750
vt 0.835938 0.593750
vt 0.867188 0.585938
vt 0.875000 0.585938
vt 0.875000 0.593750
vt 0.867188 0.593750
vt 0.710938 0.617188
vt 0.718750 0.617188
vt 0.718750 0.625000
vt 0.710938 0.625000
vt 0.710938 0.585938
vt 0.718750 0.585938
vt 0.718750 0.593750
vt 0.710938 0.593750
vt 0.742188 0.585938
vt 0.750000 0.585938
vt 0.750000 0.593750
vt 0.742188 0.593750
vt 0.710938 0.742188
vt 0.718750 0.742188
vt 0.718750 0.750000
vt 0.710938 0.750000
vt 0.710938 0.710938
vt 0.718750 0.710938
vt 0.718750 0.718750
vt 0.710938 0.718750
vt 0.742188 0.710938
vt 0.750000 0.710938
vt 0.750000 0.718750
vt 0.742188 0.718750
vt 0.835938 0.742188
vt 0.843750 0.742188
vt 0.843750 0.750000
vt 0.835938 0.750000
vt 0.835938 0.710938
vt 0.843750 0.710938
vt 0.843750 0.718750
vt 0.835938 0.718750
vt 0.867188 0.710938
vt 0.875000 0.710938
vt 0.875000 0.718750
vt 0.867188 0.718750
vt 0.335938 0.742188
vt 0.343750 0.742188
vt 0.343750 0.750000
vt 0.335938 0.750000
vt 0.335938 0.710938
vt 0.343750 0.710938
vt 0.343750 0.718750
vt 0.335938 0.718750
vt 0.367188 0.710938
vt 0.375000 0.710938
vt 0.375000 0.718750
vt 0.367188 0.718750
vt 0.585938 0.992188
vt 0.593750 0.992188
vt 0.593750 1.000000
vt 0.585938 1.000000
vt 0.585938 0.960938
vt 0.593750 0.960938
vt 0.593750 0.968750
vt 0.585938 0.968750
vt 0.617188 0.960938
vt 0.625000 0.960938
vt 0.625000 0.968750
vt 0.617188 0.968750
vt 0.585938 0.742188
vt 0.593750 0.742188
vt 0.593750 0.750000
vt 0.585938 0.750000
vt 0.585938 0.710938
vt 0.593750 0.710938
vt 0.593750 0.718750
vt 0.585938 0.718750
vt 0.617188 0.710938
vt 0.625000 0.710938
vt 0.625000 0.718750
vt 0.617188 0.718750
vt 0.585938 0.492188
vt 0.593750 0.492188
vt 0.593750 0.500000
vt 0.585938 0.500000
vt 0.585938 0.460938
vt 0.593750 0.460938
vt 0.593750 0.468750
vt 0.585938 0.468750
vt 0.617188 0.460938
vt 0.625000 0.460938
vt 0.625000 0.468750
vt 0.617188 0.468750
vt 0.585938 0.242188
vt 0.593750 0.242188
vt 0.593750 0.250000
vt 0.585938 0.250000
vt 0.585938 0.210938
vt 0.593750 0.210938
vt 0.593750 0.218750
vt 0.585938 0.218750
vt 0.617188 0.210938
vt 0.625000 0.210938
vt 0.625000 0.218750
vt 0.617188 0.218750
vt 0.601562 0.210938
vt 0.609375 0.210938
vt 0.609375 0.218750
vt 0.601562 0.218750
vt 0.601562 0.195312
vt 0.609375 0.195312
vt 0.609375 0.203125
vt 0.601562 0.203125
vt 0.617188 0.195312
vt 0.625000 0.195312
vt 0.625000 0.203125
vt 0.617188 0.203125
vt 0.570312 0.210938
vt 0.578125 0.210938
vt 0.578125 0.218750
vt 0.570312 0.218750
vt 0.570312 0.195312
vt 0.578125 0.195312
vt 0.578125 0.203125
vt 0.570312 0.203125
vt 0.585938 0.195312
vt 0.593750 0.195312
vt 0.593750 0.203125
vt 0.585938 0.203125
vt 0.570312 0.242188
vt 0.578125 0.242188
vt 0.578125 0.250000
vt 0.570312 0.250000
vt 0.570312 0.226562
vt 0.578125 0.226562
vt 0.578125 0.234375
vt 0.570312 0.234375
vt 0.585938 0.226562
vt 0.593750 0.226562
vt 0.593750 0.234375
vt 0.585938 0.234375
vt 0.601562 0.460938
vt 0.609375 0.460938
vt 0.609375 0.468750
vt 0.601562 0.468750
vt 0.601562 0.445312
vt 0.609375 0.445312
vt 0.609375 0.453125
vt 0.601562 0.453125
vt 0.617188 0.445312
vt 0.625000 0.445312
vt 0.625000 0.453125
vt 0.617188 0.453125
vt 0.570312 0.460938
vt 0.578125 0.460938
vt 0.578125 0.468750
vt 0.570312 0.468750
vt 0.570312 0.445312
vt 0.578125 0.445312
vt 0.578125 0.453125
vt 0.570312 0.453125
vt 0.585938 0.445312
vt 0.593750 0.445312
vt 0.593750 0.453125
vt 0.585938 0.453125
vt 0.570312 0.492188
vt 0.578125 0.492188
vt 0.578125 0.500000
vt 0.570312 0.500000
vt 0.570312 0.476562
vt 0.578125 0.476562
vt 0.578125 0.484375
vt 0.570312 0.484375
vt 0.585938 0.476562
vt 0.593750 0.476562
vt 0.593750 0.484375
vt 0.585938 0.484375
vt 0.601562 0.710938
vt 0.609375 0.710938
vt 0.609375 0.718750
vt 0.601562 0.718750
vt 0.601562 0.695312
vt 0.609375 0.695312
vt 0.609375 0.703125
vt 0.601562 0.703125
vt 0.617188 0.695312
vt 0.625000 0.695312
vt 0.625000 0.703125
vt 0.617188 0.703125
vt 0.570312 0.710938
vt 0.578125 0.710938
vt 0.578125 0.718750
vt 0.570312 0.718750
vt 0.570312 0.695312
vt 0.578125 0.695312
vt 0.578125 0.703125
vt 0.570312 0.703125
vt 0.585938 0.695312
vt 0.593750 0.695312
vt 0.593750 0.703125
vt 0.585938 0.703125
vt 0.570312 0.742188
vt 0.578125 0.742188
vt 0.578125 0.750000
vt 0.570312 0.750000
vt 0.570312 0.726562
vt 0.578125 0.726562
vt 0.578125 0.734375
vt 0.570312 0.734375
vt 0.585938 0.726562
vt 0.593750 0.726562
vt 0.593750 0.734375
vt 0.585938 0.734375
vt 0.601562 0.960938
vt 0.609375 0.960938
vt 0.609375 0.968750
vt 0.601562 0.968750
vt 0.601562 0.945312
vt 0.609375 0.945312
vt 0.609375 0.953125
vt 0.601562 0.953125
vt 0.617188 0.945312
vt 0.625000 0.945312
vt 0.625000 0.953125
vt 0.617188 0.953125
vt 0.570312 0.960938
vt 0.578125 0.960938
vt 0.578125 0.968750
vt 0.570312 0.968750
vt 0.570312 0.945312
vt 0.578125 0.945312
vt 0.578125 0.953125
vt 0.570312 0.953125
vt 0.585938 0.945312
vt 0.593750 0.945312
vt 0.593750 0.953125
vt 0.585938 0.953125
vt 0.570312 0.992188
vt 0.578125 0.992188
vt 0.578125 1.000000
vt 0.570312 1.000000
vt 0.570312 0.976562
vt 0.578125 0.976562
vt 0.578125 0.984375
vt 0.570312 0.984375
vt 0.585938 0.976562
vt 0.593750 0.976562
vt 0.593750 0.984375
vt 0.585938 0.984375
vt 0.351562 0.710938
vt 0.359375 0.710938
vt 0.359375 0.718750
vt 0.351562 0.718750
vt 0.351562 0.695312
vt 0.359375 0.695312
vt 0.359375 0.703125
vt 0.351562 0.703125
vt 0.367188 0.695312
vt 0.375000 0.695312
vt 0.375000 0.703125
vt 0.367188 0.703125
vt 0.320312 0.710938
vt 0.328125 0.710938
vt 0.328125 0.718750
vt 0.320312 0.718750
vt 0.320312 0.695312
vt 0.328125 0.695312
vt 0.328125 0.703125
vt 0.320312 0.703125
vt 0.335938 0.695312
vt 0.343750 0.695312
vt 0.343750 0.703125
vt 0.335938 0.703125
vt 0.320312 0.742188
vt 0.328125 0.742188
vt 0.328125 0.750000
vt 0.320312 0.750000
vt 0.320312 0.726562
vt 0.328125 0.726562
vt 0.328125 0.734375
vt 0.320312 0.734375
vt 0.335938 0.726562
vt 0.343750 0.726562
vt 0.343750 0.734375
vt 0.335938 0.734375
vt 0.851562 0.710938
vt 0.859375 0.710938
vt 0.859375 0.718750
vt 0.851562 0.718750
vt 0.851562 0.695312
vt 0.859375 0.695312
vt 0.859375 0.703125
vt 0.851562 0.703125
vt 0.867188 0.695312
vt 0.875000 0.695312
vt 0.875000 0.703125
vt 0.867188 0.703125
vt 0.820312 0.710938
vt 0.828125 0.710938
vt 0.828125 0.718750
vt 0.820312 0.718750
vt 0.820312 0.695312
vt 0.828125 0.695312
vt 0.828125 0.703125
vt 0.820312 0.703125
vt 0.835938 0.695312
vt 0.843750 0.695312
vt 0.843750 0.703125
vt 0.835938 0.703125
vt 0.820312 0.742188
vt 0.828125 0.742188
vt 0.828125 0.750000
vt 0.820312 0.750000
vt 0.820312 0.726562
vt 0.828125 0.726562
vt 0.828125 0.734375
vt 0.820312 0.734375
vt 0.835938 0.726562
vt 0.843750 0.726562
vt 0.843750 0.734375
vt 0.835938 0.734375
vt 0.726562 0.710938
vt 0.734375 0.710938
vt 0.734375 0.718750
vt 0.726562 0.718750
vt 0.726562 0.695312
vt 0.734375 0.695312
vt 0.734375 0.703125
vt 0.726562 0.703125
vt 0.742188 0.695312
vt 0.750000 0.695312
vt 0.750000 0.703125
vt 0.742188 0.703125
vt 0.695312 0.710938
vt 0.703125 0.710938
vt 0.703125 0.718750
vt 0.695312 0.718750
vt 0.695312 0.695312
vt 0.703125 0.695312
vt 0.703125 0.703125
vt 0.695312 0.703125
vt 0.710938 0.695312
vt 0.718750 0.695312
vt 0.718750 0.703125
vt 0.710938 0.703125
vt 0.695312 0.742188
vt 0.703125 0.742188
vt 0.703125 0.750000
vt 0.695312 0.750000
vt 0.695312 0.726562
vt 0.703125 0.726562
vt 0.703125 0.734375
vt 0.695312 0.734375
vt 0.710938 0.726562
vt 0.718750 0.726562
vt 0.718750 0.734375
vt 0.710938 0.734375
vt 0.726562 0.585938
vt 0.734375 0.585938
vt 0.734375 0.593750
vt 0.726562 0.593750
vt 0.726562 0.570312
vt 0.734375 0.570312
vt 0.734375 0.578125
vt 0.726562 0.578125
vt 0.742188 0.570312
vt 0.750000 0.570312
vt 0.750000 0.578125
vt 0.742188 0.578125
vt 0.695312 0.585938
vt 0.703125 0.585938
vt 0.703125 0.593750
vt 0.695312 0.593750
vt 0.695312 0.570312
vt 0.703125 0.570312
vt 0.703125 0.578125
vt 0.695312 0.578125
vt 0.710938 0.570312
vt 0.718750 0.570312
vt 0.718750 0.578125
vt 0.710938 0.578125
vt 0.695312 0.617188
vt 0.703125 0.617188
vt 0.703125 0.625000
vt 0.695312 0.625000
vt 0.695312 0.601562
vt 0.703125 0.601562
vt 0.703125 0.609375
vt 0.695312 0.609375
vt 0.710938 0.601562
vt 0.718750 0.601562
vt 0.718750 0.609375
vt 0.710938 0.609375
vt 0.851562 0.585938
vt 0.859375 0.585938
vt 0.859375 0.593750
vt 0.851562 0.593750
vt 0.851562 0.570312
vt 0.859375 0.570312
vt 0.859375 0.578125
vt 0.851562 0.578125
vt 0.867188 0.570312
vt 0.875000 0.570312
vt 0.875000 0.578125
vt 0.867188 0.578125
vt 0.820312 0.585938
vt 0.828125 0.585938
vt 0.828125 0.593750
vt 0.820312 0.593750
vt 0.820312 0.570312
vt 0.828125 0.570312
vt 0.828125 0.578125
vt 0.820312 0.578125
vt 0.835938 0.570312
vt 0.843750 0.570312
vt 0.843750 0.578125
vt 0.835938 0.578125
vt 0.820312 0.617188
vt 0.828125 0.617188
vt 0.828125 0.625000
vt 0.820312 0.625000
vt 0.820312 0.601562
vt 0.828125 0.601562
vt 0.828125 0.609375
vt 0.820312 0.609375
vt 0.835938 0.601562
vt 0.843750 0.601562
vt 0.843750 0.609375
vt 0.835938 0.609375
vt 0.226562 0.710938
vt 0.234375 0.710938
vt 0.234375 0.718750
vt 0.226562 0.718750
vt 0.226562 0.695312
vt 0.234375 0.695312
vt 0.234375 0.703125
vt 0.226562 0.703125
vt 0.242188 0.695312
vt 0.250000 0.695312
vt 0.250000 0.703125
vt 0.242188 0.703125
vt 0.195312 0.710938
vt 0.203125 0.710938
vt 0.203125 0.718750
vt 0.195312 0.718750
vt 0.195312 0.695312
vt 0.203125 0.695312
vt 0.203125 0.703125
vt 0.195312 0.703125
vt 0.210938 0.695312
vt 0.218750 0.695312
vt 0.218750 0.703125
vt 0.210938 0.703125
vt 0.195312 0.742188
vt 0.203125 0.742188
vt 0.203125 0.750000
vt 0.195312 0.750000
vt 0.195312 0.726562
vt 0.203125 0.726562
vt 0.203125 0.734375
vt 0.195312 0.734375
vt 0.210938 0.726562
vt 0.218750 0.726562
vt 0.218750 0.734375
vt 0.210938 0.734375
vt 0.226562 0.585938
vt 0.234375 0.585938
vt 0.234375 0.593750
vt 0.226562 0.593750
vt 0.226562 0.570312
vt 0.234375 0.570312
vt 0.234375 0.578125
vt 0.226562 0.578125
vt 0.242188 0.570312
vt 0.250000 0.570312
vt 0.250000 0.578125
vt 0.242188 0.578125
vt 0.195312 0.585938
vt 0.203125 0.585938
vt 0.203125 0.593750
vt 0.195312 0.593750
vt 0.195312 0.570312
vt 0.203125 0.570312
vt 0.203125 0.578125
vt 0.195312 0.578125
vt 0.210938 0.570312
vt 0.218750 0.570312
vt 0.218750 0.578125
vt 0.210938 0.578125
vt 0.195312 0.617188
vt 0.203125 0.617188
vt 0.203125 0.625000
vt 0.195312 0.625000
vt 0.195312 0.601562
vt 0.203125 0.601562
vt 0.203125 0.609375
vt 0.195312 0.609375
vt 0.210938 0.601562
vt 0.218750 0.601562
vt 0.218750 0.609375
vt 0.210938 0.609375
vt 0.351562 0.585938
vt 0.359375 0.585938
vt 0.359375 0.593750
vt 0.351562 0.593750
vt 0.351562 0.570312
vt 0.359375 0.570312
vt 0.359375 0.578125
vt 0.351562 0.578125
vt 0.367188 0.570312
vt 0.375000 0.570312
vt 0.375000 0.578125
vt 0.367188 0.578125
vt 0.320312 0.585938
vt 0.328125 0.585938
vt 0.328125 0.593750
vt 0.320312 0.593750
vt 0.320312 0.570312
vt 0.328125 0.570312
vt 0.328125 0.578125
vt 0.320312 0.578125
vt 0.335938 0.570312
vt 0.343750 0.570312
vt 0.343750 0.578125
vt 0.335938 0.578125
vt 0.320312 0.617188
vt 0.328125 0.617188
vt 0.328125 0.625000
vt 0.320312 0.625000
vt 0.320312 0.601562
vt 0.328125 0.601562
vt 0.328125 0.609375
vt 0.320312 0.609375
vt 0.335938 0.601562
vt 0.343750 0.601562
vt 0.343750 0.609375
vt 0.335938 0.609375
vt 0.476562 0.960938
vt 0.484375 0.960938
vt 0.484375 0.968750
vt 0.476562 0.968750
vt 0.476562 0.945312
vt 0.484375 0.945312
vt 0.484375 0.953125
vt 0.476562 0.953125
vt 0.492188 0.945312
vt 0.500000 0.945312
vt 0.500000 0.953125
vt 0.492188 0.953125
vt 0.445312 0.960938
vt 0.453125 0.960938
vt 0.453125 0.968750
vt 0.445312 0.968750
vt 0.445312 0.945312
vt 0.453125 0.945312
vt 0.453125 0.953125
vt 0.445312 0.953125
vt 0.460938 0.945312
vt 0.468750 0.945312
vt 0.468750 0.953125
vt 0.460938 0.953125
vt 0.445312 0.992188
vt 0.453125 0.992188
vt 0.453125 1.000000
vt 0.445312 1.000000
vt 0.445312 0.976562
vt 0.453125 0.976562
vt 0.453125 0.984375
vt 0.445312 0.984375
vt 0.460938 0.976562
vt 0.468750 0.976562
vt 0.468750 0.984375
vt 0.460938 0.984375
vt 0.476562 0.835938
vt 0.484375 0.835938
vt 0.484375 0.843750
vt 0.476562 0.843750
vt 0.476562 0.820312
vt 0.484375 0.820312
vt 0.484375 0.828125
vt 0.476562 0.828125
vt 0.492188 0.820312
vt 0.500000 0.820312
vt 0.500000 0.828125
vt 0.492188 0.828125
vt 0.445312 0.835938
vt 0.453125 0.835938
vt 0.453125 0.843750
vt 0.445312 0.843750
vt 0.445312 0.820312
vt 0.453125 0.820312
vt 0.453125 0.828125
vt 0.445312 0.828125
vt 0.460938 0.820312
vt 0.468750 0.820312
vt 0.468750 0.828125
vt 0.460938 0.828125
vt 0.445312 0.867188
vt 0.453125 0.867188
vt 0.453125 0.875000
vt 0.445312 0.875000
vt 0.445312 0.851562
vt 0.453125 0.851562
vt 0.453125 0.859375
vt 0.445312 0.859375
vt 0.460938 0.851562
vt 0.468750 0.851562
vt 0.468750 0.859375
vt 0.460938 0.859375
vt 0.601562 0.835938
vt 0.609375 0.835938
vt 0.609375 0.843750
vt 0.601562 0.843750
vt 0.601562 0.820312
vt 0.609375 0.820312
vt 0.609375 0.828125
vt 0.601562 0.828125
vt 0.617188 0.820312
vt 0.625000 0.820312
vt 0.625000 0.828125
vt 0.617188 0.828125
vt 0.570312 0.835938
vt 0.578125 0.835938
vt 0.578125 0.843750
vt 0.570312 0.843750
vt 0.570312 0.820312
vt 0.578125 0.820312
vt 0.578125 0.828125
vt 0.570312 0.828125
vt 0.585938 0.820312
vt 0.593750 0.820312
vt 0.593750 0.828125
vt 0.585938 0.828125
vt 0.570312 0.867188
vt 0.578125 0.867188
vt 0.578125 0.875000
vt 0.570312 0.875000
vt 0.570312 0.851562
vt 0.578125 0.851562
vt 0.578125 0.859375
vt 0.570312 0.859375
vt 0.585938 0.851562
vt 0.593750 0.851562
vt 0.593750 0.859375
vt 0.585938 0.859375
vt 0.476562 0.710938
vt 0.484375 0.710938
vt 0.484375 0.718750
vt 0.476562 0.718750
vt 0.476562 0.695312
vt 0.484375 0.695312
vt 0.484375 0.703125
vt 0.476562 0.703125
vt 0.492188 0.695312
vt 0.500000 0.695312
vt 0.500000 0.703125
vt 0.492188 0.703125
vt 0.445312 0.710938
vt 0.453125 0.710938
vt 0.453125 0.718750
vt 0.445312 0.718750
vt 0.445312 0.695312
vt 0.453125 0.695312
vt 0.453125 0.703125
vt 0.445312 0.703125
vt 0.460938 0.695312
vt 0.468750 0.695312
vt 0.468750 0.703125
vt 0.460938 0.703125
vt 0.445312 0.742188
vt 0.453125 0.742188
vt 0.453125 0.750000
vt 0.445312 0.750000
vt 0.445312 0.726562
vt 0.453125 0.726562
vt 0.453125 0.734375
vt 0.445312 0.734375
vt 0.460938 0.726562
vt 0.468750 0.726562
vt 0.468750 0.734375
vt 0.460938 0.734375
vt 0.476562 0.585938
vt 0.484375 0.585938
vt 0.484375 0.593750
vt 0.476562 0.593750
vt 0.476562 0.570312
vt 0.484375 0.570312
vt 0.484375 0.578125
vt 0.476562 0.578125
vt 0.492188 0.570312
vt 0.500000 0.570312
vt 0.500000 0.578125
vt 0.492188 0.578125
vt 0.445312 0.585938
vt 0.453125 0.585938
vt 0.453125 0.593750
vt 0.445312 0.593750
vt 0.445312 0.570312
vt 0.453125 0.570312
vt 0.453125 0.578125
vt 0.445312 0.578125
vt 0.460938 0.570312
vt 0.468750 0.570312
vt 0.468750 0.578125
vt 0.460938 0.578125
vt 0.445312 0.617188
vt 0.453125 0.617188
vt 0.453125 0.625000
vt 0.445312 0.625000
vt 0.445312 0.601562
vt 0.453125 0.601562
vt 0.453125 0.609375
vt 0.445312 0.609375
vt 0.460938 0.601562
vt 0.468750 0.601562
vt 0.468750 0.609375
vt 0.460938 0.609375
vt 0.601562 0.585938
vt 0.609375 0.585938
vt 0.609375 0.593750
vt 0.601562 0.593750
vt 0.601562 0.570312
vt 0.609375 0.570312
vt 0.609375 0.578125
vt 0.601562 0.578125
vt 0.617188 0.570312
vt 0.625000 0.570312
vt 0.625000 0.578125
vt 0.617188 0.578125
vt 0.570312 0.585938
vt 0.578125 0.585938
vt 0.578125 0.593750
vt 0.570312 0.593750
vt 0.570312 0.570312
vt 0.578125 0.570312
vt 0.578125 0.578125
vt 0.570312 0.578125
vt 0.585938 0.570312
vt 0.593750 0.570312
vt 0.593750 0.578125
vt 0.585938 0.578125
vt 0.570312 0.617188
vt 0.578125 0.617188
vt 0.578125 0.625000
vt 0.570312 0.625000
vt 0.570312 0.601562
vt 0.578125 0.601562
vt 0.578125 0.609375
vt 0.570312 0.609375
vt 0.585938 0.601562
vt 0.593750 0.601562
vt 0.593750 0.609375
vt 0.585938 0.609375
vt 0.476562 0.460938
vt 0.484375 0.460938
vt 0.484375 0.468750
vt 0.476562 0.468750
vt 0.476562 0.445312
vt 0.484375 0.445312
vt 0.484375 0.453125
vt 0.476562 0.453125
vt 0.492188 0.445312
vt 0.500000 0.445312
vt 0.500000 0.453125
vt 0.492188 0.453125
vt 0.445312 0.460938
vt 0.453125 0.460938
vt 0.453125 0.468750
vt 0.445312 0.468750
vt 0.445312 0.445312
vt 0.453125 0.445312
vt 0.453125 0.453125
vt 0.445312 0.453125
vt 0.460938 0.445312
vt 0.468750 0.445312
vt 0.468750 0.453125
vt 0.460938 0.453125
vt 0.445312 0.492188
vt 0.453125 0.492188
vt 0.453125 0.500000
vt 0.445312 0.500000
vt 0.445312 0.476562
vt 0.453125 0.476562
vt 0.453125 0.484375
vt 0.445312 0.484375
vt 0.460938 0.476562
vt 0.468750 0.476562
vt 0.468750 0.484375
vt 0.460938 0.484375
vt 0.476562 0.335938
vt 0.484375 0.335938
vt 0.484375 0.343750
vt 0.476562 0.343750
vt 0.476562 0.320312
vt 0.484375 0.320312
vt 0.484375 0.328125
vt 0.476562 0.328125
vt 0.492188 0.320312
vt 0.500000 0.320312
vt 0.500000 0.328125
vt 0.492188 0.328125
vt 0.445312 0.335938
vt 0.453125 0.335938
vt 0.453125 0.343750
vt 0.445312 0.343750
vt 0.445312 0.320312
vt 0.453125 0.320312
vt 0.453125 0.328125
vt 0.445312 0.328125
vt 0.460938 0.320312
vt 0.468750 0.320312
vt 0.468750 0.328125
vt 0.460938 0.328125
vt 0.445312 0.367188
vt 0.453125 0.367188
vt 0.453125 0.375000
vt 0.445312 0.375000
vt 0.445312 0.351562
vt 0.453125 0.351562
vt 0.453125 0.359375
vt 0.445312 0.359375
vt 0.460938 0.351562
vt 0.468750 0.351562
vt 0.468750 0.359375
vt 0.460938 0.359375
vt 0.601562 0.335938
vt 0.609375 0.335938
vt 0.609375 0.343750
vt 0.601562 0.343750
vt 0.601562 0.320312
vt 0.609375 0.320312
vt 0.609375 0.328125
vt 0.601562 0.328125
vt 0.617188 0.320312
vt 0.625000 0.320312
vt 0.625000 0.328125
vt 0.617188 0.328125
vt 0.570312 0.335938
vt 0.578125 0.335938
vt 0.578125 0.343750
vt 0.570312 0.343750
vt 0.570312 0.320312
vt 0.578125 0.320312
vt 0.578125 0.328125
vt 0.570312 0.328125
vt 0.585938 0.320312
vt 0.593750 0.320312
vt 0.593750 0.328125
vt 0.585938 0.328125
vt 0.570312 0.367188
vt 0.578125 0.367188
vt 0.578125 0.375000
vt 0.570312 0.375000
vt 0.570312 0.351562
vt 0.578125 0.351562
vt 0.578125 0.359375
vt 0.570312 0.359375
vt 0.585938 0.351562
vt 0.593750 0.351562
vt 0.593750 0.359375
vt 0.585938 0.359375
vt 0.476562 0.210938
vt 0.484375 0.210938
vt 0.484375 0.218750
vt 0.476562 0.218750
vt 0.476562 0.195312
vt 0.484375 0.195312
vt 0.484375 0.203125
vt 0.476562 0.203125
vt 0.492188 0.195312
vt 0.500000 0.195312
vt 0.500000 0.203125
vt 0.492188 0.203125
vt 0.445312 0.210938
vt 0.453125 0.210938
vt 0.453125 0.218750
vt 0.445312 0.218750
vt 0.445312 0.195312
vt 0.453125 0.195312
vt 0.453125 0.203125
vt 0.445312 0.203125
vt 0.460938 0.195312
vt 0.468750 0.195312
vt 0.468750 0.203125
vt 0.460938 0.203125
vt 0.445312 0.242188
vt 0.453125 0.242188
vt 0.453125 0.250000
vt 0.445312 0.250000
vt 0.445312 0.226562
vt 0.453125 0.226562
vt 0.453125 0.234375
vt 0.445312 0.234375
vt 0.460938 0.226562
vt 0.468750 0.226562
vt 0.468750 0.234375
vt 0.460938 0.234375
vt 0.476562 0.085938
vt 0.484375 0.085938
vt 0.484375 0.093750
vt 0.476562 0.093750
vt 0.476562 0.070312
vt 0.484375 0.070312
vt 0.484375 0.078125
vt 0.476562 0.078125
vt 0.492188 0.070312
vt 0.500000 0.070312
vt 0.500000 0.078125
vt 0.492188 0.078125
vt 0.445312 0.085938
vt 0.453125 0.085938
vt 0.453125 0.093750
vt 0.445312 0.093750
vt 0.445312 0.070312
vt 0.453125 0.070312
vt 0.453125 0.078125
vt 0.445312 0.078125
vt 0.460938 0.070312
vt 0.468750 0.070312
vt 0.468750 0.078125
vt 0.460938 0.078125
vt 0.445312 0.117188
vt 0.453125 0.117188
vt 0.453125 0.125000
vt 0.445312 0.125000
vt 0.445312 0.101562
vt 0.453125 0.101562
vt 0.453125 0.109375
vt 0.445312 0.109375
vt 0.460938 0.101562
vt 0.468750 0.101562
vt 0.468750 0.109375
vt 0.460938 0.109375
vt 0.601562 0.085938
vt 0.609375 0.085938
vt 0.609375 0.093750
vt 0.601562 0.093750
vt 0.601562 0.070312
vt 0.609375 0.070312
vt 0.609375 0.078125
vt 0.601562 0.078125
vt 0.617188 0.070312
vt 0.625000 0.070312
vt 0.625000 0.078125
vt 0.617188 0.078125
vt 0.570312 0.085938
vt 0.578125 0.085938
vt 0.578125 0.093750
vt 0.570312 0.093750
vt 0.570312 0.070312
vt 0.578125 0.070312
vt 0.578125 0.078125
vt 0.570312 0.078125
vt 0.585938 0.070312
vt 0.593750 0.070312
vt 0.593750 0.078125
vt 0.585938 0.078125
vt 0.570312 0.117188
vt 0.578125 0.117188
vt 0.578125 0.125000
vt 0.570312 0.125000
vt 0.570312 0.101562
vt 0.578125 0.101562
vt 0.578125 0.109375
vt 0.570312 0.109375
vt 0.585938 0.101562
vt 0.593750 0.101562
vt 0.593750 0.109375
vt 0.585938 0.109375
vt 0.539062 0.085938
vt 0.546875 0.085938
vt 0.546875 0.093750
vt 0.539062 0.093750
vt 0.539062 0.070312
vt 0.546875 0.070312
vt 0.546875 0.078125
vt 0.539062 0.078125
vt 0.554688 0.070312
vt 0.562500 0.070312
vt 0.562500 0.078125
vt 0.554688 0.078125
vt 0.507812 0.085938
vt 0.515625 0.085938
vt 0.515625 0.093750
vt 0.507812 0.093750
vt 0.507812 0.070312
vt 0.515625 0.070312
vt 0.515625 0.078125
vt 0.507812 0.078125
vt 0.523438 0.070312
vt 0.531250 0.070312
vt 0.531250 0.078125
vt 0.523438 0.078125
vt 0.507812 0.117188
vt 0.515625 0.117188
vt 0.515625 0.125000
vt 0.507812 0.125000
vt 0.507812 0.101562
vt 0.515625 0.101562
vt 0.515625 0.109375
vt 0.507812 0.109375
vt 0.523438 0.101562
vt 0.531250 0.101562
vt 0.531250 0.109375
vt 0.523438 0.109375
vt 0.539062 0.023438
vt 0.546875 0.023438
vt 0.546875 0.031250
vt 0.539062 0.031250
vt 0.539062 0.007812
vt 0.546875 0.007812
vt 0.546875 0.015625
vt 0.539062 0.015625
vt 0.554688 0.007812
vt 0.562500 0.007812
vt 0.562500 0.015625
vt 0.554688 0.015625
vt 0.507812 0.023438
vt 0.515625 0.023438
vt 0.515625 0.031250
vt 0.507812 0.031250
vt 0.507812 0.007812
vt 0.515625 0.007812
vt 0.515625 0.015625
vt 0.507812 0.015625
vt 0.523438 0.007812
vt 0.531250 0.007812
vt 0.531250 0.015625
vt 0.523438 0.015625
vt 0.507812 0.054688
vt 0.515625 0.054688
vt 0.515625 0.062500
vt 0.507812 0.062500
vt 0.507812 0.039062
vt 0.515625 0.039062
vt 0.515625 0.046875
vt 0.507812 0.046875
vt 0.523438 0.039062
vt 0.531250 0.039062
vt 0.531250 0.046875
vt 0.523438 0.046875
vt 0.601562 0.023438
vt 0.609375 0.023438
vt 0.609375 0.031250
vt 0.601562 0.031250
vt 0.601562 0.007812
vt 0.609375 0.007812
vt 0.609375 0.015625
vt 0.601562 0.015625
vt 0.617188 0.007812
vt 0.625000 0.007812
vt 0.625000 0.015625
vt 0.617188 0.015625
vt 0.570312 0.023438
vt 0.578125 0.023438
vt 0.578125 0.031250
vt 0.570312 0.031250
vt 0.570312 0.007812
vt 0.578125 0.007812
vt 0.578125 0.015625
vt 0.570312 0.015625
vt 0.585938 0.007812
vt 0.593750 0.007812
vt 0.593750 0.015625
vt 0.585938 0.015625
vt 0.570312 0.054688
vt 0.578125 0.054688
vt 0.578125 0.062500
vt 0.570312 0.062500
vt 0.570312 0.039062
vt 0.578125 0.039062
vt 0.578125 0.046875
vt 0.570312 0.046875
vt 0.585938 0.039062
vt 0.593750 0.039062
vt 0.593750 0.046875
vt 0.585938 0.046875
vt 0.414062 0.085938
vt 0.421875 0.085938
vt 0.421875 0.093750
vt 0.414062 0.093750
vt 0.414062 0.070312
vt 0.421875 0.070312
vt 0.421875 0.078125
vt 0.414062 0.078125
vt 0.429688 0.070312
vt 0.437500 0.070312
vt 0.437500 0.078125
vt 0.429688 0.078125
vt 0.382812 0.085938
vt 0.390625 0.085938
vt 0.390625 0.093750
vt 0.382812 0.093750
vt 0.382812 0.070312
vt 0.390625 0.070312
vt 0.390625 0.078125
vt 0.382812 0.078125
vt 0.398438 0.070312
vt 0.406250 0.070312
vt 0.406250 0.078125
vt 0.398438 0.078125
vt 0.382812 0.117188
vt 0.390625 0.117188
vt 0.390625 0.125000
vt 0.382812 0.125000
vt 0.382812 0.101562
vt 0.390625 0.101562
vt 0.390625 0.109375
vt 0.382812 0.109375
vt 0.398438 0.101562
vt 0.406250 0.101562
vt 0.406250 0.109375
vt 0.398438 0.109375
vt 0.414062 0.023438
vt 0.421875 0.023438
vt 0.421875 0.031250
vt 0.414062 0.031250
vt 0.414062 0.007812
vt 0.421875 0.007812
vt 0.421875 0.015625
vt 0.414062 0.015625
vt 0.429688 0.007812
vt 0.437500 0.007812
vt 0.437500 0.015625
vt 0.429688 0.015625
vt 0.382812 0.023438
vt 0.390625 0.023438
vt 0.390625 0.031250
vt 0.382812 0.031250
vt 0.382812 0.007812
vt 0.390625 0.007812
vt 0.390625 0.015625
vt 0.382812 0.015625
vt 0.398438 0.007812
vt 0.406250 0.007812
vt 0.406250 0.015625
vt 0.398438 0.015625
vt 0.382812 0.054688
vt 0.390625 0.054688
vt 0.390625 0.062500
vt 0.382812 0.062500
vt 0.382812 0.039062
vt 0.390625 0.039062
vt 0.390625 0.046875
vt 0.382812 0.046875
vt 0.398438 0.039062
vt 0.406250 0.039062
vt 0.406250 0.046875
vt 0.398438 0.046875
vt 0.476562 0.023438
vt 0.484375 0.023438
vt 0.484375 0.031250
vt 0.476562 0.031250
vt 0.476562 0.007812
vt 0.484375 0.007812
vt 0.484375 0.015625
vt 0.476562 0.015625
vt 0.492188 0.007812
vt 0.500000 0.007812
vt 0.500000 0.015625
vt 0.492188 0.015625
vt 0.445312 0.023438
vt 0.453125 0.023438
vt 0.453125 0.031250
vt 0.445312 0.031250
vt 0.445312 0.007812
vt 0.453125 0.007812
vt 0.453125 0.015625
vt 0.445312 0.015625
vt 0.460938 0.007812
vt 0.468750 0.007812
vt 0.468750 0.015625
vt 0.460938 0.015625
vt 0.445312 0.054688
vt 0.453125 0.054688
vt 0.453125 0.062500
vt 0.445312 0.062500
vt 0.445312 0.039062
vt 0.453125 0.039062
vt 0.453125 0.046875
vt 0.445312 0.046875
vt 0.460938 0.039062
vt 0.468750 0.039062
vt 0.468750 0.046875
vt 0.460938 0.046875
vt 0.414062 0.210938
vt 0.421875 0.210938
vt 0.421875 0.218750
vt 0.414062 0.218750
vt 0.414062 0.195312
vt 0.421875 0.195312
vt 0.421875 0.203125
vt 0.414062 0.203125
vt 0.429688 0.195312
vt 0.437500 0.195312
vt 0.437500 0.203125
vt 0.429688 0.203125
vt 0.382812 0.210938
vt 0.390625 0.210938
vt 0.390625 0.218750
vt 0.382812 0.218750
vt 0.382812 0.195312
vt 0.390625 0.195312
vt 0.390625 0.203125
vt 0.382812 0.203125
vt 0.398438 0.195312
vt 0.406250 0.195312
vt 0.406250 0.203125
vt 0.398438 0.203125
vt 0.382812 0.242188
vt 0.390625 0.242188
vt 0.390625 0.250000
vt 0.382812 0.250000
vt 0.382812 0.226562
vt 0.390625 0.226562
vt 0.390625 0.234375
vt 0.382812 0.234375
vt 0.398438 0.226562
vt 0.406250 0.226562
vt 0.406250 0.234375
vt 0.398438 0.234375
vt 0.414062 0.148438
vt 0.421875 0.148438
vt 0.421875 0.156250
vt 0.414062 0.156250
vt 0.414062 0.132812
vt 0.421875 0.132812
vt 0.421875 0.140625
vt 0.414062 0.140625
vt 0.429688 0.132812
vt 0.437500 0.132812
vt 0.437500 0.140625
vt 0.429688 0.140625
vt 0.382812 0.148438
vt 0.390625 0.148438
vt 0.390625 0.156250
vt 0.382812 0.156250
vt 0.382812 0.132812
vt 0.390625 0.132812
vt 0.390625 0.140625
vt 0.382812 0.140625
vt 0.398438 0.132812
vt 0.406250 0.132812
vt 0.406250 0.140625
vt 0.398438 0.140625
vt 0.382812 0.179688
vt 0.390625 0.179688
vt 0.390625 0.187500
vt 0.382812 0.187500
vt 0.382812 0.164062
vt 0.390625 0.164062
vt 0.390625 0.171875
vt 0.382812 0.171875
vt 0.398438 0.164062
vt 0.406250 0.164062
vt 0.406250 0.171875
vt 0.398438 0.171875
vt 0.476562 0.148438
vt 0.484375 0.148438
vt 0.484375 0.156250
vt 0.476562 0.156250
vt 0.476562 0.132812
vt 0.484375 0.132812
vt 0.484375 0.140625
vt 0.476562 0.140625
vt 0.492188 0.132812
vt 0.500000 0.132812
vt 0.500000 0.140625
vt 0.492188 0.140625
vt 0.445312 0.148438
vt 0.453125 0.148438
vt 0.453125 0.156250
vt 0.445312 0.156250
vt 0.445312 0.132812
vt 0.453125 0.132812
vt 0.453125 0.140625
vt 0.445312 0.140625
vt 0.460938 0.132812
vt 0.468750 0.132812
vt 0.468750 0.140625
vt 0.460938 0.140625
vt 0.445312 0.179688
vt 0.453125 0.179688
vt 0.453125 0.187500
vt 0.445312 0.187500
vt 0.445312 0.164062
vt 0.453125 0.164062
vt 0.453125 0.171875
vt 0.445312 0.171875
vt 0.460938 0.164062
vt 0.468750 0.164062
vt 0.468750 0.171875
vt 0.460938 0.171875
vt 0.539062 0.335938
vt 0.546875 0.335938
vt 0.546875 0.343750
vt 0.539062 0.343750
vt 0.539062 0.320312
vt 0.546875 0.320312
vt 0.546875 0.328125
vt 0.539062 0.328125
vt 0.554688 0.320312
vt 0.562500 0.320312
vt 0.562500 0.328125
vt 0.554688 0.328125
vt 0.507812 0.335938
vt 0.515625 0.335938
vt 0.515625 0.343750
vt 0.507812 0.343750
vt 0.507812 0.320312
vt 0.515625 0.320312
vt 0.515625 0.328125
vt 0.507812 0.328125
vt 0.523438 0.320312
vt 0.531250 0.320312
vt 0.531250 0.328125
vt 0.523438 0.328125
vt 0.507812 0.367188
vt 0.515625 0.367188
vt 0.515625 0.375000
vt 0.507812 0.375000
vt 0.507812 0.351562
vt 0.515625 0.351562
vt 0.515625 0.359375
vt 0.507812 0.359375
vt 0.523438 0.351562
vt 0.531250 0.351562
vt 0.531250 0.359375
vt 0.523438 0.359375
vt 0.539062 0.273438
vt 0.546875 0.273438
vt 0.546875 0.281250
vt 0.539062 0.281250
vt 0.539062 0.257812
vt 0.546875 0.257812
vt 0.546875 0.265625
vt 0.539062 0.265625
vt 0.554688 0.257812
vt 0.562500 0.257812
vt 0.562500 0.265625
vt 0.554688 0.265625
vt 0.507812 0.273438
vt 0.515625 0.273438
vt 0.515625 0.281250
vt 0.507812 0.281250
vt 0.507812 0.257812
vt 0.515625 0.257812
vt 0.515625 0.265625
vt 0.507812 0.265625
vt 0.523438 0.257812
vt 0.531250 0.257812
vt 0.531250 0.265625
vt 0.523438 0.265625
vt 0.507812 0.304688
vt 0.515625 0.304688
vt 0.515625 0.312500
vt 0.507812 0.312500
vt 0.507812 0.289062
vt 0.515625 0.289062
vt 0.515625 0.296875
vt 0.507812 0.296875
vt 0.523438 0.289062
vt 0.531250 0.289062
vt 0.531250 0.296875
vt 0.523438 0.296875
vt 0.601562 0.273438
vt 0.609375 0.273438
vt 0.609375 0.281250
vt 0.601562 0.281250
vt 0.601562 0.257812
vt 0.609375 0.257812
vt 0.609375 0.265625
vt 0.601562 0.265625
vt 0.617188 0.257812
vt 0.625000 0.257812
vt 0.625000 0.265625
vt 0.617188 0.265625
vt 0.570312 0.273438
vt 0.578125 0.273438
vt 0.578125 0.281250
vt 0.570312 0.281250
vt 0.570312 0.257812
vt 0.578125 0.257812
vt 0.578125 0.265625
vt 0.570312 0.265625
vt 0.585938 0.257812
vt 0.593750 0.257812
vt 0.593750 0.265625
vt 0.585938 0.265625
vt 0.570312 0.304688
vt 0.578125 0.304688
vt 0.578125 0.312500
vt 0.570312 0.312500
vt 0.570312 0.289062
vt 0.578125 0.289062
vt 0.578125 0.296875
vt 0.570312 0.296875
vt 0.585938 0.289062
vt 0.593750 0.289062
vt 0.593750 0.296875
vt 0.585938 0.296875
vt 0.414062 0.335938
vt 0.421875 0.335938
vt 0.421875 0.343750
vt 0.414062 0.343750
vt 0.414062 0.320312
vt 0.421875 0.320312
vt 0.421875 0.328125
vt 0.414062 0.328125
vt 0.429688 0.320312
vt 0.437500 0.320312
vt 0.437500 0.328125
vt 0.429688 0.328125
vt 0.382812 0.335938
vt 0.390625 0.335938
vt 0.390625 0.343750
vt 0.382812 0.343750
vt 0.382812 0.320312
vt 0.390625 0.320312
vt 0.390625 0.328125
vt 0.382812 0.328125
vt 0.398438 0.320312
vt 0.406250 0.320312
vt 0.406250 0.328125
vt 0.398438 0.328125
vt 0.382812 0.367188
vt 0.390625 0.367188
vt 0.390625 0.375000
vt 0.382812 0.375000
vt 0.382812 0.351562
vt 0.390625 0.351562
vt 0.390625 0.359375
vt 0.382812 0.359375
vt 0.398438 0.351562
vt 0.406250 0.351562
vt 0.406250 0.359375
vt 0.398438 0.359375
vt 0.414062 0.273438
vt 0.421875 0.273438
vt 0.421875 0.281250
vt 0.414062 0.281250
vt 0.414062 0.257812
vt 0.421875 0.257812
vt 0.421875 0.265625
vt 0.414062 0.265625
vt 0.429688 0.257812
vt 0.437500 0.257812
vt 0.437500 0.265625
vt 0.429688 0.265625
vt 0.382812 0.273438
vt 0.390625 0.273438
vt 0.390625 0.281250
vt 0.382812 0.281250
vt 0.382812 0.257812
vt 0.390625 0.257812
vt 0.390625 0.265625
vt 0.382812 0.265625
vt 0.398438 0.257812
vt 0.406250 0.257812
vt 0.406250 0.265625
vt 0.398438 0.265625
vt 0.382812 0.304688
vt 0.390625 0.304688
vt 0.390625 0.312500
vt 0.382812 0.312500
vt 0.382812 0.289062
vt 0.390625 0.289062
vt 0.390625 0.296875
vt 0.382812 0.296875
vt 0.398438 0.289062
vt 0.406250 0.289062
vt 0.406250 0.296875
vt 0.398438 0.296875
vt 0.476562 0.273438
vt 0.484375 0.273438
vt 0.484375 0.281250
vt 0.476562 0.281250
vt 0.476562 0.257812
vt 0.484375 0.257812
vt 0.484375 0.265625
vt 0.476562 0.265625
vt 0.492188 0.257812
vt 0.500000 0.257812
vt 0.500000 0.265625
vt 0.492188 0.265625
vt 0.445312 0.273438
vt 0.453125 0.273438
vt 0.453125 0.281250
vt 0.445312 0.281250
vt 0.445312 0.257812
vt 0.453125 0.257812
vt 0.453125 0.265625
vt 0.445312 0.265625
vt 0.460938 0.257812
vt 0.468750 0.257812
vt 0.468750 0.265625
vt 0.460938 0.265625
vt 0.445312 0.304688
vt 0.453125 0.304688
vt 0.453125 0.312500
vt 0.445312 0.312500
vt 0.445312 0.289062
vt 0.453125 0.289062
vt 0.453125 0.296875
vt 0.445312 0.296875
vt 0.460938 0.289062
vt 0.468750 0.289062
vt 0.468750 0.296875
vt 0.460938 0.296875
vt 0.414062 0.460938
vt 0.421875 0.460938
vt 0.421875 0.468750
vt 0.414062 0.468750
vt 0.414062 0.445312
vt 0.421875 0.445312
vt 0.421875 0.453125
vt 0.414062 0.453125
vt 0.429688 0.445312
vt 0.437500 0.445312
vt 0.437500 0.453125
vt 0.429688 0.453125
vt 0.382812 0.460938
vt 0.390625 0.460938
vt 0.390625 0.468750
vt 0.382812 0.468750
vt 0.382812 0.445312
vt 0.390625 0.445312
vt 0.390625 0.453125
vt 0.382812 0.453125
vt 0.398438 0.445312
vt 0.406250 0.445312
vt 0.406250 0.453125
vt 0.398438 0.453125
vt 0.382812 0.492188
vt 0.390625 0.492188
vt 0.390625 0.500000
vt 0.382812 0.500000
vt 0.382812 0.476562
vt 0.390625 0.476562
vt 0.390625 0.484375
vt 0.382812 0.484375
vt 0.398438 0.476562
vt 0.406250 0.476562
vt 0.406250 0.484375
vt 0.398438 0.484375
vt 0.414062 0.398438
vt 0.421875 0.398438
vt 0.421875 0.406250
vt 0.414062 0.406250
vt 0.414062 0.382812
vt 0.421875 0.382812
vt 0.421875 0.390625
vt 0.414062 0.390625
vt 0.429688 0.382812
vt 0.437500 0.382812
vt 0.437500 0.390625
vt 0.429688 0.390625
vt 0.382812 0.398438
vt 0.390625 0.398438
vt 0.390625 0.406250
vt 0.382812 0.406250
vt 0.382812 0.382812
vt 0.390625 0.382812
vt 0.390625 0.390625
vt 0.382812 0.390625
vt 0.398438 0.382812
vt 0.406250 0.382812
vt 0.406250 0.390625
vt 0.398438 0.390625
vt 0.382812 0.429688
vt 0.390625 0.429688
vt 0.390625 0.437500
vt 0.382812 0.437500
vt 0.382812 0.414062
vt 0.390625 0.414062
vt 0.390625 0.421875
vt 0.382812 0.421875
vt 0.398438 0.414062
vt 0.406250 0.414062
vt 0.406250 0.421875
vt 0.398438 0.421875
vt 0.476562 0.398438
vt 0.484375 0.398438
vt 0.484375 0.406250
vt 0.476562 0.406250
vt 0.476562 0.382812
vt 0.484375 0.382812
vt 0.484375 0.390625
vt 0.476562 0.390625
vt 0.492188 0.382812
vt 0.500000 0.382812
vt 0.500000 0.390625
vt 0.492188 0.390625
vt 0.445312 0.398438
vt 0.453125 0.398438
vt 0.453125 0.406250
vt 0.445312 0.406250
vt 0.445312 0.382812
vt 0.453125 0.382812
vt 0.453125 0.390625
vt 0.445312 0.390625
vt 0.460938 0.382812
vt 0.468750 0.382812
vt 0.468750 0.390625
vt 0.460938 0.390625
vt 0.445312 0.429688
vt 0.453125 0.429688
vt 0.453125 0.437500
vt 0.445312 0.437500
vt 0.445312 0.414062
vt 0.453125 0.414062
vt 0.453125 0.421875
vt 0.445312 0.421875
vt 0.460938 0.414062
vt 0.468750 0.414062
vt 0.468750 0.421875
vt 0.460938 0.421875
vt 0.539062 0.585938
vt 0.546875 0.585938
vt 0.546875 0.593750
vt 0.539062 0.593750
vt 0.539062 0.570312
vt 0.546875 0.570312
vt 0.546875 0.578125
vt 0.539062 0.578125
vt 0.554688 0.570312
vt 0.562500 0.570312
vt 0.562500 0.578125
vt 0.554688 0.578125
vt 0.507812 0.585938
vt 0.515625 0.585938
vt 0.515625 0.593750
vt 0.507812 0.593750
vt 0.507812 0.570312
vt 0.515625 0.570312
vt 0.515625 0.578125
vt 0.507812 0.578125
vt 0.523438 0.570312
vt 0.531250 0.570312
vt 0.531250 0.578125
vt 0.523438 0.578125
vt 0.507812 0.617188
vt 0.515625 0.617188
vt 0.515625 0.625000
vt 0.507812 0.625000
vt 0.507812 0.601562
vt 0.515625 0.601562
vt 0.515625 0.609375
vt 0.507812 0.609375
vt 0.523438 0.601562
vt 0.531250 0.601562
vt 0.531250 0.609375
vt 0.523438 0.609375
vt 0.539062 0.523438
vt 0.546875 0.523438
vt 0.546875 0.531250
vt 0.539062 0.531250
vt 0.539062 0.507812
vt 0.546875 0.507812
vt 0.546875 0.515625
vt 0.539062 0.515625
vt 0.554688 0.507812
vt 0.562500 0.507812
vt 0.562500 0.515625
vt 0.554688 0.515625
vt 0.507812 0.523438
vt 0.515625 0.523438
vt 0.515625 0.531250
vt 0.507812 0.531250
vt 0.507812 0.507812
vt 0.515625 0.507812
vt 0.515625 0.515625
vt 0.507812 0.515625
vt 0.523438 0.507812
vt 0.531250 0.507812
vt 0.531250 0.515625
vt 0.523438 0.515625
vt 0.507812 0.554688
vt 0.515625 0.554688
vt 0.515625 0.562500
vt 0.507812 0.562500
vt 0.507812 0.539062
vt 0.515625 0.539062
vt 0.515625 0.546875
vt 0.507812 0.546875
vt 0.523438 0.539062
vt 0.531250 0.539062
vt 0.531250 0.546875
vt 0.523438 0.546875
vt 0.601562 0.523438
vt 0.609375 0.523438
vt 0.609375 0.531250
vt 0.601562 0.531250
vt 0.601562 0.507812
vt 0.609375 0.507812
vt 0.609375 0.515625
vt 0.601562 0.515625
vt 0.617188 0.507812
vt 0.625000 0.507812
vt 0.625000 0.515625
vt 0.617188 0.515625
vt 0.570312 0.523438
vt 0.578125 0.523438
vt 0.578125 0.531250
vt 0.570312 0.531250
vt 0.570312 0.507812
vt 0.578125 0.507812
vt 0.578125 0.515625
vt 0.570312 0.515625
vt 0.585938 0.507812
vt 0.593750 0.507812
vt 0.593750 0.515625
vt 0.585938 0.515625
vt 0.570312 0.554688
vt 0.578125 0.554688
vt 0.578125 0.562500
vt 0.570312 0.562500
vt 0.570312 0.539062
vt 0.578125 0.539062
vt 0.578125 0.546875
vt 0.570312 0.546875
vt 0.585938 0.539062
vt 0.593750 0.539062
vt 0.593750 0.546875
vt 0.585938 0.546875
vt 0.414062 0.585938
vt 0.421875 0.585938
vt 0.421875 0.593750
vt 0.414062 0.593750
vt 0.414062 0.570312
vt 0.421875 0.570312
vt 0.421875 0.578125
vt 0.414062 0.578125
vt 0.429688 0.570312
vt 0.437500 0.570312
vt 0.437500 0.578125
vt 0.429688 0.578125
vt 0.382812 0.585938
vt 0.390625 0.585938
vt 0.390625 0.593750
vt 0.382812 0.593750
vt 0.382812 0.570312
vt 0.390625 0.570312
vt 0.390625 0.578125
vt 0.382812 0.578125
vt 0.398438 0.570312
vt 0.406250 0.570312
vt 0.406250 0.578125
vt 0.398438 0.578125
vt 0.382812 0.617188
vt 0.390625 0.617188
vt 0.390625 0.625000
vt 0.382812 0.625000
vt 0.382812 0.601562
vt 0.390625 0.601562
vt 0.390625 0.609375
vt 0.382812 0.609375
vt 0.398438 0.601562
vt 0.406250 0.601562
vt 0.406250 0.609375
vt 0.398438 0.609375
vt 0.414062 0.523438
vt 0.421875 0.523438
vt 0.421875 0.531250
vt 0.414062 0.531250
vt 0.414062 0.507812
vt 0.421875 0.507812
vt 0.421875 0.515625
vt 0.414062 0.515625
vt 0.429688 0.507812
vt 0.437500 0.507812
vt 0.437500 0.515625
vt 0.429688 0.515625
vt 0.382812 0.523438
vt 0.390625 0.523438
vt 0.390625 0.531250
vt 0.382812 0.531250
vt 0.382812 0.507812
vt 0.390625 0.507812
vt 0.390625 0.515625
vt 0.382812 0.515625
vt 0.398438 0.507812
vt 0.406250 0.507812
vt 0.406250 0.515625
vt 0.398438 0.515625
vt 0.382812 0.554688
vt 0.390625 0.554688
vt 0.390625 0.562500
vt 0.382812 0.562500
vt 0.382812 0.539062
vt 0.390625 0.539062
vt 0.390625 0.546875
vt 0.382812 0.546875
vt 0.398438 0.539062
vt 0.406250 0.539062
vt 0.406250 0.546875
vt 0.398438 0.546875
vt 0.476562 0.523438
vt 0.484375 0.523438
vt 0.484375 0.531250
vt 0.476562 0.531250
vt 0.476562 0.507812
vt 0.484375 0.507812
vt 0.484375 0.515625
vt 0.476562 0.515625
vt 0.492188 0.507812
vt 0.500000 0.507812
vt 0.500000 0.515625
vt 0.492188 0.515625
vt 0.445312 0.523438
vt 0.453125 0.523438
vt 0.453125 0.531250
vt 0.445312 0.531250
vt 0.445312 0.507812
vt 0.453125 0.507812
vt 0.453125 0.515625
vt 0.445312 0.515625
vt 0.460938 0.507812
vt 0.468750 0.507812
vt 0.468750 0.515625
vt 0.460938 0.515625
vt 0.445312 0.554688
vt 0.453125 0.554688
vt 0.453125 0.562500
vt 0.445312 0.562500
vt 0.445312 0.539062
vt 0.453125 0.539062
vt 0.453125 0.546875
vt 0.445312 0.546875
vt 0.460938 0.539062
vt 0.468750 0.539062
vt 0.468750 0.546875
vt 0.460938 0.546875
vt 0.414062 0.710938
vt 0.421875 0.710938
vt 0.421875 0.718750
vt 0.414062 0.718750
vt 0.414062 0.695312
vt 0.421875 0.695312
vt 0.421875 0.703125
vt 0.414062 0.703125
vt 0.429688 0.695312
vt 0.437500 0.695312
vt 0.437500 0.703125
vt 0.429688 0.703125
vt 0.382812 0.710938
vt 0.390625 0.710938
vt 0.390625 0.718750
vt 0.382812 0.718750
vt 0.382812 0.695312
vt 0.390625 0.695312
vt 0.390625 0.703125
vt 0.382812 0.703125
vt 0.398438 0.695312
vt 0.406250 0.695312
vt 0.406250 0.703125
vt 0.398438 0.703125
vt 0.382812 0.742188
vt 0.390625 0.742188
vt 0.390625 0.750000
vt 0.382812 0.750000
vt 0.382812 0.726562
vt 0.390625 0.726562
vt 0.390625 0.734375
vt 0.382812 0.734375
vt 0.398438 0.726562
vt 0.406250 0.726562
vt 0.406250 0.734375
vt 0.398438 0.734375
vt 0.414062 0.648438
vt 0.421875 0.648438
vt 0.421875 0.656250
vt 0.414062 0.656250
vt 0.414062 0.632812
vt 0.421875 0.632812
vt 0.421875 0.640625
vt 0.414062 0.640625
vt 0.429688 0.632812
vt 0.437500 0.632812
vt 0.437500 0.640625
vt 0.429688 0.640625
vt 0.382812 0.648438
vt 0.390625 0.648438
vt 0.390625 0.656250
vt 0.382812 0.656250
vt 0.382812 0.632812
vt 0.390625 0.632812
vt 0.390625 0.640625
vt 0.382812 0.640625
vt 0.398438 0.632812
vt 0.406250 0.632812
vt 0.406250 0.640625
vt 0.398438 0.640625
vt 0.382812 0.679688
vt 0.390625 0.679688
vt 0.390625 0.687500
vt 0.382812 0.687500
vt 0.382812 0.664062
vt 0.390625 0.664062
vt 0.390625 0.671875
vt 0.382812 0.671875
vt 0.398438 0.664062
vt 0.406250 0.664062
vt 0.406250 0.671875
vt 0.398438 0.671875
vt 0.476562 0.648438
vt 0.484375 0.648438
vt 0.484375 0.656250
vt 0.476562 0.656250
vt 0.476562 0.632812
vt 0.484375 0.632812
vt 0.484375 0.640625
vt 0.476562 0.640625
vt 0.492188 0.632812
vt 0.500000 0.632812
vt 0.500000 0.640625
vt 0.492188 0.640625
vt 0.445312 0.648438
vt 0.453125 0.648438
vt 0.453125 0.656250
vt 0.445312 0.656250
vt 0.445312 0.632812
vt 0.453125 0.632812
vt 0.453125 0.640625
vt 0.445312 0.640625
vt 0.460938 0.632812
vt 0.468750 0.632812
vt 0.468750 0.640625
vt 0.460938 0.640625
vt 0.445312 0.679688
vt 0.453125 0.679688
vt 0.453125 0.687500
vt 0.445312 0.687500
vt 0.445312 0.664062
vt 0.453125 0.664062
vt 0.453125 0.671875
vt 0.445312 0.671875
vt 0.460938 0.664062
vt 0.468750 0.664062
vt 0.468750 0.671875
vt 0.460938 0.671875
vt 0.539062 0.835938
vt 0.546875 0.835938
vt 0.546875 0.843750
vt 0.539062 0.843750
vt 0.539062 0.820312
vt 0.546875 0.820312
vt 0.546875 0.828125
vt 0.539062 0.828125
vt 0.554688 0.820312
vt 0.562500 0.820312
vt 0.562500 0.828125
vt 0.554688 0.828125
vt 0.507812 0.835938
vt 0.515625 0.835938
vt 0.515625 0.843750
vt 0.507812 0.843750
vt 0.507812 0.820312
vt 0.515625 0.820312
vt 0.515625 0.828125
vt 0.507812 0.828125
vt 0.523438 0.820312
vt 0.531250 0.820312
vt 0.531250 0.828125
vt 0.523438 0.828125
vt 0.507812 0.867188
vt 0.515625 0.867188
vt 0.515625 0.875000
vt 0.507812 0.875000
vt 0.507812 0.851562
vt 0.515625 0.851562
vt 0.515625 0.859375
vt 0.507812 0.859375
vt 0.523438 0.851562
vt 0.531250 0.851562
vt 0.531250 0.859375
vt 0.523438 0.859375
vt 0.539062 0.773438
vt 0.546875 0.773438
vt 0.546875 0.781250
vt 0.539062 0.781250
vt 0.539062 0.757812
vt 0.546875 0.757812
vt 0.546875 0.765625
vt 0.539062 0.765625
vt 0.554688 0.757812
vt 0.562500 0.757812
vt 0.562500 0.765625
vt 0.554688 0.765625
vt 0.507812 0.773438
vt 0.515625 0.773438
vt 0.515625 0.781250
vt 0.507812 0.781250
vt 0.507812 0.757812
vt 0.515625 0.757812
vt 0.515625 0.765625
vt 0.507812 0.765625
vt 0.523438 0.757812
vt 0.531250 0.757812
vt 0.531250 0.765625
vt 0.523438 0.765625
vt 0.507812 0.804688
vt 0.515625 0.804688
vt 0.515625 0.812500
vt 0.507812 0.812500
vt 0.507812 0.789062
vt 0.515625 0.789062
vt 0.515625 0.796875
vt 0.507812 0.796875
vt 0.523438 0.789062
vt 0.531250 0.789062
vt 0.531250 0.796875
vt 0.523438 0.796875
vt 0.601562 0.773438
vt 0.609375 0.773438
vt 0.609375 0.781250
vt 0.601562 0.781250
vt 0.601562 0.757812
vt 0.609375 0.757812
vt 0.609375 0.765625
vt 0.601562 0.765625
vt 0.617188 0.757812
vt 0.625000 0.757812
vt 0.625000 0.765625
vt 0.617188 0.765625
vt 0.570312 0.773438
vt 0.578125 0.773438
vt 0.578125 0.781250
vt 0.570312 0.781250
vt 0.570312 0.757812
vt 0.578125 0.757812
vt 0.578125 0.765625
vt 0.570312 0.765625
vt 0.585938 0.757812
vt 0.593750 0.757812
vt 0.593750 0.765625
vt 0.585938 0.765625
vt 0.570312 0.804688
vt 0.578125 0.804688
vt 0.578125 0.812500
vt 0.570312 0.812500
vt 0.570312 0.789062
vt 0.578125 0.789062
vt 0.578125 0.796875
vt 0.570312 0.796875
vt 0.585938 0.789062
vt 0.593750 0.789062
vt 0.593750 0.796875
vt 0.585938 0.796875
vt 0.414062 0.835938
vt 0.421875 0.835938
vt 0.421875 0.843750
vt 0.414062 0.843750
vt 0.414062 0.820312
vt 0.421875 0.820312
vt 0.421875 0.828125
vt 0.414062 0.828125
vt 0.429688 0.820312
vt 0.437500 0.820312
vt 0.437500 0.828125
vt 0.429688 0.828125
vt 0.382812 0.835938
vt 0.390625 0.835938
vt 0.390625 0.843750
vt 0.382812 0.843750
vt 0.382812 0.820312
vt 0.390625 0.820312
vt 0.390625 0.828125
vt 0.382812 0.828125
vt 0.398438 0.820312
vt 0.406250 0.820312
vt 0.406250 0.828125
vt 0.398438 0.828125
vt 0.382812 0.867188
vt 0.390625 0.867188
vt 0.390625 0.875000
vt 0.382812 0.875000
vt 0.382812 0.851562
vt 0.390625 0.851562
vt 0.390625 0.859375
vt 0.382812 0.859375
vt 0.398438 0.851562
vt 0.406250 0.851562
vt 0.406250 0.859375
vt 0.398438 0.859375
vt 0.414062 0.773438
vt 0.421875 0.773438
vt 0.421875 0.781250
vt 0.414062 0.781250
vt 0.414062 0.757812
vt 0.421875 0.757812
vt 0.421875 0.765625
vt 0.414062 0.765625
vt 0.429688 0.757812
vt 0.437500 0.757812
vt 0.437500 0.765625
vt 0.429688 0.765625
vt 0.382812 0.773438
vt 0.390625 0.773438
vt 0.390625 0.781250
vt 0.382812 0.781250
vt 0.382812 0.757812
vt 0.390625 0.757812
vt 0.390625 0.765625
vt 0.382812 0.765625
vt 0.398438 0.757812
vt 0.406250 0.757812
vt 0.406250 0.765625
vt 0.398438 0.765625
vt 0.382812 0.804688
vt 0.390625 0.804688
vt 0.390625 0.812500
vt 0.382812 0.812500
vt 0.382812 0.789062
vt 0.390625 0.789062
vt 0.390625 0.796875
vt 0.382812 0.796875
vt 0.398438 0.789062
vt 0.406250 0.789062
vt 0.406250 0.796875
vt 0.398438 0.796875
vt 0.476562 0.773438
vt 0.484375 0.773438
vt 0.484375 0.781250
vt 0.476562 0.781250
vt 0.476562 0.757812
vt 0.484375 0.757812
vt 0.484375 0.765625
vt 0.476562 0.765625
vt 0.492188 0.757812
vt 0.500000 0.757812
vt 0.500000 0.765625
vt 0.492188 0.765625
vt 0.445312 0.773438
vt 0.453125 0.773438
vt 0.453125 0.781250
vt 0.445312 0.781250
vt 0.445312 0.757812
vt 0.453125 0.757812
vt 0.453125 0.765625
vt 0.445312 0.765625
vt 0.460938 0.757812
vt 0.468750 0.757812
vt 0.468750 0.765625
vt 0.460938 0.765625
vt 0.445312 0.804688
vt 0.453125 0.804688
vt 0.453125 0.812500
vt 0.445312 0.812500
vt 0.445312 0.789062
vt 0.453125 0.789062
vt 0.453125 0.796875
vt 0.445312 0.796875
vt 0.460938 0.789062
vt 0.468750 0.789062
vt 0.468750 0.796875
vt 0.460938 0.796875
vt 0.414062 0.960938
vt 0.421875 0.960938
vt 0.421875 0.968750
vt 0.414062 0.968750
vt 0.414062 0.945312
vt 0.421875 0.945312
vt 0.421875 0.953125
vt 0.414062 0.953125
vt 0.429688 0.945312
vt 0.437500 0.945312
vt 0.437500 0.953125
vt 0.429688 0.953125
vt 0.382812 0.960938
vt 0.390625 0.960938
vt 0.390625 0.968750
vt 0.382812 0.968750
vt 0.382812 0.945312
vt 0.390625 0.945312
vt 0.390625 0.953125
vt 0.382812 0.953125
vt 0.398438 0.945312
vt 0.406250 0.945312
vt 0.406250 0.953125
vt 0.398438 0.953125
vt 0.382812 0.992188
vt 0.390625 0.992188
vt 0.390625 1.000000
vt 0.382812 1.000000
vt 0.382812 0.976562
vt 0.390625 0.976562
vt 0.390625 0.984375
vt 0.382812 0.984375
vt 0.398438 0.976562
vt 0.406250 0.976562
vt 0.406250 0.984375
vt 0.398438 0.984375
vt 0.414062 0.898438
vt 0.421875 0.898438
vt 0.421875 0.906250
vt 0.414062 0.906250
vt 0.414062 0.882812
vt 0.421875 0.882812
vt 0.421875 0.890625
vt 0.414062 0.890625
vt 0.429688 0.882812
vt 0.437500 0.882812
vt 0.437500 0.890625
vt 0.429688 0.890625
vt 0.382812 0.898438
vt 0.390625 0.898438
vt 0.390625 0.906250
vt 0.382812 0.906250
vt 0.382812 0.882812
vt 0.390625 0.882812
vt 0.390625 0.890625
vt 0.382812 0.890625
vt 0.398438 0.882812
vt 0.406250 0.882812
vt 0.406250 0.890625
vt 0.398438 0.890625
vt 0.382812 0.929688
vt 0.390625 0.929688
vt 0.390625 0.937500
vt 0.382812 0.937500
vt 0.382812 0.914062
vt 0.390625 0.914062
vt 0.390625 0.921875
vt 0.382812 0.921875
vt 0.398438 0.914062
vt 0.406250 0.914062
vt 0.406250 0.921875
vt 0.398438 0.921875
vt 0.476562 0.898438
vt 0.484375 0.898438
vt 0.484375 0.906250
vt 0.476562 0.906250
vt 0.476562 0.882812
vt 0.484375 0.882812
vt 0.484375 0.890625
vt 0.476562 0.890625
vt 0.492188 0.882812
vt 0.500000 0.882812
vt 0.500000 0.890625
vt 0.492188 0.890625
vt 0.445312 0.898438
vt 0.453125 0.898438
vt 0.453125 0.906250
vt 0.445312 0.906250
vt 0.445312 0.882812
vt 0.453125 0.882812
vt 0.453125 0.890625
vt 0.445312 0.890625
vt 0.460938 0.882812
vt 0.468750 0.882812
vt 0.468750 0.890625
vt 0.460938 0.890625
vt 0.445312 0.929688
vt 0.453125 0.929688
vt 0.453125 0.937500
vt 0.445312 0.937500
vt 0.445312 0.914062
vt 0.453125 0.914062
vt 0.453125 0.921875
vt 0.445312 0.921875
vt 0.460938 0.914062
vt 0.468750 0.914062
vt 0.468750 0.921875
vt 0.460938 0.921875
vt 0.289062 0.585938
vt 0.296875 0.585938
vt 0.296875 0.593750
vt 0.289062 0.593750
vt 0.289062 0.570312
vt 0.296875 0.570312
vt 0.296875 0.578125
vt 0.289062 0.578125
vt 0.304688 0.570312
vt 0.312500 0.570312
vt 0.312500 0.578125
vt 0.304688 0.578125
vt 0.257812 0.585938
vt 0.265625 0.585938
vt 0.265625 0.593750
vt 0.257812 0.593750
vt 0.257812 0.570312
vt 0.265625 0.570312
vt 0.265625 0.578125
vt 0.257812 0.578125
vt 0.273438 0.570312
vt 0.281250 0.570312
vt 0.281250 0.578125
vt 0.273438 0.578125
vt 0.257812 0.617188
vt 0.265625 0.617188
vt 0.265625 0.625000
vt 0.257812 0.625000
vt 0.257812 0.601562
vt 0.265625 0.601562
vt 0.265625 0.609375
vt 0.257812 0.609375
vt 0.273438 0.601562
vt 0.281250 0.601562
vt 0.281250 0.609375
vt 0.273438 0.609375
vt 0.289062 0.523438
vt 0.296875 0.523438
vt 0.296875 0.531250
vt 0.289062 0.531250
vt 0.289062 0.507812
vt 0.296875 0.507812
vt 0.296875 0.515625
vt 0.289062 0.515625
vt 0.304688 0.507812
vt 0.312500 0.507812
vt 0.312500 0.515625
vt 0.304688 0.515625
vt 0.257812 0.523438
vt 0.265625 0.523438
vt 0.265625 0.531250
vt 0.257812 0.531250
vt 0.257812 0.507812
vt 0.265625 0.507812
vt 0.265625 0.515625
vt 0.257812 0.515625
vt 0.273438 0.507812
vt 0.281250 0.507812
vt 0.281250 0.515625
vt 0.273438 0.515625
vt 0.257812 0.554688
vt 0.265625 0.554688
vt 0.265625 0.562500
vt 0.257812 0.562500
vt 0.257812 0.539062
vt 0.265625 0.539062
vt 0.265625 0.546875
vt 0.257812 0.546875
vt 0.273438 0.539062
vt 0.281250 0.539062
vt 0.281250 0.546875
vt 0.273438 0.546875
vt 0.351562 0.523438
vt 0.359375 0.523438
vt 0.359375 0.531250
vt 0.351562 0.531250
vt 0.351562 0.507812
vt 0.359375 0.507812
vt 0.359375 0.515625
vt 0.351562 0.515625
vt 0.367188 0.507812
vt 0.375000 0.507812
vt 0.375000 0.515625
vt 0.367188 0.515625
vt 0.320312 0.523438
vt 0.328125 0.523438
vt 0.328125 0.531250
vt 0.320312 0.531250
vt 0.320312 0.507812
vt 0.328125 0.507812
vt 0.328125 0.515625
vt 0.320312 0.515625
vt 0.335938 0.507812
vt 0.343750 0.507812
vt 0.343750 0.515625
vt 0.335938 0.515625
vt 0.320312 0.554688
vt 0.328125 0.554688
vt 0.328125 0.562500
vt 0.320312 0.562500
vt 0.320312 0.539062
vt 0.328125 0.539062
vt 0.328125 0.546875
vt 0.320312 0.546875
vt 0.335938 0.539062
vt 0.343750 0.539062
vt 0.343750 0.546875
vt 0.335938 0.546875
vt 0.164062 0.585938
vt 0.171875 0.585938
vt 0.171875 0.593750
vt 0.164062 0.593750
vt 0.164062 0.570312
vt 0.171875 0.570312
vt 0.171875 0.578125
vt 0.164062 0.578125
vt 0.179688 0.570312
vt 0.187500 0.570312
vt 0.187500 0.578125
vt 0.179688 0.578125
vt 0.132812 0.585938
vt 0.140625 0.585938
vt 0.140625 0.593750
vt 0.132812 0.593750
vt 0.132812 0.570312
vt 0.140625 0.570312
vt 0.140625 0.578125
vt 0.132812 0.578125
vt 0.148438 0.570312
vt 0.156250 0.570312
vt 0.156250 0.578125
vt 0.148438 0.578125
vt 0.132812 0.617188
vt 0.140625 0.617188
vt 0.140625 0.625000
vt 0.132812 0.625000
vt 0.132812 0.601562
vt 0.140625 0.601562
vt 0.140625 0.609375
vt 0.132812 0.609375
vt 0.148438 0.601562
vt 0.156250 0.601562
vt 0.156250 0.609375
vt 0.148438 0.609375
vt 0.164062 0.523438
vt 0.171875 0.523438
vt 0.171875 0.531250
vt 0.164062 0.531250
vt 0.164062 0.507812
vt 0.171875 0.507812
vt 0.171875 0.515625
vt 0.164062 0.515625
vt 0.179688 0.507812
vt 0.187500 0.507812
vt 0.187500 0.515625
vt 0.179688 0.515625
vt 0.132812 0.523438
vt 0.140625 0.523438
vt 0.140625 0.531250
vt 0.132812 0.531250
vt 0.132812 0.507812
vt 0.140625 0.507812
vt 0.140625 0.515625
vt 0.132812 0.515625
vt 0.148438 0.507812
vt 0.156250 0.507812
vt 0.156250 0.515625
vt 0.148438 0.515625
vt 0.132812 0.554688
vt 0.140625 0.554688
vt 0.140625 0.562500
vt 0.132812 0.562500
vt 0.132812 0.539062
vt 0.140625 0.539062
vt 0.140625 0.546875
vt 0.132812 0.546875
vt 0.148438 0.539062
vt 0.156250 0.539062
vt 0.156250 0.546875
vt 0.148438 0.546875
vt 0.226562 0.523438
vt 0.234375 0.523438
vt 0.234375 0.531250
vt 0.226562 0.531250
vt 0.226562 0.507812
vt 0.234375 0.507812
vt 0.234375 0.515625
vt 0.226562 0.515625
vt 0.242188 0.507812
vt 0.250000 0.507812
vt 0.250000 0.515625
vt 0.242188 0.515625
vt 0.195312 0.523438
vt 0.203125 0.523438
vt 0.203125 0.531250
vt 0.195312 0.531250
vt 0.195312 0.507812
vt 0.203125 0.507812
vt 0.203125 0.515625
vt 0.195312 0.515625
vt 0.210938 0.507812
vt 0.218750 0.507812
vt 0.218750 0.515625
vt 0.210938 0.515625
vt 0.195312 0.554688
vt 0.203125 0.554688
vt 0.203125 0.562500
vt 0.195312 0.562500
vt 0.195312 0.539062
vt 0.203125 0.539062
vt 0.203125 0.546875
vt 0.195312 0.546875
vt 0.210938 0.539062
vt 0.218750 0.539062
vt 0.218750 0.546875
vt 0.210938 0.546875
vt 0.164062 0.710938
vt 0.171875 0.710938
vt 0.171875 0.718750
vt 0.164062 0.718750
vt 0.164062 0.695312
vt 0.171875 0.695312
vt 0.171875 0.703125
vt 0.164062 0.703125
vt 0.179688 0.695312
vt 0.187500 0.695312
vt 0.187500 0.703125
vt 0.179688 0.703125
vt 0.132812 0.710938
vt 0.140625 0.710938
vt 0.140625 0.718750
vt 0.132812 0.718750
vt 0.132812 0.695312
vt 0.140625 0.695312
vt 0.140625 0.703125
vt 0.132812 0.703125
vt 0.148438 0.695312
vt 0.156250 0.695312
vt 0.156250 0.703125
vt 0.148438 0.703125
vt 0.132812 0.742188
vt 0.140625 0.742188
vt 0.140625 0.750000
vt 0.132812 0.750000
vt 0.132812 0.726562
vt 0.140625 0.726562
vt 0.140625 0.734375
vt 0.132812 0.734375
vt 0.148438 0.726562
vt 0.156250 0.726562
vt 0.156250 0.734375
vt 0.148438 0.734375
vt 0.164062 0.648438
vt 0.171875 0.648438
vt 0.171875 0.656250
vt 0.164062 0.656250
vt 0.164062 0.632812
vt 0.171875 0.632812
vt 0.171875 0.640625
vt 0.164062 0.640625
vt 0.179688 0.632812
vt 0.187500 0.632812
vt 0.187500 0.640625
vt 0.179688 0.640625
vt 0.132812 0.648438
vt 0.140625 0.648438
vt 0.140625 0.656250
vt 0.132812 0.656250
vt 0.132812 0.632812
vt 0.140625 0.632812
vt 0.140625 0.640625
vt 0.132812 0.640625
vt 0.148438 0.632812
vt 0.156250 0.632812
vt 0.156250 0.640625
vt 0.148438 0.640625
vt 0.132812 0.679688
vt 0.140625 0.679688
vt 0.140625 0.687500
vt 0.132812 0.687500
vt 0.132812 0.664062
vt 0.140625 0.664062
vt 0.140625 0.671875
vt 0.132812 0.671875
vt 0.148438 0.664062
vt 0.156250 0.664062
vt 0.156250 0.671875
vt 0.148438 0.671875
vt 0.226562 0.648438
vt 0.234375 0.648438
vt 0.234375 0.656250
vt 0.226562 0.656250
vt 0.226562 0.632812
vt 0.234375 0.632812
vt 0.234375 0.640625
vt 0.226562 0.640625
vt 0.242188 0.632812
vt 0.250000 0.632812
vt 0.250000 0.640625
vt 0.242188 0.640625
vt 0.195312 0.648438
vt 0.203125 0.648438
vt 0.203125 0.656250
vt 0.195312 0.656250
vt 0.195312 0.632812
vt 0.203125 0.632812
vt 0.203125 0.640625
vt 0.195312 0.640625
vt 0.210938 0.632812
vt 0.218750 0.632812
vt 0.218750 0.640625
vt 0.210938 0.640625
vt 0.195312 0.679688
vt 0.203125 0.679688
vt 0.203125 0.687500
vt 0.195312 0.687500
vt 0.195312 0.664062
vt 0.203125 0.664062
vt 0.203125 0.671875
vt 0.195312 0.671875
vt 0.210938 0.664062
vt 0.218750 0.664062
vt 0.218750 0.671875
vt 0.210938 0.671875
vt 0.789062 0.585938
vt 0.796875 0.585938
vt 0.796875 0.593750
vt 0.789062 0.593750
vt 0.789062 0.570312
vt 0.796875 0.570312
vt 0.796875 0.578125
vt 0.789062 0.578125
vt 0.804688 0.570312
vt 0.812500 0.570312
vt 0.812500 0.578125
vt 0.804688 0.578125
vt 0.757812 0.585938
vt 0.765625 0.585938
vt 0.765625 0.593750
vt 0.757812 0.593750
vt 0.757812 0.570312
vt 0.765625 0.570312
vt 0.765625 0.578125
vt 0.757812 0.578125
vt 0.773438 0.570312
vt 0.781250 0.570312
vt 0.781250 0.578125
vt 0.773438 0.578125
vt 0.757812 0.617188
vt 0.765625 0.617188
vt 0.765625 0.625000
vt 0.757812 0.625000
vt 0.757812 0.601562
vt 0.765625 0.601562
vt 0.765625 0.609375
vt 0.757812 0.609375
vt 0.773438 0.601562
vt 0.781250 0.601562
vt 0.781250 0.609375
vt 0.773438 0.609375
vt 0.789062 0.523438
vt 0.796875 0.523438
vt 0.796875 0.531250
vt 0.789062 0.531250
vt 0.789062 0.507812
vt 0.796875 0.507812
vt 0.796875 0.515625
vt 0.789062 0.515625
vt 0.804688 0.507812
vt 0.812500 0.507812
vt 0.812500 0.515625
vt 0.804688 0.515625
vt 0.757812 0.523438
vt 0.765625 0.523438
vt 0.765625 0.531250
vt 0.757812 0.531250
vt 0.757812 0.507812
vt 0.765625 0.507812
vt 0.765625 0.515625
vt 0.757812 0.515625
vt 0.773438 0.507812
vt 0.781250 0.507812
vt 0.781250 0.515625
vt 0.773438 0.515625
vt 0.757812 0.554688
vt 0.765625 0.554688
vt 0.765625 0.562500
vt 0.757812 0.562500
vt 0.757812 0.539062
vt 0.765625 0.539062
vt 0.765625 0.546875
vt 0.757812 0.546875
vt 0.773438 0.539062
vt 0.781250 0.539062
vt 0.781250 0.546875
vt 0.773438 0.546875
vt 0.851562 0.523438
vt 0.859375 0.523438
vt 0.859375 0.531250
vt 0.851562 0.531250
vt 0.851562 0.507812
vt 0.859375 0.507812
vt 0.859375 0.515625
vt 0.851562 0.515625
vt 0.867188 0.507812
vt 0.875000 0.507812
vt 0.875000 0.515625
vt 0.867188 0.515625
vt 0.820312 0.523438
vt 0.828125 0.523438
vt 0.828125 0.531250
vt 0.820312 0.531250
vt 0.820312 0.507812
vt 0.828125 0.507812
vt 0.828125 0.515625
vt 0.820312 0.515625
vt 0.835938 0.507812
vt 0.843750 0.507812
vt 0.843750 0.515625
vt 0.835938 0.515625
vt 0.820312 0.554688
vt 0.828125 0.554688
vt 0.828125 0.562500
vt 0.820312 0.562500
vt 0.820312 0.539062
vt 0.828125 0.539062
vt 0.828125 0.546875
vt 0.820312 0.546875
vt 0.835938 0.539062
vt 0.843750 0.539062
vt 0.843750 0.546875
vt 0.835938 0.546875
vt 0.664062 0.585938
vt 0.671875 0.585938
vt 0.671875 0.593750
vt 0.664062 0.593750
vt 0.664062 0.570312
vt 0.671875 0.570312
vt 0.671875 0.578125
vt 0.664062 0.578125
vt 0.679688 0.570312
vt 0.687500 0.570312
vt 0.687500 0.578125
vt 0.679688 0.578125
vt 0.632812 0.585938
vt 0.640625 0.585938
vt 0.640625 0.593750
vt 0.632812 0.593750
vt 0.632812 0.570312
vt 0.640625 0.570312
vt 0.640625 0.578125
vt 0.632812 0.578125
vt 0.648438 0.570312
vt 0.656250 0.570312
vt 0.656250 0.578125
vt 0.648438 0.578125
vt 0.632812 0.617188
vt 0.640625 0.617188
vt 0.640625 0.625000
vt 0.632812 0.625000
vt 0.632812 0.601562
vt 0.640625 0.601562
vt 0.640625 0.609375
vt 0.632812 0.609375
vt 0.648438 0.601562
vt 0.656250 0.601562
vt 0.656250 0.609375
vt 0.648438 0.609375
vt 0.664062 0.523438
vt 0.671875 0.523438
vt 0.671875 0.531250
vt 0.664062 0.531250
vt 0.664062 0.507812
vt 0.671875 0.507812
vt 0.671875 0.515625
vt 0.664062 0.515625
vt 0.679688 0.507812
vt 0.687500 0.507812
vt 0.687500 0.515625
vt 0.679688 0.515625
vt 0.632812 0.523438
vt 0.640625 0.523438
vt 0.640625 0.531250
vt 0.632812 0.531250
vt 0.632812 0.507812
vt 0.640625 0.507812
vt 0.640625 0.515625
vt 0.632812 0.515625
vt 0.648438 0.507812
vt 0.656250 0.507812
vt 0.656250 0.515625
vt 0.648438 0.515625
vt 0.632812 0.554688
vt 0.640625 0.554688
vt 0.640625 0.562500
vt 0.632812 0.562500
vt 0.632812 0.539062
vt 0.640625 0.539062
vt 0.640625 0.546875
vt 0.632812 0.546875
vt 0.648438 0.539062
vt 0.656250 0.539062
vt 0.656250 0.546875
vt 0.648438 0.546875
vt 0.726562 0.523438
vt 0.734375 0.523438
vt 0.734375 0.531250
vt 0.726562 0.531250
vt 0.726562 0.507812
vt 0.734375 0.507812
vt 0.734375 0.515625
vt 0.726562 0.515625
vt 0.742188 0.507812
vt 0.750000 0.507812
vt 0.750000 0.515625
vt 0.742188 0.515625
vt 0.695312 0.523438
vt 0.703125 0.523438
vt 0.703125 0.531250
vt 0.695312 0.531250
vt 0.695312 0.507812
vt 0.703125 0.507812
vt 0.703125 0.515625
vt 0.695312 0.515625
vt 0.710938 0.507812
vt 0.718750 0.507812
vt 0.718750 0.515625
vt 0.710938 0.515625
vt 0.695312 0.554688
vt 0.703125 0.554688
vt 0.703125 0.562500
vt 0.695312 0.562500
vt 0.695312 0.539062
vt 0.703125 0.539062
vt 0.703125 0.546875
vt 0.695312 0.546875
vt 0.710938 0.539062
vt 0.718750 0.539062
vt 0.718750 0.546875
vt 0.710938 0.546875
vt 0.664062 0.710938
vt 0.671875 0.710938
vt 0.671875 0.718750
vt 0.664062 0.718750
vt 0.664062 0.695312
vt 0.671875 0.695312
vt 0.671875 0.703125
vt 0.664062 0.703125
vt 0.679688 0.695312
vt 0.687500 0.695312
vt 0.687500 0.703125
vt 0.679688 0.703125
vt 0.632812 0.710938
vt 0.640625 0.710938
vt 0.640625 0.718750
vt 0.632812 0.718750
vt 0.632812 0.695312
vt 0.640625 0.695312
vt 0.640625 0.703125
vt 0.632812 0.703125
vt 0.648438 0.695312
vt 0.656250 0.695312
vt 0.656250 0.703125
vt 0.648438 0.703125
vt 0.632812 0.742188
vt 0.640625 0.742188
vt 0.640625 0.750000
vt 0.632812 0.750000
vt 0.632812 0.726562
vt 0.640625 0.726562
vt 0.640625 0.734375
vt 0.632812 0.734375
vt 0.648438 0.726562
vt 0.656250 0.726562
vt 0.656250 0.734375
vt 0.648438 0.734375
vt 0.664062 0.648438
vt 0.671875 0.648438
vt 0.671875 0.656250
vt 0.664062 0.656250
vt 0.664062 0.632812
vt 0.671875 0.632812
vt 0.671875 0.640625
vt 0.664062 0.640625
vt 0.679688 0.632812
vt 0.687500 0.632812
vt 0.687500 0.640625
vt 0.679688 0.640625
vt 0.632812 0.648438
vt 0.640625 0.648438
vt 0.640625 0.656250
vt 0.632812 0.656250
vt 0.632812 0.632812
vt 0.640625 0.632812
vt 0.640625 0.640625
vt 0.632812 0.640625
vt 0.648438 0.632812
vt 0.656250 0.632812
vt 0.656250 0.640625
vt 0.648438 0.640625
vt 0.632812 0.679688
vt 0.640625 0.679688
vt 0.640625 0.687500
vt 0.632812 0.687500
vt 0.632812 0.664062
vt 0.640625 0.664062
vt 0.640625 0.671875
vt 0.632812 0.671875
vt 0.648438 0.664062
vt 0.656250 0.664062
vt 0.656250 0.671875
vt 0.648438 0.671875
vt 0.726562 0.648438
vt 0.734375 0.648438
vt 0.734375 0.656250
vt 0.726562 0.656250
vt 0.726562 0.632812
vt 0.734375 0.632812
vt 0.734375 0.640625
vt 0.726562 0.640625
vt 0.742188 0.632812
vt 0.750000 0.632812
vt 0.750000 0.640625
vt 0.742188 0.640625
vt 0.695312 0.648438
vt 0.703125 0.648438
vt 0.703125 0.656250
vt 0.695312 0.656250
vt 0.695312 0.632812
vt 0.703125 0.632812
vt 0.703125 0.640625
vt 0.695312 0.640625
vt 0.710938 0.632812
vt 0.718750 0.632812
vt 0.718750 0.640625
vt 0.710938 0.640625
vt 0.695312 0.679688
vt 0.703125 0.679688
vt 0.703125 0.687500
vt 0.695312 0.687500
vt 0.695312 0.664062
vt 0.703125 0.664062
vt 0.703125 0.671875
vt 0.695312 0.671875
vt 0.710938 0.664062
vt 0.718750 0.664062
vt 0.718750 0.671875
vt 0.710938 0.671875
vt 0.789062 0.710938
vt 0.796875 0.710938
vt 0.796875 0.718750
vt 0.789062 0.718750
vt 0.789062 0.695312
vt 0.796875 0.695312
vt 0.796875 0.703125
vt 0.789062 0.703125
vt 0.804688 0.695312
vt 0.812500 0.695312
vt 0.812500 0.703125
vt 0.804688 0.703125
vt 0.757812 0.710938
vt 0.765625 0.710938
vt 0.765625 0.718750
vt 0.757812 0.718750
vt 0.757812 0.695312
vt 0.765625 0.695312
vt 0.765625 0.703125
vt 0.757812 0.703125
vt 0.773438 0.695312
vt 0.781250 0.695312
vt 0.781250 0.703125
vt 0.773438 0.703125
vt 0.757812 0.742188
vt 0.765625 0.742188
vt 0.765625 0.750000
vt 0.757812 0.750000
vt 0.757812 0.726562
vt 0.765625 0.726562
vt 0.765625 0.734375
vt 0.757812 0.734375
vt 0.773438 0.726562
vt 0.781250 0.726562
vt 0.781250 0.734375
vt 0.773438 0.734375
vt 0.789062 0.648438
vt 0.796875 0.648438
vt 0.796875 0.656250
vt 0.789062 0.656250
vt 0.789062 0.632812
vt 0.796875 0.632812
vt 0.796875 0.640625
vt 0.789062 0.640625
vt 0.804688 0.632812
vt 0.812500 0.632812
vt 0.812500 0.640625
vt 0.804688 0.640625
vt 0.757812 0.648438
vt 0.765625 0.648438
vt 0.765625 0.656250
vt 0.757812 0.656250
vt 0.757812 0.632812
vt 0.765625 0.632812
vt 0.765625 0.640625
vt 0.757812 0.640625
vt 0.773438 0.632812
vt 0.781250 0.632812
vt 0.781250 0.640625
vt 0.773438 0.640625
vt 0.757812 0.679688
vt 0.765625 0.679688
vt 0.765625 0.687500
vt 0.757812 0.687500
vt 0.757812 0.664062
vt 0.765625 0.664062
vt 0.765625 0.671875
vt 0.757812 0.671875
vt 0.773438 0.664062
vt 0.781250 0.664062
vt 0.781250 0.671875
vt 0.773438 0.671875
vt 0.851562 0.648438
vt 0.859375 0.648438
vt 0.859375 0.656250
vt 0.851562 0.656250
vt 0.851562 0.632812
vt 0.859375 0.632812
vt 0.859375 0.640625
vt 0.851562 0.640625
vt 0.867188 0.632812
vt 0.875000 0.632812
vt 0.875000 0.640625
vt 0.867188 0.640625
vt 0.820312 0.648438
vt 0.828125 0.648438
vt 0.828125 0.656250
vt 0.820312 0.656250
vt 0.820312 0.632812
vt 0.828125 0.632812
vt 0.828125 0.640625
vt 0.820312 0.640625
vt 0.835938 0.632812
vt 0.843750 0.632812
vt 0.843750 0.640625
vt 0.835938 0.640625
vt 0.820312 0.679688
vt 0.828125 0.679688
vt 0.828125 0.687500
vt 0.820312 0.687500
vt 0.820312 0.664062
vt 0.828125 0.664062
vt 0.828125 0.671875
vt 0.820312 0.671875
vt 0.835938 0.664062
vt 0.843750 0.664062
vt 0.843750 0.671875
vt 0.835938 0.671875
vt 0.289062 0.710938
vt 0.296875 0.710938
vt 0.296875 0.718750
vt 0.289062 0.718750
vt 0.289062 0.695312
vt 0.296875 0.695312
vt 0.296875 0.703125
vt 0.289062 0.703125
vt 0.304688 0.695312
vt 0.312500 0.695312
vt 0.312500 0.703125
vt 0.304688 0.703125
vt 0.257812 0.710938
vt 0.265625 0.710938
vt 0.265625 0.718750
vt 0.257812 0.718750
vt 0.257812 0.695312
vt 0.265625 0.695312
vt 0.265625 0.703125
vt 0.257812 0.703125
vt 0.273438 0.695312
vt 0.281250 0.695312
vt 0.281250 0.703125
vt 0.273438 0.703125
vt 0.257812 0.742188
vt 0.265625 0.742188
vt 0.265625 0.750000
vt 0.257812 0.750000
vt 0.257812 0.726562
vt 0.265625 0.726562
vt 0.265625 0.734375
vt 0.257812 0.734375
vt 0.273438 0.726562
vt 0.281250 0.726562
vt 0.281250 0.734375
vt 0.273438 0.734375
vt 0.289062 0.648438
vt 0.296875 0.648438
vt 0.296875 0.656250
vt 0.289062 0.656250
vt 0.289062 0.632812
vt 0.296875 0.632812
vt 0.296875 0.640625
vt 0.289062 0.640625
vt 0.304688 0.632812
vt 0.312500 0.632812
vt 0.312500 0.640625
vt 0.304688 0.640625
vt 0.257812 0.648438
vt 0.265625 0.648438
vt 0.265625 0.656250
vt 0.257812 0.656250
vt 0.257812 0.632812
vt 0.265625 0.632812
vt 0.265625 0.640625
vt 0.257812 0.640625
vt 0.273438 0.632812
vt 0.281250 0.632812
vt 0.281250 0.640625
vt 0.273438 0.640625
vt 0.257812 0.679688
vt 0.265625 0.679688
vt 0.265625 0.687500
vt 0.257812 0.687500
vt 0.257812 0.664062
vt 0.265625 0.664062
vt 0.265625 0.671875
vt 0.257812 0.671875
vt 0.273438 0.664062
vt 0.281250 0.664062
vt 0.281250 0.671875
vt 0.273438 0.671875
vt 0.351562 0.648438
vt 0.359375 0.648438
vt 0.359375 0.656250
vt 0.351562 0.656250
vt 0.351562 0.632812
vt 0.359375 0.632812
vt 0.359375 0.640625
vt 0.351562 0.640625
vt 0.367188 0.632812
vt 0.375000 0.632812
vt 0.375000 0.640625
vt 0.367188 0.640625
vt 0.320312 0.648438
vt 0.328125 0.648438
vt 0.328125 0.656250
vt 0.320312 0.656250
vt 0.320312 0.632812
vt 0.328125 0.632812
vt 0.328125 0.640625
vt 0.320312 0.640625
vt 0.335938 0.632812
vt 0.343750 0.632812
vt 0.343750 0.640625
vt 0.335938 0.640625
vt 0.320312 0.679688
vt 0.328125 0.679688
vt 0.328125 0.687500
vt 0.320312 0.687500
vt 0.320312 0.664062
vt 0.328125 0.664062
vt 0.328125 0.671875
vt 0.320312 0.671875
vt 0.335938 0.664062
vt 0.343750 0.664062
vt 0.343750 0.671875
vt 0.335938 0.671875
vt 0.539062 0.960938
vt 0.546875 0.960938
vt 0.546875 0.968750
vt 0.539062 0.968750
vt 0.539062 0.945312
vt 0.546875 0.945312
vt 0.546875 0.953125
vt 0.539062 0.953125
vt 0.554688 0.945312
vt 0.562500 0.945312
vt 0.562500 0.953125
vt 0.554688 0.953125
vt 0.507812 0.960938
vt 0.515625 0.960938
vt 0.515625 0.968750
vt 0.507812 0.968750
vt 0.507812 0.945312
vt 0.515625 0.945312
vt 0.515625 0.953125
vt 0.507812 0.953125
vt 0.523438 0.945312
vt 0.531250 0.945312
vt 0.531250 0.953125
vt 0.523438 0.953125
vt 0.507812 0.992188
vt 0.515625 0.992188
vt 0.515625 1.000000
vt 0.507812 1.000000
vt 0.507812 0.976562
vt 0.515625 0.976562
vt 0.515625 0.984375
vt 0.507812 0.984375
vt 0.523438 0.976562
vt 0.531250 0.976562
vt 0.531250 0.984375
vt 0.523438 0.984375
vt 0.539062 0.898438
vt 0.546875 0.898438
vt 0.546875 0.906250
vt 0.539062 0.906250
vt 0.539062 0.882812
vt 0.546875 0.882812
vt 0.546875 0.890625
vt 0.539062 0.890625
vt 0.554688 0.882812
vt 0.562500 0.882812
vt 0.562500 0.890625
vt 0.554688 0.890625
vt 0.507812 0.898438
vt 0.515625 0.898438
vt 0.515625 0.906250
vt 0.507812 0.906250
vt 0.507812 0.882812
vt 0.515625 0.882812
vt 0.515625 0.890625
vt 0.507812 0.890625
vt 0.523438 0.882812
vt 0.531250 0.882812
vt 0.531250 0.890625
vt 0.523438 0.890625
vt 0.507812 0.929688
vt 0.515625 0.929688
vt 0.515625 0.937500
vt 0.507812 0.937500
vt 0.507812 0.914062
vt 0.515625 0.914062
vt 0.515625 0.921875
vt 0.507812 0.921875
vt 0.523438 0.914062
vt 0.531250 0.914062
vt 0.531250 0.921875
vt 0.523438 0.921875
vt 0.601562 0.898438
vt 0.609375 0.898438
vt 0.609375 0.906250
vt 0.601562 0.906250
vt 0.601562 0.882812
vt 0.609375 0.882812
vt 0.609375 0.890625
vt 0.601562 0.890625
vt 0.617188 0.882812
vt 0.625000 0.882812
vt 0.625000 0.890625
vt 0.617188 0.890625
vt 0.570312 0.898438
vt 0.578125 0.898438
vt 0.578125 0.906250
vt 0.570312 0.906250
vt 0.570312 0.882812
vt 0.578125 0.882812
vt 0.578125 0.890625
vt 0.570312 0.890625
vt 0.585938 0.882812
vt 0.593750 0.882812
vt 0.593750 0.890625
vt 0.585938 0.890625
vt 0.570312 0.929688
vt 0.578125 0.929688
vt 0.578125 0.937500
vt 0.570312 0.937500
vt 0.570312 0.914062
vt 0.578125 0.914062
vt 0.578125 0.921875
vt 0.570312 0.921875
vt 0.585938 0.914062
vt 0.593750 0.914062
vt 0.593750 0.921875
vt 0.585938 0.921875
vt 0.539062 0.710938
vt 0.546875 0.710938
vt 0.546875 0.718750
vt 0.539062 0.718750
vt 0.539062 0.695312
vt 0.546875 0.695312
vt 0.546875 0.703125
vt 0.539062 0.703125
vt 0.554688 0.695312
vt 0.562500 0.695312
vt 0.562500 0.703125
vt 0.554688 0.703125
vt 0.507812 0.710938
vt 0.515625 0.710938
vt 0.515625 0.718750
vt 0.507812 0.718750
vt 0.507812 0.695312
vt 0.515625 0.695312
vt 0.515625 0.703125
vt 0.507812 0.703125
vt 0.523438 0.695312
vt 0.531250 0.695312
vt 0.531250 0.703125
vt 0.523438 0.703125
vt 0.507812 0.742188
vt 0.515625 0.742188
vt 0.515625 0.750000
vt 0.507812 0.750000
vt 0.507812 0.726562
vt 0.515625 0.726562
vt 0.515625 0.734375
vt 0.507812 0.734375
vt 0.523438 0.726562
vt 0.531250 0.726562
vt 0.531250 0.734375
vt 0.523438 0.734375
vt 0.539062 0.648438
vt 0.546875 0.648438
vt 0.546875 0.656250
vt 0.539062 0.656250
vt 0.539062 0.632812
vt 0.546875 0.632812
vt 0.546875 0.640625
vt 0.539062 0.640625
vt 0.554688 0.632812
vt 0.562500 0.632812
vt 0.562500 0.640625
vt 0.554688 0.640625
vt 0.507812 0.648438
vt 0.515625 0.648438
vt 0.515625 0.656250
vt 0.507812 0.656250
vt 0.507812 0.632812
vt 0.515625 0.632812
vt 0.515625 0.640625
vt 0.507812 0.640625
vt 0.523438 0.632812
vt 0.531250 0.632812
vt 0.531250 0.640625
vt 0.523438 0.640625
vt 0.507812 0.679688
vt 0.515625 0.679688
vt 0.515625 0.687500
vt 0.507812 0.687500
vt 0.507812 0.664062
vt 0.515625 0.664062
vt 0.515625 0.671875
vt 0.507812 0.671875
vt 0.523438 0.664062
vt 0.531250 0.664062
vt 0.531250 0.671875
vt 0.523438 0.671875
vt 0.601562 0.648438
vt 0.609375 0.648438
vt 0.609375 0.656250
vt 0.601562 0.656250
vt 0.601562 0.632812
vt 0.609375 0.632812
vt 0.609375 0.640625
vt 0.601562 0.640625
vt 0.617188 0.632812
vt 0.625000 0.632812
vt 0.625000 0.640625
vt 0.617188 0.640625
vt 0.570312 0.648438
vt 0.578125 0.648438
vt 0.578125 0.656250
vt 0.570312 0.656250
vt 0.570312 0.632812
vt 0.578125 0.632812
vt 0.578125 0.640625
vt 0.570312 0.640625
vt 0.585938 0.632812
vt 0.593750 0.632812
vt 0.593750 0.640625
vt 0.585938 0.640625
vt 0.570312 0.679688
vt 0.578125 0.679688
vt 0.578125 0.687500
vt 0.570312 0.687500
vt 0.570312 0.664062
vt 0.578125 0.664062
vt 0.578125 0.671875
vt 0.570312 0.671875
vt 0.585938 0.664062
vt 0.593750 0.664062
vt 0.593750 0.671875
vt 0.585938 0.671875
vt 0.539062 0.460938
vt 0.546875 0.460938
vt 0.546875 0.468750
vt 0.539062 0.468750
vt 0.539062 0.445312
vt 0.546875 0.445312
vt 0.546875 0.453125
vt 0.539062 0.453125
vt 0.554688 0.445312
vt 0.562500 0.445312
vt 0.562500 0.453125
vt 0.554688 0.453125
vt 0.507812 0.460938
vt 0.515625 0.460938
vt 0.515625 0.468750
vt 0.507812 0.468750
vt 0.507812 0.445312
vt 0.515625 0.445312
vt 0.515625 0.453125
vt 0.507812 0.453125
vt 0.523438 0.445312
vt 0.531250 0.445312
vt 0.531250 0.453125
vt 0.523438 0.453125
vt 0.507812 0.492188
vt 0.515625 0.492188
vt 0.515625 0.500000
vt 0.507812 0.500000
vt 0.507812 0.476562
vt 0.515625 0.476562
vt 0.515625 0.484375
vt 0.507812 0.484375
vt 0.523438 0.476562
vt 0.531250 0.476562
vt 0.531250 0.484375
vt 0.523438 0.484375
vt 0.539062 0.398438
vt 0.546875 0.398438
vt 0.546875 0.406250
vt 0.539062 0.406250
vt 0.539062 0.382812
vt 0.546875 0.382812
vt 0.546875 0.390625
vt 0.539062 0.390625
vt 0.554688 0.382812
vt 0.562500 0.382812
vt 0.562500 0.390625
vt 0.554688 0.390625
vt 0.507812 0.398438
vt 0.515625 0.398438
vt 0.515625 0.406250
vt 0.507812 0.406250
vt 0.507812 0.382812
vt 0.515625 0.382812
vt 0.515625 0.390625
vt 0.507812 0.390625
vt 0.523438 0.382812
vt 0.531250 0.382812
vt 0.531250 0.390625
vt 0.523438 0.390625
vt 0.507812 0.429688
vt 0.515625 0.429688
vt 0.515625 0.437500
vt 0.507812 0.437500
vt 0.507812 0.414062
vt 0.515625 0.414062
vt 0.515625 0.421875
vt 0.507812 0.421875
vt 0.523438 0.414062
vt 0.531250 0.414062
vt 0.531250 0.421875
vt 0.523438 0.421875
vt 0.601562 0.398438
vt 0.609375 0.398438
vt 0.609375 0.406250
vt 0.601562 0.406250
vt 0.601562 0.382812
vt 0.609375 0.382812
vt 0.609375 0.390625
vt 0.601562 0.390625
vt 0.617188 0.382812
vt 0.625000 0.382812
vt 0.625000 0.390625
vt 0.617188 0.390625
vt 0.570312 0.398438
vt 0.578125 0.398438
vt 0.578125 0.406250
vt 0.570312 0.406250
vt 0.570312 0.382812
vt 0.578125 0.382812
vt 0.578125 0.390625
vt 0.570312 0.390625
vt 0.585938 0.382812
vt 0.593750 0.382812
vt 0.593750 0.390625
vt 0.585938 0.390625
vt 0.570312 0.429688
vt 0.578125 0.429688
vt 0.578125 0.437500
vt 0.570312 0.437500
vt 0.570312 0.414062
vt 0.578125 0.414062
vt 0.578125 0.421875
vt 0.570312 0.421875
vt 0.585938 0.414062
vt 0.593750 0.414062
vt 0.593750 0.421875
vt 0.585938 0.421875
vt 0.539062 0.210938
vt 0.546875 0.210938
vt 0.546875 0.218750
vt 0.539062 0.218750
vt 0.539062 0.195312
vt 0.546875 0.195312
vt 0.546875 0.203125
vt 0.539062 0.203125
vt 0.554688 0.195312
vt 0.562500 0.195312
vt 0.562500 0.203125
vt 0.554688 0.203125
vt 0.507812 0.210938
vt 0.515625 0.210938
vt 0.515625 0.218750
vt 0.507812 0.218750
vt 0.507812 0.195312
vt 0.515625 0.195312
vt 0.515625 0.203125
vt 0.507812 0.203125
vt 0.523438 0.195312
vt 0.531250 0.195312
vt 0.531250 0.203125
vt 0.523438 0.203125
vt 0.507812 0.242188
vt 0.515625 0.242188
vt 0.515625 0.250000
vt 0.507812 0.250000
vt 0.507812 0.226562
vt 0.515625 0.226562
vt 0.515625 0.234375
vt 0.507812 0.234375
vt 0.523438 0.226562
vt 0.531250 0.226562
vt 0.531250 0.234375
vt 0.523438 0.234375
vt 0.539062 0.148438
vt 0.546875 0.148438
vt 0.546875 0.156250
vt 0.539062 0.156250
vt 0.539062 0.132812
vt 0.546875 0.132812
vt 0.546875 0.140625
vt 0.539062 0.140625
vt 0.554688 0.132812
vt 0.562500 0.132812
vt 0.562500 0.140625
vt 0.554688 0.140625
vt 0.507812 0.148438
vt 0.515625 0.148438
vt 0.515625 0.156250
vt 0.507812 0.156250
vt 0.507812 0.132812
vt 0.515625 0.132812
vt 0.515625 0.140625
vt 0.507812 0.140625
vt 0.523438 0.132812
vt 0.531250 0.132812
vt 0.531250 0.140625
vt 0.523438 0.140625
vt 0.507812 0.179688
vt 0.515625 0.179688
vt 0.515625 0.187500
vt 0.507812 0.187500
vt 0.507812 0.164062
vt 0.515625 0.164062
vt 0.515625 0.171875
vt 0.507812 0.171875
vt 0.523438 0.164062
vt 0.531250 0.164062
vt 0.531250 0.171875
vt 0.523438 0.171875
vt 0.601562 0.148438
vt 0.609375 0.148438
vt 0.609375 0.156250
vt 0.601562 0.156250
vt 0.601562 0.132812
vt 0.609375 0.132812
vt 0.609375 0.140625
vt 0.601562 0.140625
vt 0.617188 0.132812
vt 0.625000 0.132812
vt 0.625000 0.140625
vt 0.617188 0.140625
vt 0.570312 0.148438
vt 0.578125 0.148438
vt 0.578125 0.156250
vt 0.570312 0.156250
vt 0.570312 0.132812
vt 0.578125 0.132812
vt 0.578125 0.140625
vt 0.570312 0.140625
vt 0.585938 0.132812
vt 0.593750 0.132812
vt 0.593750 0.140625
vt 0.585938 0.140625
vt 0.570312 0.179688
vt 0.578125 0.179688
vt 0.578125 0.187500
vt 0.570312 0.187500
vt 0.570312 0.164062
vt 0.578125 0.164062
vt 0.578125 0.171875
vt 0.570312 0.171875
vt 0.585938 0.164062
vt 0.593750 0.164062
vt 0.593750 0.171875
vt 0.585938 0.171875
vt 0.601562 0.179688
vt 0.609375 0.179688
vt 0.609375 0.187500
vt 0.601562 0.187500
vt 0.601562 0.164062
vt 0.609375 0.164062
vt 0.609375 0.171875
vt 0.601562 0.171875
vt 0.617188 0.164062
vt 0.625000 0.164062
vt 0.625000 0.171875
vt 0.617188 0.171875
vt 0.539062 0.179688
vt 0.546875 0.179688
vt 0.546875 0.187500
vt 0.539062 0.187500
vt 0.539062 0.164062
vt 0.546875 0.164062
vt 0.546875 0.171875
vt 0.539062 0.171875
vt 0.554688 0.164062
vt 0.562500 0.164062
vt 0.562500 0.171875
vt 0.554688 0.171875
vt 0.539062 0.242188
vt 0.546875 0.242188
vt 0.546875 0.250000
vt 0.539062 0.250000
vt 0.539062 0.226562
vt 0.546875 0.226562
vt 0.546875 0.234375
vt 0.539062 0.234375
vt 0.554688 0.226562
vt 0.562500 0.226562
vt 0.562500 0.234375
vt 0.554688 0.234375
vt 0.601562 0.429688
vt 0.609375 0.429688
vt 0.609375 0.437500
vt 0.601562 0.437500
vt 0.601562 0.414062
vt 0.609375 0.414062
vt 0.609375 0.421875
vt 0.601562 0.421875
vt 0.617188 0.414062
vt 0.625000 0.414062
vt 0.625000 0.421875
vt 0.617188 0.421875
vt 0.539062 0.429688
vt 0.546875 0.429688
vt 0.546875 0.437500
vt 0.539062 0.437500
vt 0.539062 0.414062
vt 0.546875 0.414062
vt 0.546875 0.421875
vt 0.539062 0.421875
vt 0.554688 0.414062
vt 0.562500 0.414062
vt 0.562500 0.421875
vt 0.554688 0.421875
vt 0.539062 0.492188
vt 0.546875 0.492188
vt 0.546875 0.500000
vt 0.539062 0.500000
vt 0.539062 0.476562
vt 0.546875 0.476562
vt 0.546875 0.484375
vt 0.539062 0.484375
vt 0.554688 0.476562
vt 0.562500 0.476562
vt 0.562500 0.484375
vt 0.554688 0.484375
vt 0.601562 0.679688
vt 0.609375 0.679688
vt 0.609375 0.687500
vt 0.601562 0.687500
vt 0.601562 0.664062
vt 0.609375 0.664062
vt 0.609375 0.671875
vt 0.601562 0.671875
vt 0.617188 0.664062
vt 0.625000 0.664062
vt 0.625000 0.671875
vt 0.617188 0.671875
vt 0.539062 0.679688
vt 0.546875 0.679688
vt 0.546875 0.687500
vt 0.539062 0.687500
vt 0.539062 0.664062
vt 0.546875 0.664062
vt 0.546875 0.671875
vt 0.539062 0.671875
vt 0.554688 0.664062
vt 0.562500 0.664062
vt 0.562500 0.671875
vt 0.554688 0.671875
vt 0.539062 0.742188
vt 0.546875 0.742188
vt 0.546875 0.750000
vt 0.539062 0.750000
vt 0.539062 0.726562
vt 0.546875 0.726562
vt 0.546875 0.734375
vt 0.539062 0.734375
vt 0.554688 0.726562
vt 0.562500 0.726562
vt 0.562500 0.734375
vt 0.554688 0.734375
vt 0.601562 0.929688
vt 0.609375 0.929688
vt 0.609375 0.937500
vt 0.601562 0.937500
vt 0.601562 0.914062
vt 0.609375 0.914062
vt 0.609375 0.921875
vt 0.601562 0.921875
vt 0.617188 0.914062
vt 0.625000 0.914062
vt 0.625000 0.921875
vt 0.617188 0.921875
vt 0.539062 0.929688
vt 0.546875 0.929688
vt 0.546875 0.937500
vt 0.539062 0.937500
vt 0.539062 0.914062
vt 0.546875 0.914062
vt 0.546875 0.921875
vt 0.539062 0.921875
vt 0.554688 0.914062
vt 0.562500 0.914062
vt 0.562500 0.921875
vt 0.554688 0.921875
vt 0.539062 0.992188
vt 0.546875 0.992188
vt 0.546875 1.000000
vt 0.539062 1.000000
vt 0.539062 0.976562
vt 0.546875 0.976562
vt 0.546875 0.984375
vt 0.539062 0.984375
vt 0.554688 0.976562
vt 0.562500 0.976562
vt 0.562500 0.984375
vt 0.554688 0.984375
vt 0.351562 0.679688
vt 0.359375 0.679688
vt 0.359375 0.687500
vt 0.351562 0.687500
vt 0.351562 0.664062
vt 0.359375 0.664062
vt 0.359375 0.671875
vt 0.351562 0.671875
vt 0.367188 0.664062
vt 0.375000 0.664062
vt 0.375000 0.671875
vt 0.367188 0.671875
vt 0.289062 0.679688
vt 0.296875 0.679688
vt 0.296875 0.687500
vt 0.289062 0.687500
vt 0.289062 0.664062
vt 0.296875 0.664062
vt 0.296875 0.671875
vt 0.289062 0.671875
vt 0.304688 0.664062
vt 0.312500 0.664062
vt 0.312500 0.671875
vt 0.304688 0.671875
vt 0.289062 0.742188
vt 0.296875 0.742188
vt 0.296875 0.750000
vt 0.289062 0.750000
vt 0.289062 0.726562
vt 0.296875 0.726562
vt 0.296875 0.734375
vt 0.289062 0.734375
vt 0.304688 0.726562
vt 0.312500 0.726562
vt 0.312500 0.734375
vt 0.304688 0.734375
vt 0.851562 0.679688
vt 0.859375 0.679688
vt 0.859375 0.687500
vt 0.851562 0.687500
vt 0.851562 0.664062
vt 0.859375 0.664062
vt 0.859375 0.671875
vt 0.851562 0.671875
vt 0.867188 0.664062
vt 0.875000 0.664062
vt 0.875000 0.671875
vt 0.867188 0.671875
vt 0.789062 0.679688
vt 0.796875 0.679688
vt 0.796875 0.687500
vt 0.789062 0.687500
vt 0.789062 0.664062
vt 0.796875 0.664062
vt 0.796875 0.671875
vt 0.789062 0.671875
vt 0.804688 0.664062
vt 0.812500 0.664062
vt 0.812500 0.671875
vt 0.804688 0.671875
vt 0.789062 0.742188
vt 0.796875 0.742188
vt 0.796875 0.750000
vt 0.789062 0.750000
vt 0.789062 0.726562
vt 0.796875 0.726562
vt 0.796875 0.734375
vt 0.789062 0.734375
vt 0.804688 0.726562
vt 0.812500 0.726562
vt 0.812500 0.734375
vt 0.804688 0.734375
vt 0.726562 0.679688
vt 0.734375 0.679688
vt 0.734375 0.687500
vt 0.726562 0.687500
vt 0.726562 0.664062
vt 0.734375 0.664062
vt 0.734375 0.671875
vt 0.726562 0.671875
vt 0.742188 0.664062
vt 0.750000 0.664062
vt 0.750000 0.671875
vt 0.742188 0.671875
vt 0.664062 0.679688
vt 0.671875 0.679688
vt 0.671875 0.687500
vt 0.664062 0.687500
vt 0.664062 0.664062
vt 0.671875 0.664062
vt 0.671875 0.671875
vt 0.664062 0.671875
vt 0.679688 0.664062
vt 0.687500 0.664062
vt 0.687500 0.671875
vt 0.679688 0.671875
vt 0.664062 0.742188
vt 0.671875 0.742188
vt 0.671875 0.750000
vt 0.664062 0.750000
vt 0.664062 0.726562
vt 0.671875 0.726562
vt 0.671875 0.734375
vt 0.664062 0.734375
vt 0.679688 0.726562
vt 0.687500 0.726562
vt 0.687500 0.734375
vt 0.679688 0.734375
vt 0.726562 0.554688
vt 0.734375 0.554688
vt 0.734375 0.562500
vt 0.726562 0.562500
vt 0.726562 0.539062
vt 0.734375 0.539062
vt 0.734375 0.546875
vt 0.726562 0.546875
vt 0.742188 0.539062
vt 0.750000 0.539062
vt 0.750000 0.546875
vt 0.742188 0.546875
vt 0.664062 0.554688
vt 0.671875 0.554688
vt 0.671875 0.562500
vt 0.664062 0.562500
vt 0.664062 0.539062
vt 0.671875 0.539062
vt 0.671875 0.546875
vt 0.664062 0.546875
vt 0.679688 0.539062
vt 0.687500 0.539062
vt 0.687500 0.546875
vt 0.679688 0.546875
vt 0.664062 0.617188
vt 0.671875 0.617188
vt 0.671875 0.625000
vt 0.664062 0.625000
vt 0.664062 0.601562
vt 0.671875 0.601562
vt 0.671875 0.609375
vt 0.664062 0.609375
vt 0.679688 0.601562
vt 0.687500 0.601562
vt 0.687500 0.609375
vt 0.679688 0.609375
vt 0.851562 0.554688
vt 0.859375 0.554688
vt 0.859375 0.562500
vt 0.851562 0.562500
vt 0.851562 0.539062
vt 0.859375 0.539062
vt 0.859375 0.546875
vt 0.851562 0.546875
vt 0.867188 0.539062
vt 0.875000 0.539062
vt 0.875000 0.546875
vt 0.867188 0.546875
vt 0.789062 0.554688
vt 0.796875 0.554688
vt 0.796875 0.562500
vt 0.789062 0.562500
vt 0.789062 0.539062
vt 0.796875 0.539062
vt 0.796875 0.546875
vt 0.789062 0.546875
vt 0.804688 0.539062
vt 0.812500 0.539062
vt 0.812500 0.546875
vt 0.804688 0.546875
vt 0.789062 0.617188
vt 0.796875 0.617188
vt 0.796875 0.625000
vt 0.789062 0.625000
vt 0.789062 0.601562
vt 0.796875 0.601562
vt 0.796875 0.609375
vt 0.789062 0.609375
vt 0.804688 0.601562
vt 0.812500 0.601562
vt 0.812500 0.609375
vt 0.804688 0.609375
vt 0.226562 0.679688
vt 0.234375 0.679688
vt 0.234375 0.687500
vt 0.226562 0.687500
vt 0.226562 0.664062
vt 0.234375 0.664062
vt 0.234375 0.671875
vt 0.226562 0.671875
vt 0.242188 0.664062
vt 0.250000 0.664062
vt 0.250000 0.671875
vt 0.242188 0.671875
vt 0.164062 0.679688
vt 0.171875 0.679688
vt 0.171875 0.687500
vt 0.164062 0.687500
vt 0.164062 0.664062
vt 0.171875 0.664062
vt 0.171875 0.671875
vt 0.164062 0.671875
vt 0.179688 0.664062
vt 0.187500 0.664062
vt 0.187500 0.671875
vt 0.179688 0.671875
vt 0.164062 0.742188
vt 0.171875 0.742188
vt 0.171875 0.750000
vt 0.164062 0.750000
vt 0.164062 0.726562
vt 0.171875 0.726562
vt 0.171875 0.734375
vt 0.164062 0.734375
vt 0.179688 0.726562
vt 0.187500 0.726562
vt 0.187500 0.734375
vt 0.179688 0.734375
vt 0.226562 0.554688
vt 0.234375 0.554688
vt 0.234375 0.562500
vt 0.226562 0.562500
vt 0.226562 0.539062
vt 0.234375 0.539062
vt 0.234375 0.546875
vt 0.226562 0.546875
vt 0.242188 0.539062
vt 0.250000 0.539062
vt 0.250000 0.546875
vt 0.242188 0.546875
vt 0.164062 0.554688
vt 0.171875 0.554688
vt 0.171875 0.562500
vt 0.164062 0.562500
vt 0.164062 0.539062
vt 0.171875 0.539062
vt 0.171875 0.546875
vt 0.164062 0.546875
vt 0.179688 0.539062
vt 0.187500 0.539062
vt 0.187500 0.546875
vt 0.179688 0.546875
vt 0.164062 0.617188
vt 0.171875 0.617188
vt 0.171875 0.625000
vt 0.164062 0.625000
vt 0.164062 0.601562
vt 0.171875 0.601562
vt 0.171875 0.609375
vt 0.164062 0.609375
vt 0.179688 0.601562
vt 0.187500 0.601562
vt 0.187500 0.609375
vt 0.179688 0.609375
vt 0.351562 0.554688
vt 0.359375 0.554688
vt 0.359375 0.562500
vt 0.351562 0.562500
vt 0.351562 0.539062
vt 0.359375 0.539062
vt 0.359375 0.546875
vt 0.351562 0.546875
vt 0.367188 0.539062
vt 0.375000 0.539062
vt 0.375000 0.546875
vt 0.367188 0.546875
vt 0.289062 0.554688
vt 0.296875 0.554688
vt 0.296875 0.562500
vt 0.289062 0.562500
vt 0.289062 0.539062
vt 0.296875 0.539062
vt 0.296875 0.546875
vt 0.289062 0.546875
vt 0.304688 0.539062
vt 0.312500 0.539062
vt 0.312500 0.546875
vt 0.304688 0.546875
vt 0.289062 0.617188
vt 0.296875 0.617188
vt 0.296875 0.625000
vt 0.289062 0.625000
vt 0.289062 0.601562
vt 0.296875 0.601562
vt 0.296875 0.609375
vt 0.289062 0.609375
vt 0.304688 0.601562
vt 0.312500 0.601562
vt 0.312500 0.609375
vt 0.304688 0.609375
vt 0.476562 0.929688
vt 0.484375 0.929688
vt 0.484375 0.937500
vt 0.476562 0.937500
vt 0.476562 0.914062
vt 0.484375 0.914062
vt 0.484375 0.921875
vt 0.476562 0.921875
vt 0.492188 0.914062
vt 0.500000 0.914062
vt 0.500000 0.921875
vt 0.492188 0.921875
vt 0.414062 0.929688
vt 0.421875 0.929688
vt 0.421875 0.937500
vt 0.414062 0.937500
vt 0.414062 0.914062
vt 0.421875 0.914062
vt 0.421875 0.921875
vt 0.414062 0.921875
vt 0.429688 0.914062
vt 0.437500 0.914062
vt 0.437500 0.921875
vt 0.429688 0.921875
vt 0.414062 0.992188
vt 0.421875 0.992188
vt 0.421875 1.000000
vt 0.414062 1.000000
vt 0.414062 0.976562
vt 0.421875 0.976562
vt 0.421875 0.984375
vt 0.414062 0.984375
vt 0.429688 0.976562
vt 0.437500 0.976562
vt 0.437500 0.984375
vt 0.429688 0.984375
vt 0.476562 0.804688
vt 0.484375 0.804688
vt 0.484375 0.812500
vt 0.476562 0.812500
vt 0.476562 0.789062
vt 0.484375 0.789062
vt 0.484375 0.796875
vt 0.476562 0.796875
vt 0.492188 0.789062
vt 0.500000 0.789062
vt 0.500000 0.796875
vt 0.492188 0.796875
vt 0.414062 0.804688
vt 0.421875 0.804688
vt 0.421875 0.812500
vt 0.414062 0.812500
vt 0.414062 0.789062
vt 0.421875 0.789062
vt 0.421875 0.796875
vt 0.414062 0.796875
vt 0.429688 0.789062
vt 0.437500 0.789062
vt 0.437500 0.796875
vt 0.429688 0.796875
vt 0.414062 0.867188
vt 0.421875 0.867188
vt 0.421875 0.875000
vt 0.414062 0.875000
vt 0.414062 0.851562
vt 0.421875 0.851562
vt 0.421875 0.859375
vt 0.414062 0.859375
vt 0.429688 0.851562
vt 0.437500 0.851562
vt 0.437500 0.859375
vt 0.429688 0.859375
vt 0.601562 0.804688
vt 0.609375 0.804688
vt 0.609375 0.812500
vt 0.601562 0.812500
vt 0.601562 0.789062
vt 0.609375 0.789062
vt 0.609375 0.796875
vt 0.601562 0.796875
vt 0.617188 0.789062
vt 0.625000 0.789062
vt 0.625000 0.796875
vt 0.617188 0.796875
vt 0.539062 0.804688
vt 0.546875 0.804688
vt 0.546875 0.812500
vt 0.539062 0.812500
vt 0.539062 0.789062
vt 0.546875 0.789062
vt 0.546875 0.796875
vt 0.539062 0.796875
vt 0.554688 0.789062
vt 0.562500 0.789062
vt 0.562500 0.796875
vt 0.554688 0.796875
vt 0.539062 0.867188
vt 0.546875 0.867188
vt 0.546875 0.875000
vt 0.539062 0.875000
vt 0.539062 0.851562
vt 0.546875 0.851562
vt 0.546875 0.859375
vt 0.539062 0.859375
vt 0.554688 0.851562
vt 0.562500 0.851562
vt 0.562500 0.859375
vt 0.554688 0.859375
vt 0.476562 0.679688
vt 0.484375 0.679688
vt 0.484375 0.687500
vt 0.476562 0.687500
vt 0.476562 0.664062
vt 0.484375 0.664062
vt 0.484375 0.671875
vt 0.476562 0.671875
vt 0.492188 0.664062
vt 0.500000 0.664062
vt 0.500000 0.671875
vt 0.492188 0.671875
vt 0.414062 0.679688
vt 0.421875 0.679688
vt 0.421875 0.687500
vt 0.414062 0.687500
vt 0.414062 0.664062
vt 0.421875 0.664062
vt 0.421875 0.671875
vt 0.414062 0.671875
vt 0.429688 0.664062
vt 0.437500 0.664062
vt 0.437500 0.671875
vt 0.429688 0.671875
vt 0.414062 0.742188
vt 0.421875 0.742188
vt 0.421875 0.750000
vt 0.414062 0.750000
vt 0.414062 0.726562
vt 0.421875 0.726562
vt 0.421875 0.734375
vt 0.414062 0.734375
vt 0.429688 0.726562
vt 0.437500 0.726562
vt 0.437500 0.734375
vt 0.429688 0.734375
vt 0.476562 0.554688
vt 0.484375 0.554688
vt 0.484375 0.562500
vt 0.476562 0.562500
vt 0.476562 0.539062
vt 0.484375 0.539062
vt 0.484375 0.546875
vt 0.476562 0.546875
vt 0.492188 0.539062
vt 0.500000 0.539062
vt 0.500000 0.546875
vt 0.492188 0.546875
vt 0.414062 0.554688
vt 0.421875 0.554688
vt 0.421875 0.562500
vt 0.414062 0.562500
vt 0.414062 0.539062
vt 0.421875 0.539062
vt 0.421875 0.546875
vt 0.414062 0.546875
vt 0.429688 0.539062
vt 0.437500 0.539062
vt 0.437500 0.546875
vt 0.429688 0.546875
vt 0.414062 0.617188
vt 0.421875 0.617188
vt 0.421875 0.625000
vt 0.414062 0.625000
vt 0.414062 0.601562
vt 0.421875 0.601562
vt 0.421875 0.609375
vt 0.414062 0.609375
vt 0.429688 0.601562
vt 0.437500 0.601562
vt 0.437500 0.609375
vt 0.429688 0.609375
vt 0.601562 0.554688
vt 0.609375 0.554688
vt 0.609375 0.562500
vt 0.601562 0.562500
vt 0.601562 0.539062
vt 0.609375 0.539062
vt 0.609375 0.546875
vt 0.601562 0.546875
vt 0.617188 0.539062
vt 0.625000 0.539062
vt 0.625000 0.546875
vt 0.617188 0.546875
vt 0.539062 0.554688
vt 0.546875 0.554688
vt 0.546875 0.562500
vt 0.539062 0.562500
vt 0.539062 0.539062
vt 0.546875 0.539062
vt 0.546875 0.546875
vt 0.539062 0.546875
vt 0.554688 0.539062
vt 0.562500 0.539062
vt 0.562500 0.546875
vt 0.554688 0.546875
vt 0.539062 0.617188
vt 0.546875 0.617188
vt 0.546875 0.625000
vt 0.539062 0.625000
vt 0.539062 0.601562
vt 0.546875 0.601562
vt 0.546875 0.609375
vt 0.539062 0.609375
vt 0.554688 0.601562
vt 0.562500 0.601562
vt 0.562500 0.609375
vt 0.554688 0.609375
vt 0.476562 0.429688
vt 0.484375 0.429688
vt 0.484375 0.437500
vt 0.476562 0.437500
vt 0.476562 0.414062
vt 0.484375 0.414062
vt 0.484375 0.421875
vt 0.476562 0.421875
vt 0.492188 0.414062
vt 0.500000 0.414062
vt 0.500000 0.421875
vt 0.492188 0.421875
vt 0.414062 0.429688
vt 0.421875 0.429688
vt 0.421875 0.437500
vt 0.414062 0.437500
vt 0.414062 0.414062
vt 0.421875 0.414062
vt 0.421875 0.421875
vt 0.414062 0.421875
vt 0.429688 0.414062
vt 0.437500 0.414062
vt 0.437500 0.421875
vt 0.429688 0.421875
vt 0.414062 0.492188
vt 0.421875 0.492188
vt 0.421875 0.500000
vt 0.414062 0.500000
vt 0.414062 0.476562
vt 0.421875 0.476562
vt 0.421875 0.484375
vt 0.414062 0.484375
vt 0.429688 0.476562
vt 0.437500 0.476562
vt 0.437500 0.484375
vt 0.429688 0.484375
vt 0.476562 0.304688
vt 0.484375 0.304688
vt 0.484375 0.312500
vt 0.476562 0.312500
vt 0.476562 0.289062
vt 0.484375 0.289062
vt 0.484375 0.296875
vt 0.476562 0.296875
vt 0.492188 0.289062
vt 0.500000 0.289062
vt 0.500000 0.296875
vt 0.492188 0.296875
vt 0.414062 0.304688
vt 0.421875 0.304688
vt 0.421875 0.312500
vt 0.414062 0.312500
vt 0.414062 0.289062
vt 0.421875 0.289062
vt 0.421875 0.296875
vt 0.414062 0.296875
vt 0.429688 0.289062
vt 0.437500 0.289062
vt 0.437500 0.296875
vt 0.429688 0.296875
vt 0.414062 0.367188
vt 0.421875 0.367188
vt 0.421875 0.375000
vt 0.414062 0.375000
vt 0.414062 0.351562
vt 0.421875 0.351562
vt 0.421875 0.359375
vt 0.414062 0.359375
vt 0.429688 0.351562
vt 0.437500 0.351562
vt 0.437500 0.359375
vt 0.429688 0.359375
vt 0.601562 0.304688
vt 0.609375 0.304688
vt 0.609375 0.312500
vt 0.601562 0.312500
vt 0.601562 0.289062
vt 0.609375 0.289062
vt 0.609375 0.296875
vt 0.601562 0.296875
vt 0.617188 0.289062
vt 0.625000 0.289062
vt 0.625000 0.296875
vt 0.617188 0.296875
vt 0.539062 0.304688
vt 0.546875 0.304688
vt 0.546875 0.312500
vt 0.539062 0.312500
vt 0.539062 0.289062
vt 0.546875 0.289062
vt 0.546875 0.296875
vt 0.539062 0.296875
vt 0.554688 0.289062
vt 0.562500 0.289062
vt 0.562500 0.296875
vt 0.554688 0.296875
vt 0.539062 0.367188
vt 0.546875 0.367188
vt 0.546875 0.375000
vt 0.539062 0.375000
vt 0.539062 0.351562
vt 0.546875 0.351562
vt 0.546875 0.359375
vt 0.539062 0.359375
vt 0.554688 0.351562
vt 0.562500 0.351562
vt 0.562500 0.359375
vt 0.554688 0.359375
vt 0.476562 0.179688
vt 0.484375 0.179688
vt 0.484375 0.187500
vt 0.476562 0.187500
vt 0.476562 0.164062
vt 0.484375 0.164062
vt 0.484375 0.171875
vt 0.476562 0.171875
vt 0.492188 0.164062
vt 0.500000 0.164062
vt 0.500000 0.171875
vt 0.492188 0.171875
vt 0.414062 0.179688
vt 0.421875 0.179688
vt 0.421875 0.187500
vt 0.414062 0.187500
vt 0.414062 0.164062
vt 0.421875 0.164062
vt 0.421875 0.171875
vt 0.414062 0.171875
vt 0.429688 0.164062
vt 0.437500 0.164062
vt 0.437500 0.171875
vt 0.429688 0.171875
vt 0.414062 0.242188
vt 0.421875 0.242188
vt 0.421875 0.250000
vt 0.414062 0.250000
vt 0.414062 0.226562
vt 0.421875 0.226562
vt 0.421875 0.234375
vt 0.414062 0.234375
vt 0.429688 0.226562
vt 0.437500 0.226562
vt 0.437500 0.234375
vt 0.429688 0.234375
vt 0.476562 0.054688
vt 0.484375 0.054688
vt 0.484375 0.062500
vt 0.476562 0.062500
vt 0.476562 0.039062
vt 0.484375 0.039062
vt 0.484375 0.046875
vt 0.476562 0.046875
vt 0.492188 0.039062
vt 0.500000 0.039062
vt 0.500000 0.046875
vt 0.492188 0.046875
vt 0.414062 0.054688
vt 0.421875 0.054688
vt 0.421875 0.062500
vt 0.414062 0.062500
vt 0.414062 0.039062
vt 0.421875 0.039062
vt 0.421875 0.046875
vt 0.414062 0.046875
vt 0.429688 0.039062
vt 0.437500 0.039062
vt 0.437500 0.046875
vt 0.429688 0.046875
vt 0.414062 0.117188
vt 0.421875 0.117188
vt 0.421875 0.125000
vt 0.414062 0.125000
vt 0.414062 0.101562
vt 0.421875 0.101562
vt 0.421875 0.109375
vt 0.414062 0.109375
vt 0.429688 0.101562
vt 0.437500 0.101562
vt 0.437500 0.109375
vt 0.429688 0.109375
vt 0.601562 0.054688
vt 0.609375 0.054688
vt 0.609375 0.062500
vt 0.601562 0.062500
vt 0.601562 0.039062
vt 0.609375 0.039062
vt 0.609375 0.046875
vt 0.601562 0.046875
vt 0.617188 0.039062
vt 0.625000 0.039062
vt 0.625000 0.046875
vt 0.617188 0.046875
vt 0.539062 0.054688
vt 0.546875 0.054688
vt 0.546875 0.062500
vt 0.539062 0.062500
vt 0.539062 0.039062
vt 0.546875 0.039062
vt 0.546875 0.046875
vt 0.539062 0.046875
vt 0.554688 0.039062
vt 0.562500 0.039062
vt 0.562500 0.046875
vt 0.554688 0.046875
vt 0.539062 0.117188
vt 0.546875 0.117188
vt 0.546875 0.125000
vt 0.539062 0.125000
vt 0.539062 0.101562
vt 0.546875 0.101562
vt 0.546875 0.109375
vt 0.539062 0.109375
vt 0.554688 0.101562
vt 0.562500 0.101562
vt 0.562500 0.109375
vt 0.554688 0.109375
vt 0.601562 0.117188
vt 0.609375 0.117188
vt 0.609375 0.125000
vt 0.601562 0.125000
vt 0.601562 0.101562
vt 0.609375 0.101562
vt 0.609375 0.109375
vt 0.601562 0.109375
vt 0.617188 0.101562
vt 0.625000 0.101562
vt 0.625000 0.109375
vt 0.617188 0.109375
vt 0.476562 0.117188
vt 0.484375 0.117188
vt 0.484375 0.125000
vt 0.476562 0.125000
vt 0.476562 0.101562
vt 0.484375 0.101562
vt 0.484375 0.109375
vt 0.476562 0.109375
vt 0.492188 0.101562
vt 0.500000 0.101562
vt 0.500000 0.109375
vt 0.492188 0.109375
vt 0.476562 0.242188
vt 0.484375 0.242188
vt 0.484375 0.250000
vt 0.476562 0.250000
vt 0.476562 0.226562
vt 0.484375 0.226562
vt 0.484375 0.234375
vt 0.476562 0.234375
vt 0.492188 0.226562
vt 0.500000 0.226562
vt 0.500000 0.234375
vt 0.492188 0.234375
vt 0.601562 0.367188
vt 0.609375 0.367188
vt 0.609375 0.375000
vt 0.601562 0.375000
vt 0.601562 0.351562
vt 0.609375 0.351562
vt 0.609375 0.359375
vt 0.601562 0.359375
vt 0.617188 0.351562
vt 0.625000 0.351562
vt 0.625000 0.359375
vt 0.617188 0.359375
vt 0.476562 0.367188
vt 0.484375 0.367188
vt 0.484375 0.375000
vt 0.476562 0.375000
vt 0.476562 0.351562
vt 0.484375 0.351562
vt 0.484375 0.359375
vt 0.476562 0.359375
vt 0.492188 0.351562
vt 0.500000 0.351562
vt 0.500000 0.359375
vt 0.492188 0.359375
vt 0.476562 0.492188
vt 0.484375 0.492188
vt 0.484375 0.500000
vt 0.476562 0.500000
vt 0.476562 0.476562
vt 0.484375 0.476562
vt 0.484375 0.484375
vt 0.476562 0.484375
vt 0.492188 0.476562
vt 0.500000 0.476562
vt 0.500000 0.484375
vt 0.492188 0.484375
vt 0.601562 0.617188
vt 0.609375 0.617188
vt 0.609375 0.625000
vt 0.601562 0.625000
vt 0.601562 0.601562
vt 0.609375 0.601562
vt 0.609375 0.609375
vt 0.601562 0.609375
vt 0.617188 0.601562
vt 0.625000 0.601562
vt 0.625000 0.609375
vt 0.617188 0.609375
vt 0.476562 0.617188
vt 0.484375 0.617188
vt 0.484375 0.625000
vt 0.476562 0.625000
vt 0.476562 0.601562
vt 0.484375 0.601562
vt 0.484375 0.609375
vt 0.476562 0.609375
vt 0.492188 0.601562
vt 0.500000 0.601562
vt 0.500000 0.609375
vt 0.492188 0.609375
vt 0.476562 0.742188
vt 0.484375 0.742188
vt 0.484375 0.750000
vt 0.476562 0.750000
vt 0.476562 0.726562
vt 0.484375 0.726562
vt 0.484375 0.734375
vt 0.476562 0.734375
vt 0.492188 0.726562
vt 0.500000 0.726562
vt 0.500000 0.734375
vt 0.492188 0.734375
vt 0.601562 0.867188
vt 0.609375 0.867188
vt 0.609375 0.875000
vt 0.601562 0.875000
vt 0.601562 0.851562
vt 0.609375 0.851562
vt 0.609375 0.859375
vt 0.601562 0.859375
vt 0.617188 0.851562
vt 0.625000 0.851562
vt 0.625000 0.859375
vt 0.617188 0.859375
vt 0.476562 0.867188
vt 0.484375 0.867188
vt 0.484375 0.875000
vt 0.476562 0.875000
vt 0.476562 0.851562
vt 0.484375 0.851562
vt 0.484375 0.859375
vt 0.476562 0.859375
vt 0.492188 0.851562
vt 0.500000 0.851562
vt 0.500000 0.859375
vt 0.492188 0.859375
vt 0.476562 0.992188
vt 0.484375 0.992188
vt 0.484375 1.000000
vt 0.476562 1.000000
vt 0.476562 0.976562
vt 0.484375 0.976562
vt 0.484375 0.984375
vt 0.476562 0.984375
vt 0.492188 0.976562
vt 0.500000 0.976562
vt 0.500000 0.984375
vt 0.492188 0.984375
vt 0.351562 0.617188
vt 0.359375 0.617188
vt 0.359375 0.625000
vt 0.351562 0.625000
vt 0.351562 0.601562
vt 0.359375 0.601562
vt 0.359375 0.609375
vt 0.351562 0.609375
vt 0.367188 0.601562
vt 0.375000 0.601562
vt 0.375000 0.609375
vt 0.367188 0.609375
vt 0.226562 0.617188
vt 0.234375 0.617188
vt 0.234375 0.625000
vt 0.226562 0.625000
vt 0.226562 0.601562
vt 0.234375 0.601562
vt 0.234375 0.609375
vt 0.226562 0.609375
vt 0.242188 0.601562
vt 0.250000 0.601562
vt 0.250000 0.609375
vt 0.242188 0.609375
vt 0.226562 0.742188
vt 0.234375 0.742188
vt 0.234375 0.750000
vt 0.226562 0.750000
vt 0.226562 0.726562
vt 0.234375 0.726562
vt 0.234375 0.734375
vt 0.226562 0.734375
vt 0.242188 0.726562
vt 0.250000 0.726562
vt 0.250000 0.734375
vt 0.242188 0.734375
vt 0.851562 0.617188
vt 0.859375 0.617188
vt 0.859375 0.625000
vt 0.851562 0.625000
vt 0.851562 0.601562
vt 0.859375 0.601562
vt 0.859375 0.609375
vt 0.851562 0.609375
vt 0.867188 0.601562
vt 0.875000 0.601562
vt 0.875000 0.609375
vt 0.867188 0.609375
vt 0.726562 0.617188
vt 0.734375 0.617188
vt 0.734375 0.625000
vt 0.726562 0.625000
vt 0.726562 0.601562
vt 0.734375 0.601562
vt 0.734375 0.609375
vt 0.726562 0.609375
vt 0.742188 0.601562
vt 0.750000 0.601562
vt 0.750000 0.609375
vt 0.742188 0.609375
vt 0.726562 0.742188
vt 0.734375 0.742188
vt 0.734375 0.750000
vt 0.726562 0.750000
vt 0.726562 0.726562
vt 0.734375 0.726562
vt 0.734375 0.734375
vt 0.726562 0.734375
vt 0.742188 0.726562
vt 0.750000 0.726562
vt 0.750000 0.734375
vt 0.742188 0.734375
vt 0.851562 0.742188
vt 0.859375 0.742188
vt 0.859375 0.750000
vt 0.851562 0.750000
vt 0.851562 0.726562
vt 0.859375 0.726562
vt 0.859375 0.734375
vt 0.851562 0.734375
vt 0.867188 0.726562
vt 0.875000 0.726562
vt 0.875000 0.734375
vt 0.867188 0.734375
vt 0.351562 0.742188
vt 0.359375 0.742188
vt 0.359375 0.750000
vt 0.351562 0.750000
vt 0.351562 0.726562
vt 0.359375 0.726562
vt 0.359375 0.734375
vt 0.351562 0.734375
vt 0.367188 0.726562
vt 0.375000 0.726562
vt 0.375000 0.734375
vt 0.367188 0.734375
vt 0.601562 0.992188
vt 0.609375 0.992188
vt 0.609375 1.000000
vt 0.601562 1.000000
vt 0.601562 0.976562
vt 0.609375 0.976562
vt 0.609375 0.984375
vt 0.601562 0.984375
vt 0.617188 0.976562
vt 0.625000 0.976562
vt 0.625000 0.984375
vt 0.617188 0.984375
vt 0.601562 0.742188
vt 0.609375 0.742188
vt 0.609375 0.750000
vt 0.601562 0.750000
vt 0.601562 0.726562
vt 0.609375 0.726562
vt 0.609375 0.734375
vt 0.601562 0.734375
vt 0.617188 0.726562
vt 0.625000 0.726562
vt 0.625000 0.734375
vt 0.617188 0.734375
vt 0.601562 0.492188
vt 0.609375 0.492188
vt 0.609375 0.500000
vt 0.601562 0.500000
vt 0.601562 0.476562
vt 0.609375 0.476562
vt 0.609375 0.484375
vt 0.601562 0.484375
vt 0.617188 0.476562
vt 0.625000 0.476562
vt 0.625000 0.484375
vt 0.617188 0.484375
vt 0.601562 0.242188
vt 0.609375 0.242188
vt 0.609375 0.250000
vt 0.601562 0.250000
vt 0.601562 0.226562
vt 0.609375 0.226562
vt 0.609375 0.234375
vt 0.601562 0.234375
vt 0.617188 0.226562
vt 0.625000 0.226562
vt 0.625000 0.234375
vt 0.617188 0.234375
vt 0.703125 0.500000
vt 0.710938 0.500000
vt 0.718750 0.500000
vt 0.687500 0.500000
vt 0.695312 0.500000
vt 0.734375 0.500000
vt 0.742188 0.500000
vt 0.750000 0.500000
vt 0.726562 0.500000
vt 0.640625 0.500000
vt 0.648438 0.500000
vt 0.656250 0.500000
vt 0.632812 0.500000
vt 0.671875 0.500000
vt 0.679688 0.500000
vt 0.664062 0.500000
vt 0.828125 0.500000
vt 0.835938 0.500000
vt 0.843750 0.500000
vt 0.812500 0.500000
vt 0.820312 0.500000
vt 0.859375 0.500000
vt 0.867188 0.500000
vt 0.875000 0.500000
vt 0.851562 0.500000
vt 0.765625 0.500000
vt 0.773438 0.500000
vt 0.781250 0.500000
vt 0.757812 0.500000
vt 0.796875 0.500000
vt 0.804688 0.500000
vt 0.789062 0.500000
vt 0.125000 0.664062
vt 0.125000 0.671875
vt 0.125000 0.656250
vt 0.125000 0.679688
vt 0.125000 0.687500
vt 0.125000 0.632812
vt 0.125000 0.640625
vt 0.125000 0.625000
vt 0.125000 0.648438
vt 0.125000 0.726562
vt 0.125000 0.734375
vt 0.125000 0.718750
vt 0.125000 0.742188
vt 0.125000 0.750000
vt 0.125000 0.695312
vt 0.125000 0.703125
vt 0.125000 0.710938
vt 0.203125 0.500000
vt 0.210938 0.500000
vt 0.218750 0.500000
vt 0.187500 0.500000
vt 0.195312 0.500000
vt 0.234375 0.500000
vt 0.242188 0.500000
vt 0.250000 0.500000
vt 0.226562 0.500000
vt 0.125000 0.539062
vt 0.125000 0.546875
vt 0.125000 0.531250
vt 0.125000 0.554688
vt 0.125000 0.562500
vt 0.140625 0.500000
vt 0.148438 0.500000
vt 0.156250 0.500000
vt 0.125000 0.507812
vt 0.125000 0.515625
vt 0.125000 0.500000
vt 0.132812 0.500000
vt 0.125000 0.523438
vt 0.171875 0.500000
vt 0.179688 0.500000
vt 0.164062 0.500000
vt 0.125000 0.601562
vt 0.125000 0.609375
vt 0.125000 0.593750
vt 0.125000 0.617188
vt 0.125000 0.570312
vt 0.125000 0.578125
vt 0.125000 0.585938
vt 0.328125 0.500000
vt 0.335938 0.500000
vt 0.343750 0.500000
vt 0.312500 0.500000
vt 0.320312 0.500000
vt 0.359375 0.500000
vt 0.367188 0.500000
vt 0.375000 0.500000
vt 0.351562 0.500000
vt 0.265625 0.500000
vt 0.273438 0.500000
vt 0.281250 0.500000
vt 0.257812 0.500000
vt 0.296875 0.500000
vt 0.304688 0.500000
vt 0.289062 0.500000
vt 0.375000 0.914062
vt 0.375000 0.921875
vt 0.375000 0.906250
vt 0.375000 0.929688
vt 0.375000 0.937500
vt 0.375000 0.882812
vt 0.375000 0.890625
vt 0.375000 0.875000
vt 0.375000 0.898438
vt 0.375000 0.976562
vt 0.375000 0.984375
vt 0.375000 0.968750
vt 0.375000 0.992188
vt 0.375000 1.000000
vt 0.375000 0.945312
vt 0.375000 0.953125
vt 0.375000 0.960938
vt 0.375000 0.789062
vt 0.375000 0.796875
vt 0.375000 0.781250
vt 0.375000 0.804688
vt 0.375000 0.812500
vt 0.375000 0.757812
vt 0.375000 0.765625
vt 0.375000 0.773438
vt 0.375000 0.851562
vt 0.375000 0.859375
vt 0.375000 0.843750
vt 0.375000 0.867188
vt 0.375000 0.820312
vt 0.375000 0.828125
vt 0.375000 0.835938
vt 0.375000 0.414062
vt 0.375000 0.421875
vt 0.375000 0.406250
vt 0.375000 0.429688
vt 0.375000 0.437500
vt 0.375000 0.382812
vt 0.375000 0.390625
vt 0.375000 0.375000
vt 0.375000 0.398438
vt 0.375000 0.476562
vt 0.375000 0.484375
vt 0.375000 0.468750
vt 0.375000 0.492188
vt 0.375000 0.445312
vt 0.375000 0.453125
vt 0.375000 0.460938
vt 0.375000 0.289062
vt 0.375000 0.296875
vt 0.375000 0.281250
vt 0.375000 0.304688
vt 0.375000 0.312500
vt 0.375000 0.257812
vt 0.375000 0.265625
vt 0.375000 0.250000
vt 0.375000 0.273438
vt 0.375000 0.351562
vt 0.375000 0.359375
vt 0.375000 0.343750
vt 0.375000 0.367188
vt 0.375000 0.320312
vt 0.375000 0.328125
vt 0.375000 0.335938
vt 0.375000 0.164062
vt 0.375000 0.171875
vt 0.375000 0.156250
vt 0.375000 0.179688
vt 0.375000 0.187500
vt 0.375000 0.132812
vt 0.375000 0.140625
vt 0.375000 0.125000
vt 0.375000 0.148438
vt 0.375000 0.226562
vt 0.375000 0.234375
vt 0.375000 0.218750
vt 0.375000 0.242188
vt 0.375000 0.195312
vt 0.375000 0.203125
vt 0.375000 0.210938
vt 0.453125 0.000000
vt 0.460938 0.000000
vt 0.468750 0.000000
vt 0.437500 0.000000
vt 0.445312 0.000000
vt 0.484375 0.000000
vt 0.492188 0.000000
vt 0.500000 0.000000
vt 0.476562 0.000000
vt 0.375000 0.039062
vt 0.375000 0.046875
vt 0.375000 0.031250
vt 0.375000 0.054688
vt 0.375000 0.062500
vt 0.390625 0.000000
vt 0.398438 0.000000
vt 0.406250 0.000000
vt 0.375000 0.007812
vt 0.375000 0.015625
vt 0.375000 0.000000
vt 0.382812 0.000000
vt 0.375000 0.023438
vt 0.421875 0.000000
vt 0.429688 0.000000
vt 0.414062 0.000000
vt 0.375000 0.101562
vt 0.375000 0.109375
vt 0.375000 0.093750
vt 0.375000 0.117188
vt 0.375000 0.070312
vt 0.375000 0.078125
vt 0.375000 0.085938
vt 0.578125 0.000000
vt 0.585938 0.000000
vt 0.593750 0.000000
vt 0.562500 0.000000
vt 0.570312 0.000000
vt 0.609375 0.000000
vt 0.617188 0.000000
vt 0.625000 0.000000
vt 0.601562 0.000000
vt 0.515625 0.000000
vt 0.523438 0.000000
vt 0.531250 0.000000
vt 0.507812 0.000000
vt 0.546875 0.000000
vt 0.554688 0.000000
vt 0.539062 0.000000
s 0
usemtl Material.001
f 6146/1/1 1541/2/1 4/3/1 2562/4/1
f 6145/5/2 1544/6/2 8/7/2 2565/8/2
f 6144/9/3 1547/10/3 6/11/3 2568/12/3
f 6143/13/4 1550/14/4 2/15/4 1540/16/4
f 6142/17/5 2566/18/5 5/19/5 1549/20/5
f 6141/21/6 2561/22/6 2/23/6 1550/24/6
f 6140/25/6 1563/26/6 20/27/6 1562/28/6
f 6139/29/6 1564/30/6 21/31/6 2573/32/6
f 6138/33/6 2549/34/6 11/35/6 2574/36/6
f 6137/37/5 1567/38/5 19/39/5 1561/40/5
f 6136/41/5 1568/42/5 22/43/5 2577/44/5
f 6135/45/5 2554/46/5 16/47/5 2578/48/5
f 6134/49/4 1571/50/4 10/51/4 1552/52/4
f 6133/53/4 1572/54/4 23/55/4 2581/56/4
f 6132/57/4 1562/58/4 20/59/4 2582/60/4
f 6131/61/3 1575/62/3 18/63/3 2556/64/3
f 6130/65/3 1576/66/3 24/67/3 2585/68/3
f 6129/69/3 1559/70/3 17/71/3 2586/72/3
f 6128/73/2 1579/74/2 15/75/2 2553/76/2
f 6127/77/2 1580/78/2 25/79/2 2589/80/2
f 6126/81/2 1556/82/2 14/83/2 2590/84/2
f 6125/85/1 1583/86/1 12/87/1 2550/88/1
f 6124/89/1 1584/90/1 26/91/1 2593/92/1
f 6123/93/1 1553/94/1 11/95/1 2594/96/1
f 6122/97/1 1635/98/1 74/99/1 2546/100/1
f 6121/101/1 1636/102/1 75/103/1 2597/104/1
f 6120/105/1 1601/106/1 41/107/1 2598/108/1
f 6119/109/1 1639/110/1 73/111/1 2545/112/1
f 6118/113/1 1640/114/1 76/115/1 2601/116/1
f 6117/117/1 1632/118/1 72/119/1 2602/120/1
f 6116/121/1 1643/122/1 30/123/1 2502/124/1
f 6115/125/1 1644/126/1 77/127/1 2605/128/1
f 6114/129/1 1631/130/1 71/131/1 2606/132/1
f 6113/133/2 1647/134/2 70/135/2 2542/136/2
f 6112/137/2 1648/138/2 78/139/2 2609/140/2
f 6111/141/2 1604/142/2 44/143/2 2610/144/2
f 6110/145/2 1651/146/2 69/147/2 2541/148/2
f 6109/149/2 1652/150/2 79/151/2 2613/152/2
f 6108/153/2 1628/154/2 68/155/2 2614/156/2
f 6107/157/2 1655/158/2 33/159/2 2505/160/2
f 6106/161/2 1656/162/2 80/163/2 2617/164/2
f 6105/165/2 1627/166/2 67/167/2 2618/168/2
f 6104/169/3 1659/170/3 66/171/3 2538/172/3
f 6103/173/3 1660/174/3 81/175/3 2621/176/3
f 6102/177/3 1607/178/3 47/179/3 2622/180/3
f 6101/181/3 1663/182/3 65/183/3 2537/184/3
f 6100/185/3 1664/186/3 82/187/3 2625/188/3
f 6099/189/3 1624/190/3 64/191/3 2626/192/3
f 6098/193/3 1667/194/3 36/195/3 2508/196/3
f 6097/197/3 1668/198/3 83/199/3 2629/200/3
f 6096/201/3 1623/202/3 63/203/3 2630/204/3
f 6095/205/4 1671/206/4 62/207/4 2534/208/4
f 6094/209/4 1672/210/4 84/211/4 2633/212/4
f 6093/213/4 1610/214/4 50/215/4 2634/216/4
f 6092/217/4 1675/218/4 61/219/4 2533/220/4
f 6091/221/4 1676/222/4 85/223/4 2637/224/4
f 6090/225/4 1620/226/4 60/227/4 2638/228/4
f 6089/229/4 1679/230/4 40/231/4 1600/232/4
f 6088/233/4 1680/234/4 86/235/4 2641/236/4
f 6087/237/4 1619/238/4 59/239/4 2642/240/4
f 6086/241/5 1683/242/5 58/243/5 2530/244/5
f 6085/245/5 1684/246/5 87/247/5 2645/248/5
f 6084/249/5 2506/250/5 34/251/5 2646/252/5
f 6083/253/5 1687/254/5 57/255/5 2529/256/5
f 6082/257/5 1688/258/5 88/259/5 2649/260/5
f 6081/261/5 1616/262/5 56/263/5 2650/264/5
f 6080/265/5 1691/266/5 49/267/5 1609/268/5
f 6079/269/5 1692/270/5 89/271/5 2653/272/5
f 6078/273/5 1615/274/5 55/275/5 2654/276/5
f 6077/277/6 1695/278/6 54/279/6 2526/280/6
f 6075/285/6 2501/286/6 29/287/6 2658/288/6
f 6074/289/6 1699/290/6 53/291/6 2525/292/6
f 6073/293/6 1700/294/6 91/295/6 2661/296/6
f 6071/301/6 1703/302/6 50/303/6 1610/304/6
f 6070/305/6 1704/306/6 92/307/6 2665/308/6
f 6069/309/6 1611/310/6 51/311/6 2666/312/6
f 6068/313/6 1707/314/6 38/315/6 1598/316/6
f 6067/317/6 1708/318/6 93/319/6 2669/320/6
f 6066/321/6 2513/322/6 41/323/6 2670/324/6
f 6065/325/5 1711/326/5 37/327/5 1597/328/5
f 6064/329/5 1712/330/5 94/331/5 2673/332/5
f 6063/333/5 2518/334/5 46/335/5 2674/336/5
f 6062/337/4 1715/338/4 28/339/4 1588/340/4
f 6061/341/4 1716/342/4 95/343/4 2677/344/4
f 6060/345/4 1598/346/4 38/347/4 2678/348/4
f 6059/349/3 1719/350/3 48/351/3 2520/352/3
f 6058/353/3 1720/354/3 96/355/3 2681/356/3
f 6057/357/3 1595/358/3 35/359/3 2682/360/3
f 6056/361/2 1723/362/2 45/363/2 2517/364/2
f 6055/365/2 1724/366/2 97/367/2 2685/368/2
f 6054/369/2 1592/370/2 32/371/2 2686/372/2
f 6053/373/1 1727/374/1 42/375/1 2514/376/1
f 6052/377/1 1728/378/1 98/379/1 2689/380/1
f 6051/381/1 1589/382/1 29/383/1 2690/384/1
f 6048/393/1 1781/394/1 149/395/1 2694/396/1
f 6047/397/1 1927/398/1 289/399/1 2497/400/1
f 6046/401/1 1928/402/1 292/403/1 2697/404/1
f 6045/405/1 1920/406/1 288/407/1 2698/408/1
f 6044/409/1 1931/410/1 114/411/1 2322/412/1
f 6043/413/1 1932/414/1 293/415/1 2701/416/1
f 6042/417/1 1919/418/1 287/419/1 2702/420/1
f 6039/429/2 1784/430/2 152/431/2 2706/432/2
f 6038/433/2 1939/434/2 285/435/2 2493/436/2
f 6037/437/2 1940/438/2 295/439/2 2709/440/2
f 6036/441/2 1916/442/2 284/443/2 2710/444/2
f 6035/445/2 1943/446/2 117/447/2 2325/448/2
f 6034/449/2 1944/450/2 296/451/2 2713/452/2
f 6033/453/2 1915/454/2 283/455/2 2714/456/2
f 6030/465/3 1787/466/3 155/467/3 2718/468/3
f 6029/469/3 1951/470/3 281/471/3 2489/472/3
f 6028/473/3 1952/474/3 298/475/3 2721/476/3
f 6027/477/3 1912/478/3 280/479/3 2722/480/3
f 6026/481/3 1955/482/3 120/483/3 2328/484/3
f 6025/485/3 1956/486/3 299/487/3 2725/488/3
f 6024/489/3 1911/490/3 279/491/3 2726/492/3
f 6021/501/4 1790/502/4 158/503/4 2730/504/4
f 6020/505/4 1963/506/4 277/507/4 2485/508/4
f 6019/509/4 1964/510/4 301/511/4 2733/512/4
f 6018/513/4 1908/514/4 276/515/4 2734/516/4
f 6017/517/4 1967/518/4 148/519/4 1780/520/4
f 6016/521/4 1968/522/4 302/523/4 2737/524/4
f 6015/525/4 1907/526/4 275/527/4 2738/528/4
f 6014/529/5 1971/530/5 274/531/5 2482/532/5
f 6013/533/5 1972/534/5 303/535/5 2741/536/5
f 6012/537/5 2326/538/5 118/539/5 2742/540/5
f 6011/541/5 1975/542/5 273/543/5 2481/544/5
f 6010/545/5 1976/546/5 304/547/5 2745/548/5
f 6009/549/5 1904/550/5 272/551/5 2746/552/5
f 6008/553/5 1979/554/5 157/555/5 1789/556/5
f 6007/557/5 1980/558/5 305/559/5 2749/560/5
f 6006/561/5 1903/562/5 271/563/5 2750/564/5
f 6005/565/6 1983/566/6 270/567/6 2478/568/6
f 6004/569/6 1984/570/6 306/571/6 2753/572/6
f 6003/573/6 2321/574/6 113/575/6 2754/576/6
f 6002/577/6 1987/578/6 269/579/6 2477/580/6
f 6001/581/6 1988/582/6 307/583/6 2757/584/6
f 6000/585/6 1900/586/6 268/587/6 2758/588/6
f 5999/589/6 1991/590/6 158/591/6 1790/592/6
f 5998/593/6 1992/594/6 308/595/6 2761/596/6
f 5997/597/6 1899/598/6 267/599/6 2762/600/6
f 5996/601/6 1995/602/6 266/603/6 2474/604/6
f 5995/605/6 1996/606/6 309/607/6 2765/608/6
f 5994/609/6 1803/610/6 171/611/6 2766/612/6
f 5993/613/6 1999/614/6 265/615/6 2473/616/6
f 5992/617/6 2000/618/6 310/619/6 2769/620/6
f 5991/621/6 1896/622/6 264/623/6 2770/624/6
f 5990/625/6 2003/626/6 170/627/6 1802/628/6
f 5989/629/6 2004/630/6 311/631/6 2773/632/6
f 5988/633/6 1895/634/6 263/635/6 2774/636/6
f 5984/649/6 2011/650/6 261/651/6 2469/652/6
f 5983/653/6 2012/654/6 313/655/6 2781/656/6
f 5982/657/6 1892/658/6 260/659/6 2782/660/6
f 5981/661/6 2015/662/6 125/663/6 2333/664/6
f 5980/665/6 2016/666/6 314/667/6 2785/668/6
f 5979/669/6 1891/670/6 259/671/6 2786/672/6
f 5976/681/6 2309/682/6 101/683/6 2790/684/6
f 5972/697/6 2027/698/6 126/699/6 2334/700/6
f 5969/709/5 2031/710/5 254/711/5 2462/712/5
f 5968/713/5 2032/714/5 318/715/5 2801/716/5
f 5967/717/5 1807/718/5 175/719/5 2802/720/5
f 5966/721/5 2035/722/5 253/723/5 2461/724/5
f 5965/725/5 2036/726/5 319/727/5 2805/728/5
f 5964/729/5 1884/730/5 252/731/5 2806/732/5
f 5963/733/5 2039/734/5 169/735/5 1801/736/5
f 5962/737/5 2040/738/5 320/739/5 2809/740/5
f 5961/741/5 1883/742/5 251/743/5 2810/744/5
f 5960/745/5 2043/746/5 250/747/5 2458/748/5
f 5959/749/5 2044/750/5 321/751/5 2813/752/5
f 5958/753/5 1808/754/5 176/755/5 2814/756/5
f 5957/757/5 2047/758/5 249/759/5 2457/760/5
f 5956/761/5 2048/762/5 322/763/5 2817/764/5
f 5955/765/5 1880/766/5 248/767/5 2818/768/5
f 5954/769/5 2051/770/5 129/771/5 2337/772/5
f 5953/773/5 2052/774/5 323/775/5 2821/776/5
f 5952/777/5 1879/778/5 247/779/5 2822/780/5
f 5951/781/5 2055/782/5 246/783/5 2454/784/5
f 5950/785/5 2056/786/5 324/787/5 2825/788/5
f 5949/789/5 2314/790/5 106/791/5 2826/792/5
f 5948/793/5 2059/794/5 245/795/5 2453/796/5
f 5947/797/5 2060/798/5 325/799/5 2829/800/5
f 5946/801/5 1876/802/5 244/803/5 2830/804/5
f 5945/805/5 2063/806/5 130/807/5 2338/808/5
f 5944/809/5 2064/810/5 326/811/5 2833/812/5
f 5943/813/5 1875/814/5 243/815/5 2834/816/5
f 5942/817/4 2067/818/4 242/819/4 2450/820/4
f 5941/821/4 2068/822/4 327/823/4 2837/824/4
f 5940/825/4 1811/826/4 179/827/4 2838/828/4
f 5937/837/4 1872/838/4 240/839/4 2842/840/4
f 5934/849/4 1871/850/4 239/851/4 2846/852/4
f 5933/853/4 2079/854/4 238/855/4 2446/856/4
f 5932/857/4 2080/858/4 330/859/4 2849/860/4
f 5931/861/4 1812/862/4 180/863/4 2850/864/4
f 5928/873/4 1868/874/4 236/875/4 2854/876/4
f 5925/885/4 1867/886/4 235/887/4 2858/888/4
f 5922/897/4 1802/898/4 170/899/4 2862/900/4
f 5921/901/4 2095/902/4 233/903/4 2441/904/4
f 5920/905/4 2096/906/4 334/907/4 2865/908/4
f 5919/909/4 1864/910/4 232/911/4 2866/912/4
f 5918/913/4 2099/914/4 134/915/4 2342/916/4
f 5917/917/4 2100/918/4 335/919/4 2869/920/4
f 5916/921/4 1863/922/4 231/923/4 2870/924/4
f 5915/925/3 2103/926/3 230/927/3 2438/928/3
f 5914/929/3 2104/930/3 336/931/3 2873/932/3
f 5913/933/3 1815/934/3 183/935/3 2874/936/3
f 5910/945/3 1860/946/3 228/947/3 2878/948/3
f 5907/957/3 1859/958/3 227/959/3 2882/960/3
f 5906/961/3 2115/962/3 226/963/3 2434/964/3
f 5905/965/3 2116/966/3 339/967/3 2885/968/3
f 5904/969/3 1816/970/3 184/971/3 2886/972/3
f 5901/981/3 1856/982/3 224/983/3 2890/984/3
f 5898/993/3 1855/994/3 223/995/3 2894/996/3
f 5895/1005/3 1799/1006/3 167/1007/3 2898/1008/3
f 5894/1009/3 2131/1010/3 221/1011/3 2429/1012/3
f 5893/1013/3 2132/1014/3 343/1015/3 2901/1016/3
f 5892/1017/3 1852/1018/3 220/1019/3 2902/1020/3
f 5891/1021/3 2135/1022/3 138/1023/3 2346/1024/3
f 5890/1025/3 2136/1026/3 344/1027/3 2905/1028/3
f 5889/1029/3 1851/1030/3 219/1031/3 2906/1032/3
f 5888/1033/2 2139/1034/2 218/1035/2 2426/1036/2
f 5887/1037/2 2140/1038/2 345/1039/2 2909/1040/2
f 5886/1041/2 1819/1042/2 187/1043/2 2910/1044/2
f 5883/1053/2 1848/1054/2 216/1055/2 2914/1056/2
f 5880/1065/2 1847/1066/2 215/1067/2 2918/1068/2
f 5879/1069/2 2151/1070/2 214/1071/2 2422/1072/2
f 5878/1073/2 2152/1074/2 348/1075/2 2921/1076/2
f 5877/1077/2 1820/1078/2 188/1079/2 2922/1080/2
f 5874/1089/2 1844/1090/2 212/1091/2 2926/1092/2
f 5871/1101/2 1843/1102/2 211/1103/2 2930/1104/2
f 5868/1113/2 1796/1114/2 164/1115/2 2934/1116/2
f 5867/1117/2 2167/1118/2 209/1119/2 2417/1120/2
f 5866/1121/2 2168/1122/2 352/1123/2 2937/1124/2
f 5865/1125/2 1840/1126/2 208/1127/2 2938/1128/2
f 5864/1129/2 2171/1130/2 142/1131/2 2350/1132/2
f 5863/1133/2 2172/1134/2 353/1135/2 2941/1136/2
f 5862/1137/2 1839/1138/2 207/1139/2 2942/1140/2
f 5861/1141/1 2175/1142/1 206/1143/1 2414/1144/1
f 5860/1145/1 2176/1146/1 354/1147/1 2945/1148/1
f 5859/1149/1 1823/1150/1 191/1151/1 2946/1152/1
f 5856/1161/1 1836/1162/1 204/1163/1 2950/1164/1
f 5853/1173/1 1835/1174/1 203/1175/1 2954/1176/1
f 5852/1177/1 2187/1178/1 202/1179/1 2410/1180/1
f 5851/1181/1 2188/1182/1 357/1183/1 2957/1184/1
f 5850/1185/1 1824/1186/1 192/1187/1 2958/1188/1
f 5847/1197/1 1832/1198/1 200/1199/1 2962/1200/1
f 5844/1209/1 1831/1210/1 199/1211/1 2966/1212/1
f 5841/1221/1 1793/1222/1 161/1223/1 2970/1224/1
f 5840/1225/1 2203/1226/1 197/1227/1 2405/1228/1
f 5839/1229/1 2204/1230/1 361/1231/1 2973/1232/1
f 5838/1233/1 1828/1234/1 196/1235/1 2974/1236/1
f 5837/1237/1 2207/1238/1 146/1239/1 2354/1240/1
f 5836/1241/1 2208/1242/1 362/1243/1 2977/1244/1
f 5835/1245/1 1827/1246/1 195/1247/1 2978/1248/1
f 5832/1257/1 1745/1258/1 113/1259/1 2982/1260/1
f 5831/1261/1 2215/1262/1 193/1263/1 2401/1264/1
f 5830/1265/1 2216/1266/1 364/1267/1 2985/1268/1
f 5829/1269/1 1776/1270/1 144/1271/1 2986/1272/1
f 5828/1273/1 2219/1274/1 150/1275/1 2358/1276/1
f 5827/1277/1 2220/1278/1 365/1279/1 2989/1280/1
f 5826/1281/1 1775/1282/1 143/1283/1 2990/1284/1
f 5823/1293/2 1748/1294/2 116/1295/2 2994/1296/2
f 5822/1297/2 2227/1298/2 189/1299/2 2397/1300/2
f 5821/1301/2 2228/1302/2 367/1303/2 2997/1304/2
f 5820/1305/2 1772/1306/2 140/1307/2 2998/1308/2
f 5819/1309/2 2231/1310/2 153/1311/2 2361/1312/2
f 5818/1313/2 2232/1314/2 368/1315/2 3001/1316/2
f 5817/1317/2 1771/1318/2 139/1319/2 3002/1320/2
f 5814/1329/3 1751/1330/3 119/1331/3 3006/1332/3
f 5813/1333/3 2239/1334/3 185/1335/3 2393/1336/3
f 5812/1337/3 2240/1338/3 370/1339/3 3009/1340/3
f 5811/1341/3 1768/1342/3 136/1343/3 3010/1344/3
f 5810/1345/3 2243/1346/3 156/1347/3 2364/1348/3
f 5809/1349/3 2244/1350/3 371/1351/3 3013/1352/3
f 5808/1353/3 1767/1354/3 135/1355/3 3014/1356/3
f 5805/1365/4 1754/1366/4 122/1367/4 3018/1368/4
f 5804/1369/4 2251/1370/4 181/1371/4 2389/1372/4
f 5803/1373/4 2252/1374/4 373/1375/4 3021/1376/4
f 5802/1377/4 1764/1378/4 132/1379/4 3022/1380/4
f 5801/1381/4 2255/1382/4 112/1383/4 1744/1384/4
f 5800/1385/4 2256/1386/4 374/1387/4 3025/1388/4
f 5799/1389/4 1763/1390/4 131/1391/4 3026/1392/4
f 5798/1393/5 2259/1394/5 178/1395/5 2386/1396/5
f 5797/1397/5 2260/1398/5 375/1399/5 3029/1400/5
f 5796/1401/5 2362/1402/5 154/1403/5 3030/1404/5
f 5795/1405/5 2263/1406/5 177/1407/5 2385/1408/5
f 5794/1409/5 2264/1410/5 376/1411/5 3033/1412/5
f 5793/1413/5 1760/1414/5 128/1415/5 3034/1416/5
f 5792/1417/5 2267/1418/5 121/1419/5 1753/1420/5
f 5791/1421/5 2268/1422/5 377/1423/5 3037/1424/5
f 5790/1425/5 1759/1426/5 127/1427/5 3038/1428/5
f 5789/1429/6 2271/1430/6 174/1431/6 2382/1432/6
f 5787/1437/6 2357/1438/6 149/1439/6 3042/1440/6
f 5786/1441/6 2275/1442/6 173/1443/6 2381/1444/6
f 5785/1445/6 2276/1446/6 379/1447/6 3045/1448/6
f 5783/1453/6 2279/1454/6 122/1455/6 1754/1456/6
f 5782/1457/6 2280/1458/6 380/1459/6 3049/1460/6
f 5781/1461/6 1755/1462/6 123/1463/6 3050/1464/6
f 5780/1465/6 2283/1466/6 110/1467/6 1742/1468/6
f 5779/1469/6 2284/1470/6 381/1471/6 3053/1472/6
f 5778/1473/6 2369/1474/6 161/1475/6 3054/1476/6
f 5777/1477/5 2287/1478/5 109/1479/5 1741/1480/5
f 5776/1481/5 2288/1482/5 382/1483/5 3057/1484/5
f 5775/1485/5 2374/1486/5 166/1487/5 3058/1488/5
f 5772/1497/4 1742/1498/4 110/1499/4 3062/1500/4
f 5769/1509/3 1739/1510/3 107/1511/3 3066/1512/3
f 5766/1521/2 1736/1522/2 104/1523/2 3070/1524/2
f 5763/1533/1 1733/1534/1 101/1535/1 3074/1536/1
f 5760/1545/1 2501/1546/1 581/1547/1 3078/1548/1
f 5759/1549/1 3079/1550/1 1153/1551/1 2305/1552/1
f 5758/1553/1 3080/1554/1 1156/1555/1 3081/1556/1
f 5756/1561/1 3083/1562/1 450/1563/1 1602/1564/1
f 5755/1565/1 3084/1566/1 1157/1567/1 3085/1568/1
f 5751/1581/2 2504/1582/2 584/1583/2 3090/1584/2
f 5750/1585/2 3091/1586/2 1149/1587/2 2301/1588/2
f 5749/1589/2 3092/1590/2 1159/1591/2 3093/1592/2
f 5747/1597/2 3095/1598/2 453/1599/2 1605/1600/2
f 5746/1601/2 3096/1602/2 1160/1603/2 3097/1604/2
f 5742/1617/3 2507/1618/3 587/1619/3 3102/1620/3
f 5741/1621/3 3103/1622/3 1145/1623/3 2297/1624/3
f 5740/1625/3 3104/1626/3 1162/1627/3 3105/1628/3
f 5738/1633/3 3107/1634/3 456/1635/3 1608/1636/3
f 5737/1637/3 3108/1638/3 1163/1639/3 3109/1640/3
f 5733/1653/4 2510/1654/4 590/1655/4 3114/1656/4
f 5732/1657/4 3115/1658/4 1141/1659/4 2293/1660/4
f 5731/1661/4 3116/1662/4 1165/1663/4 3117/1664/4
f 5729/1669/4 3119/1670/4 580/1671/4 2500/1672/4
f 5728/1673/4 3120/1674/4 1166/1675/4 3121/1676/4
f 5726/1681/5 3123/1682/5 1138/1683/5 2290/1684/5
f 5725/1685/5 3124/1686/5 1167/1687/5 3125/1688/5
f 5724/1689/5 1606/1690/5 454/1691/5 3126/1692/5
f 5723/1693/5 3127/1694/5 1137/1695/5 2289/1696/5
f 5722/1697/5 3128/1698/5 1168/1699/5 3129/1700/5
f 5721/1701/5 3056/1702/5 1136/1703/5 3130/1704/5
f 5720/1705/5 3131/1706/5 589/1707/5 2509/1708/5
f 5719/1709/5 3132/1710/5 1169/1711/5 3133/1712/5
f 5718/1713/5 3055/1714/5 1135/1715/5 3134/1716/5
f 5717/1717/6 3135/1718/6 1134/1719/6 2286/1720/6
f 5716/1721/6 3136/1722/6 1170/1723/6 3137/1724/6
f 5715/1725/6 1601/1726/6 449/1727/6 3138/1728/6
f 5714/1729/6 3139/1730/6 1133/1731/6 2285/1732/6
f 5713/1733/6 3140/1734/6 1171/1735/6 3141/1736/6
f 5712/1737/6 3052/1738/6 1132/1739/6 3142/1740/6
f 5711/1741/6 3143/1742/6 590/1743/6 2510/1744/6
f 5710/1745/6 3144/1746/6 1172/1747/6 3145/1748/6
f 5709/1749/6 3051/1750/6 1131/1751/6 3146/1752/6
f 5708/1753/6 3147/1754/6 1130/1755/6 2282/1756/6
f 5707/1757/6 3148/1758/6 1173/1759/6 3149/1760/6
f 5706/1761/6 2523/1762/6 603/1763/6 3150/1764/6
f 5705/1765/6 3151/1766/6 1129/1767/6 2281/1768/6
f 5704/1769/6 3152/1770/6 1174/1771/6 3153/1772/6
f 5703/1773/6 3048/1774/6 1128/1775/6 3154/1776/6
f 5702/1777/6 3155/1778/6 602/1779/6 2522/1780/6
f 5701/1781/6 3156/1782/6 1175/1783/6 3157/1784/6
f 5700/1785/6 3047/1786/6 1127/1787/6 3158/1788/6
f 5696/1801/6 3163/1802/6 1125/1803/6 2277/1804/6
f 5695/1805/6 3164/1806/6 1177/1807/6 3165/1808/6
f 5693/1813/6 3167/1814/6 461/1815/6 1613/1816/6
f 5692/1817/6 3168/1818/6 1178/1819/6 3169/1820/6
f 5691/1821/6 3043/1822/6 1123/1823/6 3170/1824/6
f 5690/1825/6 3171/1826/6 1122/1827/6 2274/1828/6
f 5689/1829/6 3172/1830/6 1179/1831/6 3173/1832/6
f 5688/1833/6 1589/1834/6 437/1835/6 3174/1836/6
f 5684/1849/6 3179/1850/6 462/1851/6 1614/1852/6
f 5683/1853/6 3180/1854/6 1181/1855/6 3181/1856/6
f 5682/1857/6 3039/1858/6 1119/1859/6 3182/1860/6
f 5681/1861/5 3183/1862/5 1118/1863/5 2270/1864/5
f 5680/1865/5 3184/1866/5 1182/1867/5 3185/1868/5
f 5679/1869/5 2527/1870/5 607/1871/5 3186/1872/5
f 5678/1873/5 3187/1874/5 1117/1875/5 2269/1876/5
f 5677/1877/5 3188/1878/5 1183/1879/5 3189/1880/5
f 5676/1881/5 3036/1882/5 1116/1883/5 3190/1884/5
f 5675/1885/5 3191/1886/5 601/1887/5 2521/1888/5
f 5674/1889/5 3192/1890/5 1184/1891/5 3193/1892/5
f 5673/1893/5 3035/1894/5 1115/1895/5 3194/1896/5
f 5672/1897/5 3195/1898/5 1114/1899/5 2266/1900/5
f 5671/1901/5 3196/1902/5 1185/1903/5 3197/1904/5
f 5670/1905/5 2528/1906/5 608/1907/5 3198/1908/5
f 5669/1909/5 3199/1910/5 1113/1911/5 2265/1912/5
f 5668/1913/5 3200/1914/5 1186/1915/5 3201/1916/5
f 5667/1917/5 3032/1918/5 1112/1919/5 3202/1920/5
f 5666/1921/5 3203/1922/5 465/1923/5 1617/1924/5
f 5665/1925/5 3204/1926/5 1187/1927/5 3205/1928/5
f 5664/1929/5 3031/1930/5 1111/1931/5 3206/1932/5
f 5663/1933/5 3207/1934/5 1110/1935/5 2262/1936/5
f 5662/1937/5 3208/1938/5 1188/1939/5 3209/1940/5
f 5661/1941/5 1594/1942/5 442/1943/5 3210/1944/5
f 5660/1945/5 3211/1946/5 1109/1947/5 2261/1948/5
f 5659/1949/5 3212/1950/5 1189/1951/5 3213/1952/5
f 5658/1953/5 3028/1954/5 1108/1955/5 3214/1956/5
f 5657/1957/5 3215/1958/5 466/1959/5 1618/1960/5
f 5656/1961/5 3216/1962/5 1190/1963/5 3217/1964/5
f 5655/1965/5 3027/1966/5 1107/1967/5 3218/1968/5
f 5654/1969/4 3219/1970/4 1106/1971/4 2258/1972/4
f 5653/1973/4 3220/1974/4 1191/1975/4 3221/1976/4
f 5652/1977/4 2531/1978/4 611/1979/4 3222/1980/4
f 5651/1981/4 3223/1982/4 1105/1983/4 2257/1984/4
f 5650/1985/4 3224/1986/4 1192/1987/4 3225/1988/4
f 5649/1989/4 3024/1990/4 1104/1991/4 3226/1992/4
f 5648/1993/4 3227/1994/4 592/1995/4 2512/1996/4
f 5647/1997/4 3228/1998/4 1193/1999/4 3229/2000/4
f 5646/2001/4 3023/2002/4 1103/2003/4 3230/2004/4
f 5645/2005/4 3231/2006/4 1102/2007/4 2254/2008/4
f 5644/2009/4 3232/2010/4 1194/2011/4 3233/2012/4
f 5643/2013/4 2532/2014/4 612/2015/4 3234/2016/4
f 5642/2017/4 3235/2018/4 1101/2019/4 2253/2020/4
f 5641/2021/4 3236/2022/4 1195/2023/4 3237/2024/4
f 5640/2025/4 3020/2026/4 1100/2027/4 3238/2028/4
f 5639/2029/4 3239/2030/4 469/2031/4 1621/2032/4
f 5638/2033/4 3240/2034/4 1196/2035/4 3241/2036/4
f 5637/2037/4 3019/2038/4 1099/2039/4 3242/2040/4
f 5634/2049/4 2522/2050/4 602/2051/4 3246/2052/4
f 5633/2053/4 3247/2054/4 1097/2055/4 2249/2056/4
f 5632/2057/4 3248/2058/4 1198/2059/4 3249/2060/4
f 5630/2065/4 3251/2066/4 470/2067/4 1622/2068/4
f 5629/2069/4 3252/2070/4 1199/2071/4 3253/2072/4
f 5627/2077/3 3255/2078/3 1094/2079/3 2246/2080/3
f 5626/2081/3 3256/2082/3 1200/2083/3 3257/2084/3
f 5625/2085/3 2535/2086/3 615/2087/3 3258/2088/3
f 5624/2089/3 3259/2090/3 1093/2091/3 2245/2092/3
f 5623/2093/3 3260/2094/3 1201/2095/3 3261/2096/3
f 5622/2097/3 3012/2098/3 1092/2099/3 3262/2100/3
f 5621/2101/3 3263/2102/3 444/2103/3 1596/2104/3
f 5620/2105/3 3264/2106/3 1202/2107/3 3265/2108/3
f 5619/2109/3 3011/2110/3 1091/2111/3 3266/2112/3
f 5618/2113/3 3267/2114/3 1090/2115/3 2242/2116/3
f 5617/2117/3 3268/2118/3 1203/2119/3 3269/2120/3
f 5616/2121/3 2536/2122/3 616/2123/3 3270/2124/3
f 5615/2125/3 3271/2126/3 1089/2127/3 2241/2128/3
f 5614/2129/3 3272/2130/3 1204/2131/3 3273/2132/3
f 5613/2133/3 3008/2134/3 1088/2135/3 3274/2136/3
f 5612/2137/3 3275/2138/3 473/2139/3 1625/2140/3
f 5611/2141/3 3276/2142/3 1205/2143/3 3277/2144/3
f 5610/2145/3 3007/2146/3 1087/2147/3 3278/2148/3
f 5607/2157/3 2519/2158/3 599/2159/3 3282/2160/3
f 5606/2161/3 3283/2162/3 1085/2163/3 2237/2164/3
f 5605/2165/3 3284/2166/3 1207/2167/3 3285/2168/3
f 5603/2173/3 3287/2174/3 474/2175/3 1626/2176/3
f 5602/2177/3 3288/2178/3 1208/2179/3 3289/2180/3
f 5600/2185/2 3291/2186/2 1082/2187/2 2234/2188/2
f 5599/2189/2 3292/2190/2 1209/2191/2 3293/2192/2
f 5598/2193/2 2539/2194/2 619/2195/2 3294/2196/2
f 5597/2197/2 3295/2198/2 1081/2199/2 2233/2200/2
f 5596/2201/2 3296/2202/2 1210/2203/2 3297/2204/2
f 5595/2205/2 3000/2206/2 1080/2207/2 3298/2208/2
f 5594/2209/2 3299/2210/2 441/2211/2 1593/2212/2
f 5593/2213/2 3300/2214/2 1211/2215/2 3301/2216/2
f 5592/2217/2 2999/2218/2 1079/2219/2 3302/2220/2
f 5591/2221/2 3303/2222/2 1078/2223/2 2230/2224/2
f 5590/2225/2 3304/2226/2 1212/2227/2 3305/2228/2
f 5589/2229/2 2540/2230/2 620/2231/2 3306/2232/2
f 5588/2233/2 3307/2234/2 1077/2235/2 2229/2236/2
f 5587/2237/2 3308/2238/2 1213/2239/2 3309/2240/2
f 5586/2241/2 2996/2242/2 1076/2243/2 3310/2244/2
f 5585/2245/2 3311/2246/2 477/2247/2 1629/2248/2
f 5584/2249/2 3312/2250/2 1214/2251/2 3313/2252/2
f 5583/2253/2 2995/2254/2 1075/2255/2 3314/2256/2
f 5580/2265/2 2516/2266/2 596/2267/2 3318/2268/2
f 5579/2269/2 3319/2270/2 1073/2271/2 2225/2272/2
f 5578/2273/2 3320/2274/2 1216/2275/2 3321/2276/2
f 5576/2281/2 3323/2282/2 478/2283/2 1630/2284/2
f 5575/2285/2 3324/2286/2 1217/2287/2 3325/2288/2
f 5573/2293/1 3327/2294/1 1070/2295/1 2222/2296/1
f 5572/2297/1 3328/2298/1 1218/2299/1 3329/2300/1
f 5571/2301/1 2543/2302/1 623/2303/1 3330/2304/1
f 5570/2305/1 3331/2306/1 1069/2307/1 2221/2308/1
f 5569/2309/1 3332/2310/1 1219/2311/1 3333/2312/1
f 5568/2313/1 2988/2314/1 1068/2315/1 3334/2316/1
f 5567/2317/1 3335/2318/1 438/2319/1 1590/2320/1
f 5566/2321/1 3336/2322/1 1220/2323/1 3337/2324/1
f 5565/2325/1 2987/2326/1 1067/2327/1 3338/2328/1
f 5564/2329/1 3339/2330/1 1066/2331/1 2218/2332/1
f 5563/2333/1 3340/2334/1 1221/2335/1 3341/2336/1
f 5562/2337/1 2544/2338/1 624/2339/1 3342/2340/1
f 5561/2341/1 3343/2342/1 1065/2343/1 2217/2344/1
f 5560/2345/1 3344/2346/1 1222/2347/1 3345/2348/1
f 5559/2349/1 2984/2350/1 1064/2351/1 3346/2352/1
f 5558/2353/1 3347/2354/1 481/2355/1 1633/2356/1
f 5557/2357/1 3348/2358/1 1223/2359/1 3349/2360/1
f 5556/2361/1 2983/2362/1 1063/2363/1 3350/2364/1
f 5553/2373/1 2513/2374/1 593/2375/1 3354/2376/1
f 5552/2377/1 3355/2378/1 1061/2379/1 2213/2380/1
f 5551/2381/1 3356/2382/1 1225/2383/1 3357/2384/1
f 5549/2389/1 3359/2390/1 482/2391/1 1634/2392/1
f 5548/2393/1 3360/2394/1 1226/2395/1 3361/2396/1
f 5546/2401/1 3363/2402/1 1058/2403/1 2210/2404/1
f 5545/2405/1 3364/2406/1 1227/2407/1 3365/2408/1
f 5544/2409/1 2595/2410/1 675/2411/1 3366/2412/1
f 5543/2413/1 3367/2414/1 1057/2415/1 2209/2416/1
f 5542/2417/1 3368/2418/1 1228/2419/1 3369/2420/1
f 5541/2421/1 2976/2422/1 1056/2423/1 3370/2424/1
f 5540/2425/1 3371/2426/1 434/2427/1 1586/2428/1
f 5539/2429/1 3372/2430/1 1229/2431/1 3373/2432/1
f 5538/2433/1 2975/2434/1 1055/2435/1 3374/2436/1
f 5537/2437/1 3375/2438/1 1054/2439/1 2206/2440/1
f 5536/2441/1 3376/2442/1 1230/2443/1 3377/2444/1
f 5535/2445/1 2596/2446/1 676/2447/1 3378/2448/1
f 5534/2449/1 3379/2450/1 1053/2451/1 2205/2452/1
f 5533/2453/1 3380/2454/1 1231/2455/1 3381/2456/1
f 5532/2457/1 2972/2458/1 1052/2459/1 3382/2460/1
f 5531/2461/1 3383/2462/1 485/2463/1 1637/2464/1
f 5530/2465/1 3384/2466/1 1232/2467/1 3385/2468/1
f 5529/2469/1 2971/2470/1 1051/2471/1 3386/2472/1
f 5526/2481/1 2561/2482/1 641/2483/1 3390/2484/1
f 5525/2485/1 3391/2486/1 1049/2487/1 2201/2488/1
f 5524/2489/1 3392/2490/1 1234/2491/1 3393/2492/1
f 5522/2497/1 3395/2498/1 486/2499/1 1638/2500/1
f 5521/2501/1 3396/2502/1 1235/2503/1 3397/2504/1
f 5517/2517/1 2599/2518/1 679/2519/1 3402/2520/1
f 5516/2521/1 3403/2522/1 1045/2523/1 2197/2524/1
f 5515/2525/1 3404/2526/1 1237/2527/1 3405/2528/1
f 5513/2533/1 3407/2534/1 433/2535/1 1585/2536/1
f 5512/2537/1 3408/2538/1 1238/2539/1 3409/2540/1
f 5508/2553/1 2600/2554/1 680/2555/1 3414/2556/1
f 5507/2557/1 3415/2558/1 1041/2559/1 2193/2560/1
f 5506/2561/1 3416/2562/1 1240/2563/1 3417/2564/1
f 5504/2569/1 3419/2570/1 489/2571/1 1641/2572/1
f 5503/2573/1 3420/2574/1 1241/2575/1 3421/2576/1
f 5501/2581/1 3423/2582/1 1038/2583/1 2190/2584/1
f 5500/2585/1 3424/2586/1 1242/2587/1 3425/2588/1
f 5499/2589/1 2592/2590/1 672/2591/1 3426/2592/1
f 5498/2593/1 3427/2594/1 1037/2595/1 2189/2596/1
f 5497/2597/1 3428/2598/1 1243/2599/1 3429/2600/1
f 5496/2601/1 2956/2602/1 1036/2603/1 3430/2604/1
f 5495/2605/1 3431/2606/1 490/2607/1 1642/2608/1
f 5494/2609/1 3432/2610/1 1244/2611/1 3433/2612/1
f 5493/2613/1 2955/2614/1 1035/2615/1 3434/2616/1
f 5490/2625/1 2603/2626/1 683/2627/1 3438/2628/1
f 5489/2629/1 3439/2630/1 1033/2631/1 2185/2632/1
f 5488/2633/1 3440/2634/1 1246/2635/1 3441/2636/1
f 5486/2641/1 3443/2642/1 390/2643/1 1542/2644/1
f 5485/2645/1 3444/2646/1 1247/2647/1 3445/2648/1
f 5481/2661/1 2604/2662/1 684/2663/1 3450/2664/1
f 5480/2665/1 3451/2666/1 1029/2667/1 2181/2668/1
f 5479/2669/1 3452/2670/1 1249/2671/1 3453/2672/1
f 5477/2677/1 3455/2678/1 493/2679/1 1645/2680/1
f 5476/2681/1 3456/2682/1 1250/2683/1 3457/2684/1
f 5474/2689/1 3459/2690/1 1026/2691/1 2178/2692/1
f 5473/2693/1 3460/2694/1 1251/2695/1 3461/2696/1
f 5472/2697/1 2591/2698/1 671/2699/1 3462/2700/1
f 5471/2701/1 3463/2702/1 1025/2703/1 2177/2704/1
f 5470/2705/1 3464/2706/1 1252/2707/1 3465/2708/1
f 5469/2709/1 2944/2710/1 1024/2711/1 3466/2712/1
f 5468/2713/1 3467/2714/1 494/2715/1 1646/2716/1
f 5467/2717/1 3468/2718/1 1253/2719/1 3469/2720/1
f 5466/2721/1 2943/2722/1 1023/2723/1 3470/2724/1
f 5465/2725/2 3471/2726/2 1022/2727/2 2174/2728/2
f 5464/2729/2 3472/2730/2 1254/2731/2 3473/2732/2
f 5463/2733/2 2607/2734/2 687/2735/2 3474/2736/2
f 5462/2737/2 3475/2738/2 1021/2739/2 2173/2740/2
f 5461/2741/2 3476/2742/2 1255/2743/2 3477/2744/2
f 5460/2745/2 2940/2746/2 1020/2747/2 3478/2748/2
f 5459/2749/2 3479/2750/2 430/2751/2 1582/2752/2
f 5458/2753/2 3480/2754/2 1256/2755/2 3481/2756/2
f 5457/2757/2 2939/2758/2 1019/2759/2 3482/2760/2
f 5456/2761/2 3483/2762/2 1018/2763/2 2170/2764/2
f 5455/2765/2 3484/2766/2 1257/2767/2 3485/2768/2
f 5454/2769/2 2608/2770/2 688/2771/2 3486/2772/2
f 5453/2773/2 3487/2774/2 1017/2775/2 2169/2776/2
f 5452/2777/2 3488/2778/2 1258/2779/2 3489/2780/2
f 5451/2781/2 2936/2782/2 1016/2783/2 3490/2784/2
f 5450/2785/2 3491/2786/2 497/2787/2 1649/2788/2
f 5449/2789/2 3492/2790/2 1259/2791/2 3493/2792/2
f 5448/2793/2 2935/2794/2 1015/2795/2 3494/2796/2
f 5445/2805/2 2564/2806/2 644/2807/2 3498/2808/2
f 5444/2809/2 3499/2810/2 1013/2811/2 2165/2812/2
f 5443/2813/2 3500/2814/2 1261/2815/2 3501/2816/2
f 5441/2821/2 3503/2822/2 498/2823/2 1650/2824/2
f 5440/2825/2 3504/2826/2 1262/2827/2 3505/2828/2
f 5436/2841/2 2611/2842/2 691/2843/2 3510/2844/2
f 5435/2845/2 3511/2846/2 1009/2847/2 2161/2848/2
f 5434/2849/2 3512/2850/2 1264/2851/2 3513/2852/2
f 5432/2857/2 3515/2858/2 429/2859/2 1581/2860/2
f 5431/2861/2 3516/2862/2 1265/2863/2 3517/2864/2
f 5427/2877/2 2612/2878/2 692/2879/2 3522/2880/2
f 5426/2881/2 3523/2882/2 1005/2883/2 2157/2884/2
f 5425/2885/2 3524/2886/2 1267/2887/2 3525/2888/2
f 5423/2893/2 3527/2894/2 501/2895/2 1653/2896/2
f 5422/2897/2 3528/2898/2 1268/2899/2 3529/2900/2
f 5420/2905/2 3531/2906/2 1002/2907/2 2154/2908/2
f 5419/2909/2 3532/2910/2 1269/2911/2 3533/2912/2
f 5418/2913/2 2588/2914/2 668/2915/2 3534/2916/2
f 5417/2917/2 3535/2918/2 1001/2919/2 2153/2920/2
f 5416/2921/2 3536/2922/2 1270/2923/2 3537/2924/2
f 5415/2925/2 2920/2926/2 1000/2927/2 3538/2928/2
f 5414/2929/2 3539/2930/2 502/2931/2 1654/2932/2
f 5413/2933/2 3540/2934/2 1271/2935/2 3541/2936/2
f 5412/2937/2 2919/2938/2 999/2939/2 3542/2940/2
f 5409/2949/2 2615/2950/2 695/2951/2 3546/2952/2
f 5408/2953/2 3547/2954/2 997/2955/2 2149/2956/2
f 5407/2957/2 3548/2958/2 1273/2959/2 3549/2960/2
f 5405/2965/2 3551/2966/2 393/2967/2 1545/2968/2
f 5404/2969/2 3552/2970/2 1274/2971/2 3553/2972/2
f 5400/2985/2 2616/2986/2 696/2987/2 3558/2988/2
f 5399/2989/2 3559/2990/2 993/2991/2 2145/2992/2
f 5398/2993/2 3560/2994/2 1276/2995/2 3561/2996/2
f 5396/3001/2 3563/3002/2 505/3003/2 1657/3004/2
f 5395/3005/2 3564/3006/2 1277/3007/2 3565/3008/2
f 5393/3013/2 3567/3014/2 990/3015/2 2142/3016/2
f 5392/3017/2 3568/3018/2 1278/3019/2 3569/3020/2
f 5391/3021/2 2587/3022/2 667/3023/2 3570/3024/2
f 5390/3025/2 3571/3026/2 989/3027/2 2141/3028/2
f 5389/3029/2 3572/3030/2 1279/3031/2 3573/3032/2
f 5388/3033/2 2908/3034/2 988/3035/2 3574/3036/2
f 5387/3037/2 3575/3038/2 506/3039/2 1658/3040/2
f 5386/3041/2 3576/3042/2 1280/3043/2 3577/3044/2
f 5385/3045/2 2907/3046/2 987/3047/2 3578/3048/2
f 5384/3049/3 3579/3050/3 986/3051/3 2138/3052/3
f 5383/3053/3 3580/3054/3 1281/3055/3 3581/3056/3
f 5382/3057/3 2619/3058/3 699/3059/3 3582/3060/3
f 5381/3061/3 3583/3062/3 985/3063/3 2137/3064/3
f 5380/3065/3 3584/3066/3 1282/3067/3 3585/3068/3
f 5379/3069/3 2904/3070/3 984/3071/3 3586/3072/3
f 5378/3073/3 3587/3074/3 426/3075/3 1578/3076/3
f 5377/3077/3 3588/3078/3 1283/3079/3 3589/3080/3
f 5376/3081/3 2903/3082/3 983/3083/3 3590/3084/3
f 5375/3085/3 3591/3086/3 982/3087/3 2134/3088/3
f 5374/3089/3 3592/3090/3 1284/3091/3 3593/3092/3
f 5373/3093/3 2620/3094/3 700/3095/3 3594/3096/3
f 5372/3097/3 3595/3098/3 981/3099/3 2133/3100/3
f 5371/3101/3 3596/3102/3 1285/3103/3 3597/3104/3
f 5370/3105/3 2900/3106/3 980/3107/3 3598/3108/3
f 5369/3109/3 3599/3110/3 509/3111/3 1661/3112/3
f 5368/3113/3 3600/3114/3 1286/3115/3 3601/3116/3
f 5367/3117/3 2899/3118/3 979/3119/3 3602/3120/3
f 5364/3129/3 2567/3130/3 647/3131/3 3606/3132/3
f 5363/3133/3 3607/3134/3 977/3135/3 2129/3136/3
f 5362/3137/3 3608/3138/3 1288/3139/3 3609/3140/3
f 5360/3145/3 3611/3146/3 510/3147/3 1662/3148/3
f 5359/3149/3 3612/3150/3 1289/3151/3 3613/3152/3
f 5355/3165/3 2623/3166/3 703/3167/3 3618/3168/3
f 5354/3169/3 3619/3170/3 973/3171/3 2125/3172/3
f 5353/3173/3 3620/3174/3 1291/3175/3 3621/3176/3
f 5351/3181/3 3623/3182/3 425/3183/3 1577/3184/3
f 5350/3185/3 3624/3186/3 1292/3187/3 3625/3188/3
f 5346/3201/3 2624/3202/3 704/3203/3 3630/3204/3
f 5345/3205/3 3631/3206/3 969/3207/3 2121/3208/3
f 5344/3209/3 3632/3210/3 1294/3211/3 3633/3212/3
f 5342/3217/3 3635/3218/3 513/3219/3 1665/3220/3
f 5341/3221/3 3636/3222/3 1295/3223/3 3637/3224/3
f 5339/3229/3 3639/3230/3 966/3231/3 2118/3232/3
f 5338/3233/3 3640/3234/3 1296/3235/3 3641/3236/3
f 5337/3237/3 2584/3238/3 664/3239/3 3642/3240/3
f 5336/3241/3 3643/3242/3 965/3243/3 2117/3244/3
f 5335/3245/3 3644/3246/3 1297/3247/3 3645/3248/3
f 5334/3249/3 2884/3250/3 964/3251/3 3646/3252/3
f 5333/3253/3 3647/3254/3 514/3255/3 1666/3256/3
f 5332/3257/3 3648/3258/3 1298/3259/3 3649/3260/3
f 5331/3261/3 2883/3262/3 963/3263/3 3650/3264/3
f 5328/3273/3 2627/3274/3 707/3275/3 3654/3276/3
f 5327/3277/3 3655/3278/3 961/3279/3 2113/3280/3
f 5326/3281/3 3656/3282/3 1300/3283/3 3657/3284/3
f 5324/3289/3 3659/3290/3 396/3291/3 1548/3292/3
f 5323/3293/3 3660/3294/3 1301/3295/3 3661/3296/3
f 5319/3309/3 2628/3310/3 708/3311/3 3666/3312/3
f 5318/3313/3 3667/3314/3 957/3315/3 2109/3316/3
f 5317/3317/3 3668/3318/3 1303/3319/3 3669/3320/3
f 5315/3325/3 3671/3326/3 517/3327/3 1669/3328/3
f 5314/3329/3 3672/3330/3 1304/3331/3 3673/3332/3
f 5312/3337/3 3675/3338/3 954/3339/3 2106/3340/3
f 5311/3341/3 3676/3342/3 1305/3343/3 3677/3344/3
f 5310/3345/3 2583/3346/3 663/3347/3 3678/3348/3
f 5309/3349/3 3679/3350/3 953/3351/3 2105/3352/3
f 5308/3353/3 3680/3354/3 1306/3355/3 3681/3356/3
f 5307/3357/3 2872/3358/3 952/3359/3 3682/3360/3
f 5306/3361/3 3683/3362/3 518/3363/3 1670/3364/3
f 5305/3365/3 3684/3366/3 1307/3367/3 3685/3368/3
f 5304/3369/3 2871/3370/3 951/3371/3 3686/3372/3
f 5303/3373/4 3687/3374/4 950/3375/4 2102/3376/4
f 5302/3377/4 3688/3378/4 1308/3379/4 3689/3380/4
f 5301/3381/4 2631/3382/4 711/3383/4 3690/3384/4
f 5300/3385/4 3691/3386/4 949/3387/4 2101/3388/4
f 5299/3389/4 3692/3390/4 1309/3391/4 3693/3392/4
f 5298/3393/4 2868/3394/4 948/3395/4 3694/3396/4
f 5297/3397/4 3695/3398/4 422/3399/4 1574/3400/4
f 5296/3401/4 3696/3402/4 1310/3403/4 3697/3404/4
f 5295/3405/4 2867/3406/4 947/3407/4 3698/3408/4
f 5294/3409/4 3699/3410/4 946/3411/4 2098/3412/4
f 5293/3413/4 3700/3414/4 1311/3415/4 3701/3416/4
f 5292/3417/4 2632/3418/4 712/3419/4 3702/3420/4
f 5291/3421/4 3703/3422/4 945/3423/4 2097/3424/4
f 5290/3425/4 3704/3426/4 1312/3427/4 3705/3428/4
f 5289/3429/4 2864/3430/4 944/3431/4 3706/3432/4
f 5288/3433/4 3707/3434/4 521/3435/4 1673/3436/4
f 5287/3437/4 3708/3438/4 1313/3439/4 3709/3440/4
f 5286/3441/4 2863/3442/4 943/3443/4 3710/3444/4
f 5283/3453/4 2570/3454/4 650/3455/4 3714/3456/4
f 5282/3457/4 3715/3458/4 941/3459/4 2093/3460/4
f 5281/3461/4 3716/3462/4 1315/3463/4 3717/3464/4
f 5279/3469/4 3719/3470/4 522/3471/4 1674/3472/4
f 5278/3473/4 3720/3474/4 1316/3475/4 3721/3476/4
f 5274/3489/4 2635/3490/4 715/3491/4 3726/3492/4
f 5273/3493/4 3727/3494/4 937/3495/4 2089/3496/4
f 5272/3497/4 3728/3498/4 1318/3499/4 3729/3500/4
f 5270/3505/4 3731/3506/4 421/3507/4 1573/3508/4
f 5269/3509/4 3732/3510/4 1319/3511/4 3733/3512/4
f 5265/3525/4 2636/3526/4 716/3527/4 3738/3528/4
f 5264/3529/4 3739/3530/4 933/3531/4 2085/3532/4
f 5263/3533/4 3740/3534/4 1321/3535/4 3741/3536/4
f 5261/3541/4 3743/3542/4 525/3543/4 1677/3544/4
f 5260/3545/4 3744/3546/4 1322/3547/4 3745/3548/4
f 5258/3553/4 3747/3554/4 930/3555/4 2082/3556/4
f 5257/3557/4 3748/3558/4 1323/3559/4 3749/3560/4
f 5256/3561/4 2580/3562/4 660/3563/4 3750/3564/4
f 5255/3565/4 3751/3566/4 929/3567/4 2081/3568/4
f 5254/3569/4 3752/3570/4 1324/3571/4 3753/3572/4
f 5253/3573/4 2848/3574/4 928/3575/4 3754/3576/4
f 5252/3577/4 3755/3578/4 526/3579/4 1678/3580/4
f 5251/3581/4 3756/3582/4 1325/3583/4 3757/3584/4
f 5250/3585/4 2847/3586/4 927/3587/4 3758/3588/4
f 5247/3597/4 2639/3598/4 719/3599/4 3762/3600/4
f 5246/3601/4 3763/3602/4 925/3603/4 2077/3604/4
f 5245/3605/4 3764/3606/4 1327/3607/4 3765/3608/4
f 5243/3613/4 3767/3614/4 640/3615/4 2560/3616/4
f 5242/3617/4 3768/3618/4 1328/3619/4 3769/3620/4
f 5238/3633/4 2640/3634/4 720/3635/4 3774/3636/4
f 5237/3637/4 3775/3638/4 921/3639/4 2073/3640/4
f 5236/3641/4 3776/3642/4 1330/3643/4 3777/3644/4
f 5234/3649/4 3779/3650/4 529/3651/4 1681/3652/4
f 5233/3653/4 3780/3654/4 1331/3655/4 3781/3656/4
f 5231/3661/4 3783/3662/4 918/3663/4 2070/3664/4
f 5230/3665/4 3784/3666/4 1332/3667/4 3785/3668/4
f 5229/3669/4 2579/3670/4 659/3671/4 3786/3672/4
f 5228/3673/4 3787/3674/4 917/3675/4 2069/3676/4
f 5227/3677/4 3788/3678/4 1333/3679/4 3789/3680/4
f 5226/3681/4 2836/3682/4 916/3683/4 3790/3684/4
f 5225/3685/4 3791/3686/4 530/3687/4 1682/3688/4
f 5224/3689/4 3792/3690/4 1334/3691/4 3793/3692/4
f 5223/3693/4 2835/3694/4 915/3695/4 3794/3696/4
f 5222/3697/5 3795/3698/5 914/3699/5 2066/3700/5
f 5221/3701/5 3796/3702/5 1335/3703/5 3797/3704/5
f 5220/3705/5 2643/3706/5 723/3707/5 3798/3708/5
f 5219/3709/5 3799/3710/5 913/3711/5 2065/3712/5
f 5218/3713/5 3800/3714/5 1336/3715/5 3801/3716/5
f 5217/3717/5 2832/3718/5 912/3719/5 3802/3720/5
f 5216/3721/5 3803/3722/5 418/3723/5 1570/3724/5
f 5215/3725/5 3804/3726/5 1337/3727/5 3805/3728/5
f 5214/3729/5 2831/3730/5 911/3731/5 3806/3732/5
f 5213/3733/5 3807/3734/5 910/3735/5 2062/3736/5
f 5212/3737/5 3808/3738/5 1338/3739/5 3809/3740/5
f 5211/3741/5 2644/3742/5 724/3743/5 3810/3744/5
f 5210/3745/5 3811/3746/5 909/3747/5 2061/3748/5
f 5209/3749/5 3812/3750/5 1339/3751/5 3813/3752/5
f 5208/3753/5 2828/3754/5 908/3755/5 3814/3756/5
f 5207/3757/5 3815/3758/5 533/3759/5 1685/3760/5
f 5206/3761/5 3816/3762/5 1340/3763/5 3817/3764/5
f 5205/3765/5 2827/3766/5 907/3767/5 3818/3768/5
f 5204/3769/5 3819/3770/5 906/3771/5 2058/3772/5
f 5203/3773/5 3820/3774/5 1341/3775/5 3821/3776/5
f 5202/3777/5 1546/3778/5 394/3779/5 3822/3780/5
f 5201/3781/5 3823/3782/5 905/3783/5 2057/3784/5
f 5200/3785/5 3824/3786/5 1342/3787/5 3825/3788/5
f 5199/3789/5 2824/3790/5 904/3791/5 3826/3792/5
f 5198/3793/5 3827/3794/5 534/3795/5 1686/3796/5
f 5197/3797/5 3828/3798/5 1343/3799/5 3829/3800/5
f 5196/3801/5 2823/3802/5 903/3803/5 3830/3804/5
f 5195/3805/5 3831/3806/5 902/3807/5 2054/3808/5
f 5194/3809/5 3832/3810/5 1344/3811/5 3833/3812/5
f 5193/3813/5 2647/3814/5 727/3815/5 3834/3816/5
f 5192/3817/5 3835/3818/5 901/3819/5 2053/3820/5
f 5191/3821/5 3836/3822/5 1345/3823/5 3837/3824/5
f 5190/3825/5 2820/3826/5 900/3827/5 3838/3828/5
f 5189/3829/5 3839/3830/5 417/3831/5 1569/3832/5
f 5188/3833/5 3840/3834/5 1346/3835/5 3841/3836/5
f 5187/3837/5 2819/3838/5 899/3839/5 3842/3840/5
f 5186/3841/5 3843/3842/5 898/3843/5 2050/3844/5
f 5185/3845/5 3844/3846/5 1347/3847/5 3845/3848/5
f 5184/3849/5 2648/3850/5 728/3851/5 3846/3852/5
f 5183/3853/5 3847/3854/5 897/3855/5 2049/3856/5
f 5182/3857/5 3848/3858/5 1348/3859/5 3849/3860/5
f 5181/3861/5 2816/3862/5 896/3863/5 3850/3864/5
f 5180/3865/5 3851/3866/5 537/3867/5 1689/3868/5
f 5179/3869/5 3852/3870/5 1349/3871/5 3853/3872/5
f 5178/3873/5 2815/3874/5 895/3875/5 3854/3876/5
f 5177/3877/5 3855/3878/5 894/3879/5 2046/3880/5
f 5176/3881/5 3856/3882/5 1350/3883/5 3857/3884/5
f 5175/3885/5 2576/3886/5 656/3887/5 3858/3888/5
f 5174/3889/5 3859/3890/5 893/3891/5 2045/3892/5
f 5173/3893/5 3860/3894/5 1351/3895/5 3861/3896/5
f 5172/3897/5 2812/3898/5 892/3899/5 3862/3900/5
f 5171/3901/5 3863/3902/5 538/3903/5 1690/3904/5
f 5170/3905/5 3864/3906/5 1352/3907/5 3865/3908/5
f 5169/3909/5 2811/3910/5 891/3911/5 3866/3912/5
f 5168/3913/5 3867/3914/5 890/3915/5 2042/3916/5
f 5167/3917/5 3868/3918/5 1353/3919/5 3869/3920/5
f 5166/3921/5 2651/3922/5 731/3923/5 3870/3924/5
f 5165/3925/5 3871/3926/5 889/3927/5 2041/3928/5
f 5164/3929/5 3872/3930/5 1354/3931/5 3873/3932/5
f 5163/3933/5 2808/3934/5 888/3935/5 3874/3936/5
f 5162/3937/5 3875/3938/5 649/3939/5 2569/3940/5
f 5161/3941/5 3876/3942/5 1355/3943/5 3877/3944/5
f 5160/3945/5 2807/3946/5 887/3947/5 3878/3948/5
f 5159/3949/5 3879/3950/5 886/3951/5 2038/3952/5
f 5158/3953/5 3880/3954/5 1356/3955/5 3881/3956/5
f 5157/3957/5 2652/3958/5 732/3959/5 3882/3960/5
f 5156/3961/5 3883/3962/5 885/3963/5 2037/3964/5
f 5155/3965/5 3884/3966/5 1357/3967/5 3885/3968/5
f 5154/3969/5 2804/3970/5 884/3971/5 3886/3972/5
f 5153/3973/5 3887/3974/5 541/3975/5 1693/3976/5
f 5152/3977/5 3888/3978/5 1358/3979/5 3889/3980/5
f 5151/3981/5 2803/3982/5 883/3983/5 3890/3984/5
f 5150/3985/5 3891/3986/5 882/3987/5 2034/3988/5
f 5149/3989/5 3892/3990/5 1359/3991/5 3893/3992/5
f 5148/3993/5 2575/3994/5 655/3995/5 3894/3996/5
f 5147/3997/5 3895/3998/5 881/3999/5 2033/4000/5
f 5146/4001/5 3896/4002/5 1360/4003/5 3897/4004/5
f 5145/4005/5 2800/4006/5 880/4007/5 3898/4008/5
f 5144/4009/5 3899/4010/5 542/4011/5 1694/4012/5
f 5143/4013/5 3900/4014/5 1361/4015/5 3901/4016/5
f 5142/4017/5 2799/4018/5 879/4019/5 3902/4020/5
f 5135/4045/6 3911/4046/6 414/4047/6 1566/4048/6
f 5134/4049/6 3912/4050/6 1364/4051/6 3913/4052/6
f 5133/4053/6 2795/4054/6 875/4055/6 3914/4056/6
f 5131/4061/6 3916/4062/6 1365/4063/6 3917/4064/6
f 5130/4065/6 2656/4066/6 736/4067/6 3918/4068/6
f 5128/4073/6 3920/4074/6 1366/4075/6 3921/4076/6
f 5127/4077/6 2792/4078/6 872/4079/6 3922/4080/6
f 5123/4093/6 3927/4094/6 870/4095/6 2022/4096/6
f 5122/4097/6 3928/4098/6 1368/4099/6 3929/4100/6
f 5121/4101/6 1541/4102/6 389/4103/6 3930/4104/6
f 5119/4109/6 3932/4110/6 1369/4111/6 3933/4112/6
f 5118/4113/6 2788/4114/6 868/4115/6 3934/4116/6
f 5114/4129/6 3939/4130/6 866/4131/6 2018/4132/6
f 5113/4133/6 3940/4134/6 1371/4135/6 3941/4136/6
f 5112/4137/6 2659/4138/6 739/4139/6 3942/4140/6
f 5111/4141/6 3943/4142/6 865/4143/6 2017/4144/6
f 5110/4145/6 3944/4146/6 1372/4147/6 3945/4148/6
f 5109/4149/6 2784/4150/6 864/4151/6 3946/4152/6
f 5108/4153/6 3947/4154/6 413/4155/6 1565/4156/6
f 5107/4157/6 3948/4158/6 1373/4159/6 3949/4160/6
f 5106/4161/6 2783/4162/6 863/4163/6 3950/4164/6
f 5105/4165/6 3951/4166/6 862/4167/6 2014/4168/6
f 5104/4169/6 3952/4170/6 1374/4171/6 3953/4172/6
f 5103/4173/6 2660/4174/6 740/4175/6 3954/4176/6
f 5102/4177/6 3955/4178/6 861/4179/6 2013/4180/6
f 5101/4181/6 3956/4182/6 1375/4183/6 3957/4184/6
f 5100/4185/6 2780/4186/6 860/4187/6 3958/4188/6
f 5099/4189/6 3959/4190/6 549/4191/6 1701/4192/6
f 5098/4193/6 3960/4194/6 1376/4195/6 3961/4196/6
f 5097/4197/6 2779/4198/6 859/4199/6 3962/4200/6
f 5095/4205/6 3964/4206/6 1377/4207/6 3965/4208/6
f 5094/4209/6 2572/4210/6 652/4211/6 3966/4212/6
f 5093/4213/6 3967/4214/6 857/4215/6 2009/4216/6
f 5092/4217/6 3968/4218/6 1378/4219/6 3969/4220/6
f 5091/4221/6 2776/4222/6 856/4223/6 3970/4224/6
f 5090/4225/6 3971/4226/6 550/4227/6 1702/4228/6
f 5089/4229/6 3972/4230/6 1379/4231/6 3973/4232/6
f 5087/4237/6 3975/4238/6 854/4239/6 2006/4240/6
f 5086/4241/6 3976/4242/6 1380/4243/6 3977/4244/6
f 5085/4245/6 2663/4246/6 743/4247/6 3978/4248/6
f 5084/4249/6 3979/4250/6 853/4251/6 2005/4252/6
f 5083/4253/6 3980/4254/6 1381/4255/6 3981/4256/6
f 5082/4257/6 2772/4258/6 852/4259/6 3982/4260/6
f 5081/4261/6 3983/4262/6 650/4263/6 2570/4264/6
f 5080/4265/6 3984/4266/6 1382/4267/6 3985/4268/6
f 5079/4269/6 2771/4270/6 851/4271/6 3986/4272/6
f 5078/4273/6 3987/4274/6 850/4275/6 2002/4276/6
f 5077/4277/6 3988/4278/6 1383/4279/6 3989/4280/6
f 5076/4281/6 2664/4282/6 744/4283/6 3990/4284/6
f 5075/4285/6 3991/4286/6 849/4287/6 2001/4288/6
f 5074/4289/6 3992/4290/6 1384/4291/6 3993/4292/6
f 5073/4293/6 2768/4294/6 848/4295/6 3994/4296/6
f 5072/4297/6 3995/4298/6 553/4299/6 1705/4300/6
f 5071/4301/6 3996/4302/6 1385/4303/6 3997/4304/6
f 5070/4305/6 2767/4306/6 847/4307/6 3998/4308/6
f 5069/4309/6 3999/4310/6 846/4311/6 1998/4312/6
f 5068/4313/6 4000/4314/6 1386/4315/6 4001/4316/6
f 5067/4317/6 2571/4318/6 651/4319/6 4002/4320/6
f 5066/4321/6 4003/4322/6 845/4323/6 1997/4324/6
f 5065/4325/6 4004/4326/6 1387/4327/6 4005/4328/6
f 5064/4329/6 2764/4330/6 844/4331/6 4006/4332/6
f 5063/4333/6 4007/4334/6 554/4335/6 1706/4336/6
f 5062/4337/6 4008/4338/6 1388/4339/6 4009/4340/6
f 5061/4341/6 2763/4342/6 843/4343/6 4010/4344/6
f 5060/4345/6 4011/4346/6 842/4347/6 1994/4348/6
f 5059/4349/6 4012/4350/6 1389/4351/6 4013/4352/6
f 5058/4353/6 2667/4354/6 747/4355/6 4014/4356/6
f 5057/4357/6 4015/4358/6 841/4359/6 1993/4360/6
f 5056/4361/6 4016/4362/6 1390/4363/6 4017/4364/6
f 5055/4365/6 2760/4366/6 840/4367/6 4018/4368/6
f 5054/4369/6 4019/4370/6 638/4371/6 2558/4372/6
f 5053/4373/6 4020/4374/6 1391/4375/6 4021/4376/6
f 5052/4377/6 2759/4378/6 839/4379/6 4022/4380/6
f 5051/4381/6 4023/4382/6 838/4383/6 1990/4384/6
f 5050/4385/6 4024/4386/6 1392/4387/6 4025/4388/6
f 5049/4389/6 2668/4390/6 748/4391/6 4026/4392/6
f 5048/4393/6 4027/4394/6 837/4395/6 1989/4396/6
f 5047/4397/6 4028/4398/6 1393/4399/6 4029/4400/6
f 5046/4401/6 2756/4402/6 836/4403/6 4030/4404/6
f 5045/4405/6 4031/4406/6 557/4407/6 1709/4408/6
f 5044/4409/6 4032/4410/6 1394/4411/6 4033/4412/6
f 5043/4413/6 2755/4414/6 835/4415/6 4034/4416/6
f 5042/4417/6 4035/4418/6 834/4419/6 1986/4420/6
f 5041/4421/6 4036/4422/6 1395/4423/6 4037/4424/6
f 5040/4425/6 1553/4426/6 401/4427/6 4038/4428/6
f 5039/4429/6 4039/4430/6 833/4431/6 1985/4432/6
f 5038/4433/6 4040/4434/6 1396/4435/6 4041/4436/6
f 5037/4437/6 2752/4438/6 832/4439/6 4042/4440/6
f 5036/4441/6 4043/4442/6 558/4443/6 1710/4444/6
f 5035/4445/6 4044/4446/6 1397/4447/6 4045/4448/6
f 5034/4449/6 2751/4450/6 831/4451/6 4046/4452/6
f 5033/4453/5 4047/4454/5 830/4455/5 1982/4456/5
f 5032/4457/5 4048/4458/5 1398/4459/5 4049/4460/5
f 5031/4461/5 2671/4462/5 751/4463/5 4050/4464/5
f 5030/4465/5 4051/4466/5 829/4467/5 1981/4468/5
f 5029/4469/5 4052/4470/5 1399/4471/5 4053/4472/5
f 5028/4473/5 2748/4474/5 828/4475/5 4054/4476/5
f 5027/4477/5 4055/4478/5 637/4479/5 2557/4480/5
f 5026/4481/5 4056/4482/5 1400/4483/5 4057/4484/5
f 5025/4485/5 2747/4486/5 827/4487/5 4058/4488/5
f 5024/4489/5 4059/4490/5 826/4491/5 1978/4492/5
f 5023/4493/5 4060/4494/5 1401/4495/5 4061/4496/5
f 5022/4497/5 2672/4498/5 752/4499/5 4062/4500/5
f 5021/4501/5 4063/4502/5 825/4503/5 1977/4504/5
f 5020/4505/5 4064/4506/5 1402/4507/5 4065/4508/5
f 5019/4509/5 2744/4510/5 824/4511/5 4066/4512/5
f 5018/4513/5 4067/4514/5 561/4515/5 1713/4516/5
f 5017/4517/5 4068/4518/5 1403/4519/5 4069/4520/5
f 5016/4521/5 2743/4522/5 823/4523/5 4070/4524/5
f 5015/4525/5 4071/4526/5 822/4527/5 1974/4528/5
f 5014/4529/5 4072/4530/5 1404/4531/5 4073/4532/5
f 5013/4533/5 1558/4534/5 406/4535/5 4074/4536/5
f 5012/4537/5 4075/4538/5 821/4539/5 1973/4540/5
f 5011/4541/5 4076/4542/5 1405/4543/5 4077/4544/5
f 5010/4545/5 2740/4546/5 820/4547/5 4078/4548/5
f 5009/4549/5 4079/4550/5 562/4551/5 1714/4552/5
f 5008/4553/5 4080/4554/5 1406/4555/5 4081/4556/5
f 5007/4557/5 2739/4558/5 819/4559/5 4082/4560/5
f 5006/4561/4 4083/4562/4 818/4563/4 1970/4564/4
f 5005/4565/4 4084/4566/4 1407/4567/4 4085/4568/4
f 5004/4569/4 2675/4570/4 755/4571/4 4086/4572/4
f 5003/4573/4 4087/4574/4 817/4575/4 1969/4576/4
f 5002/4577/4 4088/4578/4 1408/4579/4 4089/4580/4
f 5001/4581/4 2736/4582/4 816/4583/4 4090/4584/4
f 5000/4585/4 4091/4586/4 628/4587/4 2548/4588/4
f 4999/4589/4 4092/4590/4 1409/4591/4 4093/4592/4
f 4998/4593/4 2735/4594/4 815/4595/4 4094/4596/4
f 4997/4597/4 4095/4598/4 814/4599/4 1966/4600/4
f 4996/4601/4 4096/4602/4 1410/4603/4 4097/4604/4
f 4995/4605/4 2676/4606/4 756/4607/4 4098/4608/4
f 4994/4609/4 4099/4610/4 813/4611/4 1965/4612/4
f 4993/4613/4 4100/4614/4 1411/4615/4 4101/4616/4
f 4992/4617/4 2732/4618/4 812/4619/4 4102/4620/4
f 4991/4621/4 4103/4622/4 565/4623/4 1717/4624/4
f 4990/4625/4 4104/4626/4 1412/4627/4 4105/4628/4
f 4989/4629/4 2731/4630/4 811/4631/4 4106/4632/4
f 4986/4641/4 2558/4642/4 638/4643/4 4110/4644/4
f 4985/4645/4 4111/4646/4 809/4647/4 1961/4648/4
f 4984/4649/4 4112/4650/4 1414/4651/4 4113/4652/4
f 4982/4657/4 4115/4658/4 566/4659/4 1718/4660/4
f 4981/4661/4 4116/4662/4 1415/4663/4 4117/4664/4
f 4979/4669/3 4119/4670/3 806/4671/3 1958/4672/3
f 4978/4673/3 4120/4674/3 1416/4675/3 4121/4676/3
f 4977/4677/3 2679/4678/3 759/4679/3 4122/4680/3
f 4976/4681/3 4123/4682/3 805/4683/3 1957/4684/3
f 4975/4685/3 4124/4686/3 1417/4687/3 4125/4688/3
f 4974/4689/3 2724/4690/3 804/4691/3 4126/4692/3
f 4973/4693/3 4127/4694/3 408/4695/3 1560/4696/3
f 4972/4697/3 4128/4698/3 1418/4699/3 4129/4700/3
f 4971/4701/3 2723/4702/3 803/4703/3 4130/4704/3
f 4970/4705/3 4131/4706/3 802/4707/3 1954/4708/3
f 4969/4709/3 4132/4710/3 1419/4711/3 4133/4712/3
f 4968/4713/3 2680/4714/3 760/4715/3 4134/4716/3
f 4967/4717/3 4135/4718/3 801/4719/3 1953/4720/3
f 4966/4721/3 4136/4722/3 1420/4723/3 4137/4724/3
f 4965/4725/3 2720/4726/3 800/4727/3 4138/4728/3
f 4964/4729/3 4139/4730/3 569/4731/3 1721/4732/3
f 4963/4733/3 4140/4734/3 1421/4735/3 4141/4736/3
f 4962/4737/3 2719/4738/3 799/4739/3 4142/4740/3
f 4959/4749/3 2555/4750/3 635/4751/3 4146/4752/3
f 4958/4753/3 4147/4754/3 797/4755/3 1949/4756/3
f 4957/4757/3 4148/4758/3 1423/4759/3 4149/4760/3
f 4955/4765/3 4151/4766/3 570/4767/3 1722/4768/3
f 4954/4769/3 4152/4770/3 1424/4771/3 4153/4772/3
f 4952/4777/2 4155/4778/2 794/4779/2 1946/4780/2
f 4951/4781/2 4156/4782/2 1425/4783/2 4157/4784/2
f 4950/4785/2 2683/4786/2 763/4787/2 4158/4788/2
f 4949/4789/2 4159/4790/2 793/4791/2 1945/4792/2
f 4948/4793/2 4160/4794/2 1426/4795/2 4161/4796/2
f 4947/4797/2 2712/4798/2 792/4799/2 4162/4800/2
f 4946/4801/2 4163/4802/2 405/4803/2 1557/4804/2
f 4945/4805/2 4164/4806/2 1427/4807/2 4165/4808/2
f 4944/4809/2 2711/4810/2 791/4811/2 4166/4812/2
f 4943/4813/2 4167/4814/2 790/4815/2 1942/4816/2
f 4942/4817/2 4168/4818/2 1428/4819/2 4169/4820/2
f 4941/4821/2 2684/4822/2 764/4823/2 4170/4824/2
f 4940/4825/2 4171/4826/2 789/4827/2 1941/4828/2
f 4939/4829/2 4172/4830/2 1429/4831/2 4173/4832/2
f 4938/4833/2 2708/4834/2 788/4835/2 4174/4836/2
f 4937/4837/2 4175/4838/2 573/4839/2 1725/4840/2
f 4936/4841/2 4176/4842/2 1430/4843/2 4177/4844/2
f 4935/4845/2 2707/4846/2 787/4847/2 4178/4848/2
f 4932/4857/2 2552/4858/2 632/4859/2 4182/4860/2
f 4931/4861/2 4183/4862/2 785/4863/2 1937/4864/2
f 4930/4865/2 4184/4866/2 1432/4867/2 4185/4868/2
f 4928/4873/2 4187/4874/2 574/4875/2 1726/4876/2
f 4927/4877/2 4188/4878/2 1433/4879/2 4189/4880/2
f 4925/4885/1 4191/4886/1 782/4887/1 1934/4888/1
f 4924/4889/1 4192/4890/1 1434/4891/1 4193/4892/1
f 4923/4893/1 2687/4894/1 767/4895/1 4194/4896/1
f 4922/4897/1 4195/4898/1 781/4899/1 1933/4900/1
f 4921/4901/1 4196/4902/1 1435/4903/1 4197/4904/1
f 4920/4905/1 2700/4906/1 780/4907/1 4198/4908/1
f 4919/4909/1 4199/4910/1 402/4911/1 1554/4912/1
f 4918/4913/1 4200/4914/1 1436/4915/1 4201/4916/1
f 4917/4917/1 2699/4918/1 779/4919/1 4202/4920/1
f 4916/4921/1 4203/4922/1 778/4923/1 1930/4924/1
f 4915/4925/1 4204/4926/1 1437/4927/1 4205/4928/1
f 4914/4929/1 2688/4930/1 768/4931/1 4206/4932/1
f 4913/4933/1 4207/4934/1 777/4935/1 1929/4936/1
f 4912/4937/1 4208/4938/1 1438/4939/1 4209/4940/1
f 4911/4941/1 2696/4942/1 776/4943/1 4210/4944/1
f 4910/4945/1 4211/4946/1 577/4947/1 1729/4948/1
f 4909/4949/1 4212/4950/1 1439/4951/1 4213/4952/1
f 4908/4953/1 2695/4954/1 775/4955/1 4214/4956/1
f 4905/4965/1 2549/4966/1 629/4967/1 4218/4968/1
f 4904/4969/1 4219/4970/1 773/4971/1 1925/4972/1
f 4903/4973/1 4220/4974/1 1441/4975/1 4221/4976/1
f 4901/4981/1 4223/4982/1 578/4983/1 1730/4984/1
f 4900/4985/1 4224/4986/1 1442/4987/1 4225/4988/1
f 4896/5001/1 2357/5002/1 437/5003/1 4230/5004/1
f 4895/5005/1 4231/5006/1 769/5007/1 1921/5008/1
f 4894/5009/1 4232/5010/1 1444/5011/1 4233/5012/1
f 4893/5013/1 2496/5014/1 576/5015/1 4234/5016/1
f 4892/5017/1 4235/5018/1 594/5019/1 1746/5020/1
f 4891/5021/1 4236/5022/1 1445/5023/1 4237/5024/1
f 4890/5025/1 2495/5026/1 575/5027/1 4238/5028/1
f 4887/5037/2 2360/5038/2 440/5039/2 4242/5040/2
f 4886/5041/2 4243/5042/2 765/5043/2 1917/5044/2
f 4885/5045/2 4244/5046/2 1447/5047/2 4245/5048/2
f 4884/5049/2 2492/5050/2 572/5051/2 4246/5052/2
f 4883/5053/2 4247/5054/2 597/5055/2 1749/5056/2
f 4882/5057/2 4248/5058/2 1448/5059/2 4249/5060/2
f 4881/5061/2 2491/5062/2 571/5063/2 4250/5064/2
f 4878/5073/3 2363/5074/3 443/5075/3 4254/5076/3
f 4877/5077/3 4255/5078/3 761/5079/3 1913/5080/3
f 4876/5081/3 4256/5082/3 1450/5083/3 4257/5084/3
f 4875/5085/3 2488/5086/3 568/5087/3 4258/5088/3
f 4874/5089/3 4259/5090/3 600/5091/3 1752/5092/3
f 4873/5093/3 4260/5094/3 1451/5095/3 4261/5096/3
f 4872/5097/3 2487/5098/3 567/5099/3 4262/5100/3
f 4869/5109/4 2366/5110/4 446/5111/4 4266/5112/4
f 4868/5113/4 4267/5114/4 757/5115/4 1909/5116/4
f 4867/5117/4 4268/5118/4 1453/5119/4 4269/5120/4
f 4866/5121/4 2484/5122/4 564/5123/4 4270/5124/4
f 4865/5125/4 4271/5126/4 436/5127/4 2356/5128/4
f 4864/5129/4 4272/5130/4 1454/5131/4 4273/5132/4
f 4863/5133/4 2483/5134/4 563/5135/4 4274/5136/4
f 4862/5137/5 4275/5138/5 754/5139/5 1906/5140/5
f 4861/5141/5 4276/5142/5 1455/5143/5 4277/5144/5
f 4860/5145/5 1750/5146/5 598/5147/5 4278/5148/5
f 4859/5149/5 4279/5150/5 753/5151/5 1905/5152/5
f 4858/5153/5 4280/5154/5 1456/5155/5 4281/5156/5
f 4857/5157/5 2480/5158/5 560/5159/5 4282/5160/5
f 4856/5161/5 4283/5162/5 445/5163/5 2365/5164/5
f 4855/5165/5 4284/5166/5 1457/5167/5 4285/5168/5
f 4854/5169/5 2479/5170/5 559/5171/5 4286/5172/5
f 4853/5173/6 4287/5174/6 750/5175/6 1902/5176/6
f 4852/5177/6 4288/5178/6 1458/5179/6 4289/5180/6
f 4851/5181/6 1745/5182/6 593/5183/6 4290/5184/6
f 4850/5185/6 4291/5186/6 749/5187/6 1901/5188/6
f 4849/5189/6 4292/5190/6 1459/5191/6 4293/5192/6
f 4848/5193/6 2476/5194/6 556/5195/6 4294/5196/6
f 4847/5197/6 4295/5198/6 446/5199/6 2366/5200/6
f 4846/5201/6 4296/5202/6 1460/5203/6 4297/5204/6
f 4845/5205/6 2475/5206/6 555/5207/6 4298/5208/6
f 4844/5209/6 4299/5210/6 746/5211/6 1898/5212/6
f 4843/5213/6 4300/5214/6 1461/5215/6 4301/5216/6
f 4842/5217/6 2379/5218/6 459/5219/6 4302/5220/6
f 4841/5221/6 4303/5222/6 745/5223/6 1897/5224/6
f 4840/5225/6 4304/5226/6 1462/5227/6 4305/5228/6
f 4839/5229/6 2472/5230/6 552/5231/6 4306/5232/6
f 4838/5233/6 4307/5234/6 458/5235/6 2378/5236/6
f 4837/5237/6 4308/5238/6 1463/5239/6 4309/5240/6
f 4836/5241/6 2471/5242/6 551/5243/6 4310/5244/6
f 4832/5257/6 4315/5258/6 741/5259/6 1893/5260/6
f 4831/5261/6 4316/5262/6 1465/5263/6 4317/5264/6
f 4830/5265/6 2468/5266/6 548/5267/6 4318/5268/6
f 4829/5269/6 4319/5270/6 605/5271/6 1757/5272/6
f 4828/5273/6 4320/5274/6 1466/5275/6 4321/5276/6
f 4827/5277/6 2467/5278/6 547/5279/6 4322/5280/6
f 4826/5281/6 4323/5282/6 738/5283/6 1890/5284/6
f 4825/5285/6 4324/5286/6 1467/5287/6 4325/5288/6
f 4824/5289/6 1733/5290/6 581/5291/6 4326/5292/6
f 4820/5305/6 4331/5306/6 606/5307/6 1758/5308/6
f 4819/5309/6 4332/5310/6 1469/5311/6 4333/5312/6
f 4818/5313/6 2463/5314/6 543/5315/6 4334/5316/6
f 4817/5317/5 4335/5318/5 734/5319/5 1886/5320/5
f 4816/5321/5 4336/5322/5 1470/5323/5 4337/5324/5
f 4815/5325/5 2383/5326/5 463/5327/5 4338/5328/5
f 4814/5329/5 4339/5330/5 733/5331/5 1885/5332/5
f 4813/5333/5 4340/5334/5 1471/5335/5 4341/5336/5
f 4812/5337/5 2460/5338/5 540/5339/5 4342/5340/5
f 4811/5341/5 4343/5342/5 457/5343/5 2377/5344/5
f 4810/5345/5 4344/5346/5 1472/5347/5 4345/5348/5
f 4809/5349/5 2459/5350/5 539/5351/5 4346/5352/5
f 4808/5353/5 4347/5354/5 730/5355/5 1882/5356/5
f 4807/5357/5 4348/5358/5 1473/5359/5 4349/5360/5
f 4806/5361/5 2384/5362/5 464/5363/5 4350/5364/5
f 4805/5365/5 4351/5366/5 729/5367/5 1881/5368/5
f 4804/5369/5 4352/5370/5 1474/5371/5 4353/5372/5
f 4803/5373/5 2456/5374/5 536/5375/5 4354/5376/5
f 4802/5377/5 4355/5378/5 609/5379/5 1761/5380/5
f 4801/5381/5 4356/5382/5 1475/5383/5 4357/5384/5
f 4800/5385/5 2455/5386/5 535/5387/5 4358/5388/5
f 4799/5389/5 4359/5390/5 726/5391/5 1878/5392/5
f 4798/5393/5 4360/5394/5 1476/5395/5 4361/5396/5
f 4797/5397/5 1738/5398/5 586/5399/5 4362/5400/5
f 4796/5401/5 4363/5402/5 725/5403/5 1877/5404/5
f 4795/5405/5 4364/5406/5 1477/5407/5 4365/5408/5
f 4794/5409/5 2452/5410/5 532/5411/5 4366/5412/5
f 4793/5413/5 4367/5414/5 610/5415/5 1762/5416/5
f 4792/5417/5 4368/5418/5 1478/5419/5 4369/5420/5
f 4791/5421/5 2451/5422/5 531/5423/5 4370/5424/5
f 4790/5425/4 4371/5426/4 722/5427/4 1874/5428/4
f 4789/5429/4 4372/5430/4 1479/5431/4 4373/5432/4
f 4788/5433/4 2387/5434/4 467/5435/4 4374/5436/4
f 4785/5445/4 2448/5446/4 528/5447/4 4378/5448/4
f 4782/5457/4 2447/5458/4 527/5459/4 4382/5460/4
f 4781/5461/4 4383/5462/4 718/5463/4 1870/5464/4
f 4780/5465/4 4384/5466/4 1482/5467/4 4385/5468/4
f 4779/5469/4 2388/5470/4 468/5471/4 4386/5472/4
f 4776/5481/4 2444/5482/4 524/5483/4 4390/5484/4
f 4773/5493/4 2443/5494/4 523/5495/4 4394/5496/4
f 4770/5505/4 2378/5506/4 458/5507/4 4398/5508/4
f 4769/5509/4 4399/5510/4 713/5511/4 1865/5512/4
f 4768/5513/4 4400/5514/4 1486/5515/4 4401/5516/4
f 4767/5517/4 2440/5518/4 520/5519/4 4402/5520/4
f 4766/5521/4 4403/5522/4 614/5523/4 1766/5524/4
f 4765/5525/4 4404/5526/4 1487/5527/4 4405/5528/4
f 4764/5529/4 2439/5530/4 519/5531/4 4406/5532/4
f 4763/5533/3 4407/5534/3 710/5535/3 1862/5536/3
f 4762/5537/3 4408/5538/3 1488/5539/3 4409/5540/3
f 4761/5541/3 2391/5542/3 471/5543/3 4410/5544/3
f 4758/5553/3 2436/5554/3 516/5555/3 4414/5556/3
f 4755/5565/3 2435/5566/3 515/5567/3 4418/5568/3
f 4754/5569/3 4419/5570/3 706/5571/3 1858/5572/3
f 4753/5573/3 4420/5574/3 1491/5575/3 4421/5576/3
f 4752/5577/3 2392/5578/3 472/5579/3 4422/5580/3
f 4749/5589/3 2432/5590/3 512/5591/3 4426/5592/3
f 4746/5601/3 2431/5602/3 511/5603/3 4430/5604/3
f 4743/5613/3 2375/5614/3 455/5615/3 4434/5616/3
f 4742/5617/3 4435/5618/3 701/5619/3 1853/5620/3
f 4741/5621/3 4436/5622/3 1495/5623/3 4437/5624/3
f 4740/5625/3 2428/5626/3 508/5627/3 4438/5628/3
f 4739/5629/3 4439/5630/3 618/5631/3 1770/5632/3
f 4738/5633/3 4440/5634/3 1496/5635/3 4441/5636/3
f 4737/5637/3 2427/5638/3 507/5639/3 4442/5640/3
f 4736/5641/2 4443/5642/2 698/5643/2 1850/5644/2
f 4735/5645/2 4444/5646/2 1497/5647/2 4445/5648/2
f 4734/5649/2 2395/5650/2 475/5651/2 4446/5652/2
f 4731/5661/2 2424/5662/2 504/5663/2 4450/5664/2
f 4728/5673/2 2423/5674/2 503/5675/2 4454/5676/2
f 4727/5677/2 4455/5678/2 694/5679/2 1846/5680/2
f 4726/5681/2 4456/5682/2 1500/5683/2 4457/5684/2
f 4725/5685/2 2396/5686/2 476/5687/2 4458/5688/2
f 4722/5697/2 2420/5698/2 500/5699/2 4462/5700/2
f 4719/5709/2 2419/5710/2 499/5711/2 4466/5712/2
f 4716/5721/2 2372/5722/2 452/5723/2 4470/5724/2
f 4715/5725/2 4471/5726/2 689/5727/2 1841/5728/2
f 4714/5729/2 4472/5730/2 1504/5731/2 4473/5732/2
f 4713/5733/2 2416/5734/2 496/5735/2 4474/5736/2
f 4712/5737/2 4475/5738/2 622/5739/2 1774/5740/2
f 4711/5741/2 4476/5742/2 1505/5743/2 4477/5744/2
f 4710/5745/2 2415/5746/2 495/5747/2 4478/5748/2
f 4709/5749/1 4479/5750/1 686/5751/1 1838/5752/1
f 4708/5753/1 4480/5754/1 1506/5755/1 4481/5756/1
f 4707/5757/1 2399/5758/1 479/5759/1 4482/5760/1
f 4704/5769/1 2412/5770/1 492/5771/1 4486/5772/1
f 4701/5781/1 2411/5782/1 491/5783/1 4490/5784/1
f 4700/5785/1 4491/5786/1 682/5787/1 1834/5788/1
f 4699/5789/1 4492/5790/1 1509/5791/1 4493/5792/1
f 4698/5793/1 2400/5794/1 480/5795/1 4494/5796/1
f 4695/5805/1 2408/5806/1 488/5807/1 4498/5808/1
f 4692/5817/1 2407/5818/1 487/5819/1 4502/5820/1
f 4689/5829/1 2369/5830/1 449/5831/1 4506/5832/1
f 4688/5833/1 4507/5834/1 677/5835/1 1829/5836/1
f 4687/5837/1 4508/5838/1 1513/5839/1 4509/5840/1
f 4686/5841/1 2404/5842/1 484/5843/1 4510/5844/1
f 4685/5845/1 4511/5846/1 626/5847/1 1778/5848/1
f 4684/5849/1 4512/5850/1 1514/5851/1 4513/5852/1
f 4683/5853/1 2403/5854/1 483/5855/1 4514/5856/1
f 4680/5865/1 2321/5866/1 401/5867/1 4518/5868/1
f 4679/5869/1 4519/5870/1 673/5871/1 1825/5872/1
f 4678/5873/1 4520/5874/1 1516/5875/1 4521/5876/1
f 4677/5877/1 2352/5878/1 432/5879/1 4522/5880/1
f 4676/5881/1 4523/5882/1 630/5883/1 1782/5884/1
f 4675/5885/1 4524/5886/1 1517/5887/1 4525/5888/1
f 4674/5889/1 2351/5890/1 431/5891/1 4526/5892/1
f 4671/5901/2 2324/5902/2 404/5903/2 4530/5904/2
f 4670/5905/2 4531/5906/2 669/5907/2 1821/5908/2
f 4669/5909/2 4532/5910/2 1519/5911/2 4533/5912/2
f 4668/5913/2 2348/5914/2 428/5915/2 4534/5916/2
f 4667/5917/2 4535/5918/2 633/5919/2 1785/5920/2
f 4666/5921/2 4536/5922/2 1520/5923/2 4537/5924/2
f 4665/5925/2 2347/5926/2 427/5927/2 4538/5928/2
f 4662/5937/3 2327/5938/3 407/5939/3 4542/5940/3
f 4661/5941/3 4543/5942/3 665/5943/3 1817/5944/3
f 4660/5945/3 4544/5946/3 1522/5947/3 4545/5948/3
f 4659/5949/3 2344/5950/3 424/5951/3 4546/5952/3
f 4658/5953/3 4547/5954/3 636/5955/3 1788/5956/3
f 4657/5957/3 4548/5958/3 1523/5959/3 4549/5960/3
f 4656/5961/3 2343/5962/3 423/5963/3 4550/5964/3
f 4653/5973/4 2330/5974/4 410/5975/4 4554/5976/4
f 4652/5977/4 4555/5978/4 661/5979/4 1813/5980/4
f 4651/5981/4 4556/5982/4 1525/5983/4 4557/5984/4
f 4650/5985/4 2340/5986/4 420/5987/4 4558/5988/4
f 4649/5989/4 4559/5990/4 400/5991/4 2320/5992/4
f 4648/5993/4 4560/5994/4 1526/5995/4 4561/5996/4
f 4647/5997/4 2339/5998/4 419/5999/4 4562/6000/4
f 4646/6001/5 4563/6002/5 658/6003/5 1810/6004/5
f 4645/6005/5 4564/6006/5 1527/6007/5 4565/6008/5
f 4644/6009/5 1786/6010/5 634/6011/5 4566/6012/5
f 4643/6013/5 4567/6014/5 657/6015/5 1809/6016/5
f 4642/6017/5 4568/6018/5 1528/6019/5 4569/6020/5
f 4641/6021/5 2336/6022/5 416/6023/5 4570/6024/5
f 4640/6025/5 4571/6026/5 409/6027/5 2329/6028/5
f 4639/6029/5 4572/6030/5 1529/6031/5 4573/6032/5
f 4638/6033/5 2335/6034/5 415/6035/5 4574/6036/5
f 4637/6037/6 4575/6038/6 654/6039/6 1806/6040/6
f 4636/6041/6 4576/6042/6 1530/6043/6 4577/6044/6
f 4635/6045/6 1781/6046/6 629/6047/6 4578/6048/6
f 4634/6049/6 4579/6050/6 653/6051/6 1805/6052/6
f 4633/6053/6 4580/6054/6 1531/6055/6 4581/6056/6
f 4632/6057/6 2332/6058/6 412/6059/6 4582/6060/6
f 4631/6061/6 4583/6062/6 410/6063/6 2330/6064/6
f 4630/6065/6 4584/6066/6 1532/6067/6 4585/6068/6
f 4629/6069/6 2331/6070/6 411/6071/6 4586/6072/6
f 4628/6073/6 4587/6074/6 398/6075/6 2318/6076/6
f 4627/6077/6 4588/6078/6 1533/6079/6 4589/6080/6
f 4626/6081/6 1793/6082/6 641/6083/6 4590/6084/6
f 4625/6085/5 4591/6086/5 397/6087/5 2317/6088/5
f 4624/6089/5 4592/6090/5 1534/6091/5 4593/6092/5
f 4623/6093/5 1798/6094/5 646/6095/5 4594/6096/5
f 4620/6105/4 2318/6106/4 398/6107/4 4598/6108/4
f 4617/6117/3 2315/6118/3 395/6119/3 4602/6120/3
f 4614/6129/2 2312/6130/2 392/6131/2 4606/6132/2
f 4611/6141/1 2309/6142/1 389/6143/1 4610/6144/1
f 4608/6138/1 4611/6141/1 4610/6144/1 1538/6139/1
f 1154/1539/1 3074/1536/1 4611/6141/1 4608/6138/1
f 3074/1536/1 101/1535/1 2309/6142/1 4611/6141/1
f 4604/6126/2 4614/6129/2 4606/6132/2 1537/6127/2
f 1150/1575/2 3070/1524/2 4614/6129/2 4604/6126/2
f 3070/1524/2 104/1523/2 2312/6130/2 4614/6129/2
f 4600/6114/3 4617/6117/3 4602/6120/3 1536/6115/3
f 1146/1611/3 3066/1512/3 4617/6117/3 4600/6114/3
f 3066/1512/3 107/1511/3 2315/6118/3 4617/6117/3
f 4596/6102/4 4620/6105/4 4598/6108/4 1535/6103/4
f 1142/1647/4 3062/1500/4 4620/6105/4 4596/6102/4
f 3062/1500/4 110/1499/4 2318/6106/4 4620/6105/4
f 4592/6090/5 4623/6093/5 4594/6096/5 1534/6091/5
f 1138/1683/5 3058/1488/5 4623/6093/5 4592/6090/5
f 3058/1488/5 166/1487/5 1798/6094/5 4623/6093/5
f 3055/1714/5 4624/6089/5 4593/6092/5 1135/1715/5
f 382/1483/5 2290/1684/5 4624/6089/5 3055/1714/5
f 2290/1684/5 1138/1683/5 4592/6090/5 4624/6089/5
f 2287/1478/5 4625/6085/5 2317/6088/5 109/1479/5
f 1135/1715/5 4593/6092/5 4625/6085/5 2287/1478/5
f 4593/6092/5 1534/6091/5 4591/6086/5 4625/6085/5
f 4588/6078/6 4626/6081/6 4590/6084/6 1533/6079/6
f 1134/1719/6 3054/1476/6 4626/6081/6 4588/6078/6
f 3054/1476/6 161/1475/6 1793/6082/6 4626/6081/6
f 3051/1750/6 4627/6077/6 4589/6080/6 1131/1751/6
f 381/1471/6 2286/1720/6 4627/6077/6 3051/1750/6
f 2286/1720/6 1134/1719/6 4588/6078/6 4627/6077/6
f 2283/1466/6 4628/6073/6 2318/6076/6 110/1467/6
f 1131/1751/6 4589/6080/6 4628/6073/6 2283/1466/6
f 4589/6080/6 1533/6079/6 4587/6074/6 4628/6073/6
f 4584/6066/6 4629/6069/6 4586/6072/6 1532/6067/6
f 1130/1755/6 3050/1464/6 4629/6069/6 4584/6066/6
f 3050/1464/6 123/1463/6 2331/6070/6 4629/6069/6
f 3047/1786/6 4630/6065/6 4585/6068/6 1127/1787/6
f 380/1459/6 2282/1756/6 4630/6065/6 3047/1786/6
f 2282/1756/6 1130/1755/6 4584/6066/6 4630/6065/6
f 2279/1454/6 4631/6061/6 2330/6064/6 122/1455/6
f 1127/1787/6 4585/6068/6 4631/6061/6 2279/1454/6
f 4585/6068/6 1532/6067/6 4583/6062/6 4631/6061/6
f 4580/6054/6 4632/6057/6 4582/6060/6 1531/6055/6
f 3043/1822/6 4633/6053/6 4581/6056/6 1123/1823/6
f 379/1447/6 2278/1792/6 4633/6053/6 3043/1822/6
f 2275/1442/6 4634/6049/6 1805/6052/6 173/1443/6
f 1123/1823/6 4581/6056/6 4634/6049/6 2275/1442/6
f 4581/6056/6 1531/6055/6 4579/6050/6 4634/6049/6
f 4576/6042/6 4635/6045/6 4578/6048/6 1530/6043/6
f 1122/1827/6 3042/1440/6 4635/6045/6 4576/6042/6
f 3042/1440/6 149/1439/6 1781/6046/6 4635/6045/6
f 3039/1858/6 4636/6041/6 4577/6044/6 1119/1859/6
f 2274/1828/6 1122/1827/6 4576/6042/6 4636/6041/6
f 2271/1430/6 4637/6037/6 1806/6040/6 174/1431/6
f 1119/1859/6 4577/6044/6 4637/6037/6 2271/1430/6
f 4577/6044/6 1530/6043/6 4575/6038/6 4637/6037/6
f 4572/6030/5 4638/6033/5 4574/6036/5 1529/6031/5
f 1118/1863/5 3038/1428/5 4638/6033/5 4572/6030/5
f 3038/1428/5 127/1427/5 2335/6034/5 4638/6033/5
f 3035/1894/5 4639/6029/5 4573/6032/5 1115/1895/5
f 377/1423/5 2270/1864/5 4639/6029/5 3035/1894/5
f 2270/1864/5 1118/1863/5 4572/6030/5 4639/6029/5
f 2267/1418/5 4640/6025/5 2329/6028/5 121/1419/5
f 1115/1895/5 4573/6032/5 4640/6025/5 2267/1418/5
f 4573/6032/5 1529/6031/5 4571/6026/5 4640/6025/5
f 4568/6018/5 4641/6021/5 4570/6024/5 1528/6019/5
f 1114/1899/5 3034/1416/5 4641/6021/5 4568/6018/5
f 3034/1416/5 128/1415/5 2336/6022/5 4641/6021/5
f 3031/1930/5 4642/6017/5 4569/6020/5 1111/1931/5
f 376/1411/5 2266/1900/5 4642/6017/5 3031/1930/5
f 2266/1900/5 1114/1899/5 4568/6018/5 4642/6017/5
f 2263/1406/5 4643/6013/5 1809/6016/5 177/1407/5
f 1111/1931/5 4569/6020/5 4643/6013/5 2263/1406/5
f 4569/6020/5 1528/6019/5 4567/6014/5 4643/6013/5
f 4564/6006/5 4644/6009/5 4566/6012/5 1527/6007/5
f 1110/1935/5 3030/1404/5 4644/6009/5 4564/6006/5
f 3030/1404/5 154/1403/5 1786/6010/5 4644/6009/5
f 3027/1966/5 4645/6005/5 4565/6008/5 1107/1967/5
f 375/1399/5 2262/1936/5 4645/6005/5 3027/1966/5
f 2262/1936/5 1110/1935/5 4564/6006/5 4645/6005/5
f 2259/1394/5 4646/6001/5 1810/6004/5 178/1395/5
f 1107/1967/5 4565/6008/5 4646/6001/5 2259/1394/5
f 4565/6008/5 1527/6007/5 4563/6002/5 4646/6001/5
f 4560/5994/4 4647/5997/4 4562/6000/4 1526/5995/4
f 1106/1971/4 3026/1392/4 4647/5997/4 4560/5994/4
f 3026/1392/4 131/1391/4 2339/5998/4 4647/5997/4
f 3023/2002/4 4648/5993/4 4561/5996/4 1103/2003/4
f 374/1387/4 2258/1972/4 4648/5993/4 3023/2002/4
f 2258/1972/4 1106/1971/4 4560/5994/4 4648/5993/4
f 2255/1382/4 4649/5989/4 2320/5992/4 112/1383/4
f 1103/2003/4 4561/5996/4 4649/5989/4 2255/1382/4
f 4561/5996/4 1526/5995/4 4559/5990/4 4649/5989/4
f 4556/5982/4 4650/5985/4 4558/5988/4 1525/5983/4
f 1102/2007/4 3022/1380/4 4650/5985/4 4556/5982/4
f 3022/1380/4 132/1379/4 2340/5986/4 4650/5985/4
f 3019/2038/4 4651/5981/4 4557/5984/4 1099/2039/4
f 373/1375/4 2254/2008/4 4651/5981/4 3019/2038/4
f 2254/2008/4 1102/2007/4 4556/5982/4 4651/5981/4
f 2251/1370/4 4652/5977/4 1813/5980/4 181/1371/4
f 1099/2039/4 4557/5984/4 4652/5977/4 2251/1370/4
f 4557/5984/4 1525/5983/4 4555/5978/4 4652/5977/4
f 4552/5970/4 4653/5973/4 4554/5976/4 1524/5971/4
f 1098/2043/4 3018/1368/4 4653/5973/4 4552/5970/4
f 3018/1368/4 122/1367/4 2330/5974/4 4653/5973/4
f 4548/5958/3 4656/5961/3 4550/5964/3 1523/5959/3
f 1094/2079/3 3014/1356/3 4656/5961/3 4548/5958/3
f 3014/1356/3 135/1355/3 2343/5962/3 4656/5961/3
f 3011/2110/3 4657/5957/3 4549/5960/3 1091/2111/3
f 371/1351/3 2246/2080/3 4657/5957/3 3011/2110/3
f 2246/2080/3 1094/2079/3 4548/5958/3 4657/5957/3
f 2243/1346/3 4658/5953/3 1788/5956/3 156/1347/3
f 1091/2111/3 4549/5960/3 4658/5953/3 2243/1346/3
f 4549/5960/3 1523/5959/3 4547/5954/3 4658/5953/3
f 4544/5946/3 4659/5949/3 4546/5952/3 1522/5947/3
f 1090/2115/3 3010/1344/3 4659/5949/3 4544/5946/3
f 3010/1344/3 136/1343/3 2344/5950/3 4659/5949/3
f 3007/2146/3 4660/5945/3 4545/5948/3 1087/2147/3
f 370/1339/3 2242/2116/3 4660/5945/3 3007/2146/3
f 2242/2116/3 1090/2115/3 4544/5946/3 4660/5945/3
f 2239/1334/3 4661/5941/3 1817/5944/3 185/1335/3
f 1087/2147/3 4545/5948/3 4661/5941/3 2239/1334/3
f 4545/5948/3 1522/5947/3 4543/5942/3 4661/5941/3
f 4540/5934/3 4662/5937/3 4542/5940/3 1521/5935/3
f 1086/2151/3 3006/1332/3 4662/5937/3 4540/5934/3
f 3006/1332/3 119/1331/3 2327/5938/3 4662/5937/3
f 4536/5922/2 4665/5925/2 4538/5928/2 1520/5923/2
f 1082/2187/2 3002/1320/2 4665/5925/2 4536/5922/2
f 3002/1320/2 139/1319/2 2347/5926/2 4665/5925/2
f 2999/2218/2 4666/5921/2 4537/5924/2 1079/2219/2
f 368/1315/2 2234/2188/2 4666/5921/2 2999/2218/2
f 2234/2188/2 1082/2187/2 4536/5922/2 4666/5921/2
f 2231/1310/2 4667/5917/2 1785/5920/2 153/1311/2
f 1079/2219/2 4537/5924/2 4667/5917/2 2231/1310/2
f 4537/5924/2 1520/5923/2 4535/5918/2 4667/5917/2
f 4532/5910/2 4668/5913/2 4534/5916/2 1519/5911/2
f 1078/2223/2 2998/1308/2 4668/5913/2 4532/5910/2
f 2998/1308/2 140/1307/2 2348/5914/2 4668/5913/2
f 2995/2254/2 4669/5909/2 4533/5912/2 1075/2255/2
f 367/1303/2 2230/2224/2 4669/5909/2 2995/2254/2
f 2230/2224/2 1078/2223/2 4532/5910/2 4669/5909/2
f 2227/1298/2 4670/5905/2 1821/5908/2 189/1299/2
f 1075/2255/2 4533/5912/2 4670/5905/2 2227/1298/2
f 4533/5912/2 1519/5911/2 4531/5906/2 4670/5905/2
f 4528/5898/2 4671/5901/2 4530/5904/2 1518/5899/2
f 1074/2259/2 2994/1296/2 4671/5901/2 4528/5898/2
f 2994/1296/2 116/1295/2 2324/5902/2 4671/5901/2
f 4524/5886/1 4674/5889/1 4526/5892/1 1517/5887/1
f 1070/2295/1 2990/1284/1 4674/5889/1 4524/5886/1
f 2990/1284/1 143/1283/1 2351/5890/1 4674/5889/1
f 2987/2326/1 4675/5885/1 4525/5888/1 1067/2327/1
f 365/1279/1 2222/2296/1 4675/5885/1 2987/2326/1
f 2222/2296/1 1070/2295/1 4524/5886/1 4675/5885/1
f 2219/1274/1 4676/5881/1 1782/5884/1 150/1275/1
f 1067/2327/1 4525/5888/1 4676/5881/1 2219/1274/1
f 4525/5888/1 1517/5887/1 4523/5882/1 4676/5881/1
f 4520/5874/1 4677/5877/1 4522/5880/1 1516/5875/1
f 1066/2331/1 2986/1272/1 4677/5877/1 4520/5874/1
f 2986/1272/1 144/1271/1 2352/5878/1 4677/5877/1
f 2983/2362/1 4678/5873/1 4521/5876/1 1063/2363/1
f 364/1267/1 2218/2332/1 4678/5873/1 2983/2362/1
f 2218/2332/1 1066/2331/1 4520/5874/1 4678/5873/1
f 2215/1262/1 4679/5869/1 1825/5872/1 193/1263/1
f 1063/2363/1 4521/5876/1 4679/5869/1 2215/1262/1
f 4521/5876/1 1516/5875/1 4519/5870/1 4679/5869/1
f 4516/5862/1 4680/5865/1 4518/5868/1 1515/5863/1
f 1062/2367/1 2982/1260/1 4680/5865/1 4516/5862/1
f 2982/1260/1 113/1259/1 2321/5866/1 4680/5865/1
f 4512/5850/1 4683/5853/1 4514/5856/1 1514/5851/1
f 1058/2403/1 2978/1248/1 4683/5853/1 4512/5850/1
f 2978/1248/1 195/1247/1 2403/5854/1 4683/5853/1
f 2975/2434/1 4684/5849/1 4513/5852/1 1055/2435/1
f 362/1243/1 2210/2404/1 4684/5849/1 2975/2434/1
f 2210/2404/1 1058/2403/1 4512/5850/1 4684/5849/1
f 2207/1238/1 4685/5845/1 1778/5848/1 146/1239/1
f 1055/2435/1 4513/5852/1 4685/5845/1 2207/1238/1
f 4513/5852/1 1514/5851/1 4511/5846/1 4685/5845/1
f 4508/5838/1 4686/5841/1 4510/5844/1 1513/5839/1
f 1054/2439/1 2974/1236/1 4686/5841/1 4508/5838/1
f 2974/1236/1 196/1235/1 2404/5842/1 4686/5841/1
f 2971/2470/1 4687/5837/1 4509/5840/1 1051/2471/1
f 361/1231/1 2206/2440/1 4687/5837/1 2971/2470/1
f 2206/2440/1 1054/2439/1 4508/5838/1 4687/5837/1
f 2203/1226/1 4688/5833/1 1829/5836/1 197/1227/1
f 1051/2471/1 4509/5840/1 4688/5833/1 2203/1226/1
f 4509/5840/1 1513/5839/1 4507/5834/1 4688/5833/1
f 4504/5826/1 4689/5829/1 4506/5832/1 1512/5827/1
f 1050/2475/1 2970/1224/1 4689/5829/1 4504/5826/1
f 2970/1224/1 161/1223/1 2369/5830/1 4689/5829/1
f 4500/5814/1 4692/5817/1 4502/5820/1 1511/5815/1
f 1046/2511/1 2966/1212/1 4692/5817/1 4500/5814/1
f 2966/1212/1 199/1211/1 2407/5818/1 4692/5817/1
f 4496/5802/1 4695/5805/1 4498/5808/1 1510/5803/1
f 1042/2547/1 2962/1200/1 4695/5805/1 4496/5802/1
f 2962/1200/1 200/1199/1 2408/5806/1 4695/5805/1
f 4492/5790/1 4698/5793/1 4494/5796/1 1509/5791/1
f 1038/2583/1 2958/1188/1 4698/5793/1 4492/5790/1
f 2958/1188/1 192/1187/1 2400/5794/1 4698/5793/1
f 2955/2614/1 4699/5789/1 4493/5792/1 1035/2615/1
f 357/1183/1 2190/2584/1 4699/5789/1 2955/2614/1
f 2190/2584/1 1038/2583/1 4492/5790/1 4699/5789/1
f 2187/1178/1 4700/5785/1 1834/5788/1 202/1179/1
f 1035/2615/1 4493/5792/1 4700/5785/1 2187/1178/1
f 4493/5792/1 1509/5791/1 4491/5786/1 4700/5785/1
f 4488/5778/1 4701/5781/1 4490/5784/1 1508/5779/1
f 1034/2619/1 2954/1176/1 4701/5781/1 4488/5778/1
f 2954/1176/1 203/1175/1 2411/5782/1 4701/5781/1
f 4484/5766/1 4704/5769/1 4486/5772/1 1507/5767/1
f 1030/2655/1 2950/1164/1 4704/5769/1 4484/5766/1
f 2950/1164/1 204/1163/1 2412/5770/1 4704/5769/1
f 4480/5754/1 4707/5757/1 4482/5760/1 1506/5755/1
f 1026/2691/1 2946/1152/1 4707/5757/1 4480/5754/1
f 2946/1152/1 191/1151/1 2399/5758/1 4707/5757/1
f 2943/2722/1 4708/5753/1 4481/5756/1 1023/2723/1
f 354/1147/1 2178/2692/1 4708/5753/1 2943/2722/1
f 2178/2692/1 1026/2691/1 4480/5754/1 4708/5753/1
f 2175/1142/1 4709/5749/1 1838/5752/1 206/1143/1
f 1023/2723/1 4481/5756/1 4709/5749/1 2175/1142/1
f 4481/5756/1 1506/5755/1 4479/5750/1 4709/5749/1
f 4476/5742/2 4710/5745/2 4478/5748/2 1505/5743/2
f 1022/2727/2 2942/1140/2 4710/5745/2 4476/5742/2
f 2942/1140/2 207/1139/2 2415/5746/2 4710/5745/2
f 2939/2758/2 4711/5741/2 4477/5744/2 1019/2759/2
f 353/1135/2 2174/2728/2 4711/5741/2 2939/2758/2
f 2174/2728/2 1022/2727/2 4476/5742/2 4711/5741/2
f 2171/1130/2 4712/5737/2 1774/5740/2 142/1131/2
f 1019/2759/2 4477/5744/2 4712/5737/2 2171/1130/2
f 4477/5744/2 1505/5743/2 4475/5738/2 4712/5737/2
f 4472/5730/2 4713/5733/2 4474/5736/2 1504/5731/2
f 1018/2763/2 2938/1128/2 4713/5733/2 4472/5730/2
f 2938/1128/2 208/1127/2 2416/5734/2 4713/5733/2
f 2935/2794/2 4714/5729/2 4473/5732/2 1015/2795/2
f 352/1123/2 2170/2764/2 4714/5729/2 2935/2794/2
f 2170/2764/2 1018/2763/2 4472/5730/2 4714/5729/2
f 2167/1118/2 4715/5725/2 1841/5728/2 209/1119/2
f 1015/2795/2 4473/5732/2 4715/5725/2 2167/1118/2
f 4473/5732/2 1504/5731/2 4471/5726/2 4715/5725/2
f 4468/5718/2 4716/5721/2 4470/5724/2 1503/5719/2
f 1014/2799/2 2934/1116/2 4716/5721/2 4468/5718/2
f 2934/1116/2 164/1115/2 2372/5722/2 4716/5721/2
f 4464/5706/2 4719/5709/2 4466/5712/2 1502/5707/2
f 1010/2835/2 2930/1104/2 4719/5709/2 4464/5706/2
f 2930/1104/2 211/1103/2 2419/5710/2 4719/5709/2
f 4460/5694/2 4722/5697/2 4462/5700/2 1501/5695/2
f 1006/2871/2 2926/1092/2 4722/5697/2 4460/5694/2
f 2926/1092/2 212/1091/2 2420/5698/2 4722/5697/2
f 4456/5682/2 4725/5685/2 4458/5688/2 1500/5683/2
f 1002/2907/2 2922/1080/2 4725/5685/2 4456/5682/2
f 2922/1080/2 188/1079/2 2396/5686/2 4725/5685/2
f 2919/2938/2 4726/5681/2 4457/5684/2 999/2939/2
f 348/1075/2 2154/2908/2 4726/5681/2 2919/2938/2
f 2154/2908/2 1002/2907/2 4456/5682/2 4726/5681/2
f 2151/1070/2 4727/5677/2 1846/5680/2 214/1071/2
f 999/2939/2 4457/5684/2 4727/5677/2 2151/1070/2
f 4457/5684/2 1500/5683/2 4455/5678/2 4727/5677/2
f 4452/5670/2 4728/5673/2 4454/5676/2 1499/5671/2
f 998/2943/2 2918/1068/2 4728/5673/2 4452/5670/2
f 2918/1068/2 215/1067/2 2423/5674/2 4728/5673/2
f 4448/5658/2 4731/5661/2 4450/5664/2 1498/5659/2
f 994/2979/2 2914/1056/2 4731/5661/2 4448/5658/2
f 2914/1056/2 216/1055/2 2424/5662/2 4731/5661/2
f 4444/5646/2 4734/5649/2 4446/5652/2 1497/5647/2
f 990/3015/2 2910/1044/2 4734/5649/2 4444/5646/2
f 2910/1044/2 187/1043/2 2395/5650/2 4734/5649/2
f 2907/3046/2 4735/5645/2 4445/5648/2 987/3047/2
f 345/1039/2 2142/3016/2 4735/5645/2 2907/3046/2
f 2142/3016/2 990/3015/2 4444/5646/2 4735/5645/2
f 2139/1034/2 4736/5641/2 1850/5644/2 218/1035/2
f 987/3047/2 4445/5648/2 4736/5641/2 2139/1034/2
f 4445/5648/2 1497/5647/2 4443/5642/2 4736/5641/2
f 4440/5634/3 4737/5637/3 4442/5640/3 1496/5635/3
f 986/3051/3 2906/1032/3 4737/5637/3 4440/5634/3
f 2906/1032/3 219/1031/3 2427/5638/3 4737/5637/3
f 2903/3082/3 4738/5633/3 4441/5636/3 983/3083/3
f 344/1027/3 2138/3052/3 4738/5633/3 2903/3082/3
f 2138/3052/3 986/3051/3 4440/5634/3 4738/5633/3
f 2135/1022/3 4739/5629/3 1770/5632/3 138/1023/3
f 983/3083/3 4441/5636/3 4739/5629/3 2135/1022/3
f 4441/5636/3 1496/5635/3 4439/5630/3 4739/5629/3
f 4436/5622/3 4740/5625/3 4438/5628/3 1495/5623/3
f 982/3087/3 2902/1020/3 4740/5625/3 4436/5622/3
f 2902/1020/3 220/1019/3 2428/5626/3 4740/5625/3
f 2899/3118/3 4741/5621/3 4437/5624/3 979/3119/3
f 343/1015/3 2134/3088/3 4741/5621/3 2899/3118/3
f 2134/3088/3 982/3087/3 4436/5622/3 4741/5621/3
f 2131/1010/3 4742/5617/3 1853/5620/3 221/1011/3
f 979/3119/3 4437/5624/3 4742/5617/3 2131/1010/3
f 4437/5624/3 1495/5623/3 4435/5618/3 4742/5617/3
f 4432/5610/3 4743/5613/3 4434/5616/3 1494/5611/3
f 978/3123/3 2898/1008/3 4743/5613/3 4432/5610/3
f 2898/1008/3 167/1007/3 2375/5614/3 4743/5613/3
f 4428/5598/3 4746/5601/3 4430/5604/3 1493/5599/3
f 974/3159/3 2894/996/3 4746/5601/3 4428/5598/3
f 2894/996/3 223/995/3 2431/5602/3 4746/5601/3
f 4424/5586/3 4749/5589/3 4426/5592/3 1492/5587/3
f 970/3195/3 2890/984/3 4749/5589/3 4424/5586/3
f 2890/984/3 224/983/3 2432/5590/3 4749/5589/3
f 4420/5574/3 4752/5577/3 4422/5580/3 1491/5575/3
f 966/3231/3 2886/972/3 4752/5577/3 4420/5574/3
f 2886/972/3 184/971/3 2392/5578/3 4752/5577/3
f 2883/3262/3 4753/5573/3 4421/5576/3 963/3263/3
f 339/967/3 2118/3232/3 4753/5573/3 2883/3262/3
f 2118/3232/3 966/3231/3 4420/5574/3 4753/5573/3
f 2115/962/3 4754/5569/3 1858/5572/3 226/963/3
f 963/3263/3 4421/5576/3 4754/5569/3 2115/962/3
f 4421/5576/3 1491/5575/3 4419/5570/3 4754/5569/3
f 4416/5562/3 4755/5565/3 4418/5568/3 1490/5563/3
f 962/3267/3 2882/960/3 4755/5565/3 4416/5562/3
f 2882/960/3 227/959/3 2435/5566/3 4755/5565/3
f 4412/5550/3 4758/5553/3 4414/5556/3 1489/5551/3
f 958/3303/3 2878/948/3 4758/5553/3 4412/5550/3
f 2878/948/3 228/947/3 2436/5554/3 4758/5553/3
f 4408/5538/3 4761/5541/3 4410/5544/3 1488/5539/3
f 954/3339/3 2874/936/3 4761/5541/3 4408/5538/3
f 2874/936/3 183/935/3 2391/5542/3 4761/5541/3
f 2871/3370/3 4762/5537/3 4409/5540/3 951/3371/3
f 336/931/3 2106/3340/3 4762/5537/3 2871/3370/3
f 2106/3340/3 954/3339/3 4408/5538/3 4762/5537/3
f 2103/926/3 4763/5533/3 1862/5536/3 230/927/3
f 951/3371/3 4409/5540/3 4763/5533/3 2103/926/3
f 4409/5540/3 1488/5539/3 4407/5534/3 4763/5533/3
f 4404/5526/4 4764/5529/4 4406/5532/4 1487/5527/4
f 950/3375/4 2870/924/4 4764/5529/4 4404/5526/4
f 2870/924/4 231/923/4 2439/5530/4 4764/5529/4
f 2867/3406/4 4765/5525/4 4405/5528/4 947/3407/4
f 335/919/4 2102/3376/4 4765/5525/4 2867/3406/4
f 2102/3376/4 950/3375/4 4404/5526/4 4765/5525/4
f 2099/914/4 4766/5521/4 1766/5524/4 134/915/4
f 947/3407/4 4405/5528/4 4766/5521/4 2099/914/4
f 4405/5528/4 1487/5527/4 4403/5522/4 4766/5521/4
f 4400/5514/4 4767/5517/4 4402/5520/4 1486/5515/4
f 946/3411/4 2866/912/4 4767/5517/4 4400/5514/4
f 2866/912/4 232/911/4 2440/5518/4 4767/5517/4
f 2863/3442/4 4768/5513/4 4401/5516/4 943/3443/4
f 334/907/4 2098/3412/4 4768/5513/4 2863/3442/4
f 2098/3412/4 946/3411/4 4400/5514/4 4768/5513/4
f 2095/902/4 4769/5509/4 1865/5512/4 233/903/4
f 943/3443/4 4401/5516/4 4769/5509/4 2095/902/4
f 4401/5516/4 1486/5515/4 4399/5510/4 4769/5509/4
f 4396/5502/4 4770/5505/4 4398/5508/4 1485/5503/4
f 942/3447/4 2862/900/4 4770/5505/4 4396/5502/4
f 2862/900/4 170/899/4 2378/5506/4 4770/5505/4
f 4392/5490/4 4773/5493/4 4394/5496/4 1484/5491/4
f 938/3483/4 2858/888/4 4773/5493/4 4392/5490/4
f 2858/888/4 235/887/4 2443/5494/4 4773/5493/4
f 4388/5478/4 4776/5481/4 4390/5484/4 1483/5479/4
f 934/3519/4 2854/876/4 4776/5481/4 4388/5478/4
f 2854/876/4 236/875/4 2444/5482/4 4776/5481/4
f 4384/5466/4 4779/5469/4 4386/5472/4 1482/5467/4
f 930/3555/4 2850/864/4 4779/5469/4 4384/5466/4
f 2850/864/4 180/863/4 2388/5470/4 4779/5469/4
f 2847/3586/4 4780/5465/4 4385/5468/4 927/3587/4
f 330/859/4 2082/3556/4 4780/5465/4 2847/3586/4
f 2082/3556/4 930/3555/4 4384/5466/4 4780/5465/4
f 2079/854/4 4781/5461/4 1870/5464/4 238/855/4
f 927/3587/4 4385/5468/4 4781/5461/4 2079/854/4
f 4385/5468/4 1482/5467/4 4383/5462/4 4781/5461/4
f 4380/5454/4 4782/5457/4 4382/5460/4 1481/5455/4
f 926/3591/4 2846/852/4 4782/5457/4 4380/5454/4
f 2846/852/4 239/851/4 2447/5458/4 4782/5457/4
f 4376/5442/4 4785/5445/4 4378/5448/4 1480/5443/4
f 922/3627/4 2842/840/4 4785/5445/4 4376/5442/4
f 2842/840/4 240/839/4 2448/5446/4 4785/5445/4
f 4372/5430/4 4788/5433/4 4374/5436/4 1479/5431/4
f 918/3663/4 2838/828/4 4788/5433/4 4372/5430/4
f 2838/828/4 179/827/4 2387/5434/4 4788/5433/4
f 2835/3694/4 4789/5429/4 4373/5432/4 915/3695/4
f 327/823/4 2070/3664/4 4789/5429/4 2835/3694/4
f 2070/3664/4 918/3663/4 4372/5430/4 4789/5429/4
f 2067/818/4 4790/5425/4 1874/5428/4 242/819/4
f 915/3695/4 4373/5432/4 4790/5425/4 2067/818/4
f 4373/5432/4 1479/5431/4 4371/5426/4 4790/5425/4
f 4368/5418/5 4791/5421/5 4370/5424/5 1478/5419/5
f 914/3699/5 2834/816/5 4791/5421/5 4368/5418/5
f 2834/816/5 243/815/5 2451/5422/5 4791/5421/5
f 2831/3730/5 4792/5417/5 4369/5420/5 911/3731/5
f 326/811/5 2066/3700/5 4792/5417/5 2831/3730/5
f 2066/3700/5 914/3699/5 4368/5418/5 4792/5417/5
f 2063/806/5 4793/5413/5 1762/5416/5 130/807/5
f 911/3731/5 4369/5420/5 4793/5413/5 2063/806/5
f 4369/5420/5 1478/5419/5 4367/5414/5 4793/5413/5
f 4364/5406/5 4794/5409/5 4366/5412/5 1477/5407/5
f 910/3735/5 2830/804/5 4794/5409/5 4364/5406/5
f 2830/804/5 244/803/5 2452/5410/5 4794/5409/5
f 2827/3766/5 4795/5405/5 4365/5408/5 907/3767/5
f 325/799/5 2062/3736/5 4795/5405/5 2827/3766/5
f 2062/3736/5 910/3735/5 4364/5406/5 4795/5405/5
f 2059/794/5 4796/5401/5 1877/5404/5 245/795/5
f 907/3767/5 4365/5408/5 4796/5401/5 2059/794/5
f 4365/5408/5 1477/5407/5 4363/5402/5 4796/5401/5
f 4360/5394/5 4797/5397/5 4362/5400/5 1476/5395/5
f 906/3771/5 2826/792/5 4797/5397/5 4360/5394/5
f 2826/792/5 106/791/5 1738/5398/5 4797/5397/5
f 2823/3802/5 4798/5393/5 4361/5396/5 903/3803/5
f 324/787/5 2058/3772/5 4798/5393/5 2823/3802/5
f 2058/3772/5 906/3771/5 4360/5394/5 4798/5393/5
f 2055/782/5 4799/5389/5 1878/5392/5 246/783/5
f 903/3803/5 4361/5396/5 4799/5389/5 2055/782/5
f 4361/5396/5 1476/5395/5 4359/5390/5 4799/5389/5
f 4356/5382/5 4800/5385/5 4358/5388/5 1475/5383/5
f 902/3807/5 2822/780/5 4800/5385/5 4356/5382/5
f 2822/780/5 247/779/5 2455/5386/5 4800/5385/5
f 2819/3838/5 4801/5381/5 4357/5384/5 899/3839/5
f 323/775/5 2054/3808/5 4801/5381/5 2819/3838/5
f 2054/3808/5 902/3807/5 4356/5382/5 4801/5381/5
f 2051/770/5 4802/5377/5 1761/5380/5 129/771/5
f 899/3839/5 4357/5384/5 4802/5377/5 2051/770/5
f 4357/5384/5 1475/5383/5 4355/5378/5 4802/5377/5
f 4352/5370/5 4803/5373/5 4354/5376/5 1474/5371/5
f 898/3843/5 2818/768/5 4803/5373/5 4352/5370/5
f 2818/768/5 248/767/5 2456/5374/5 4803/5373/5
f 2815/3874/5 4804/5369/5 4353/5372/5 895/3875/5
f 322/763/5 2050/3844/5 4804/5369/5 2815/3874/5
f 2050/3844/5 898/3843/5 4352/5370/5 4804/5369/5
f 2047/758/5 4805/5365/5 1881/5368/5 249/759/5
f 895/3875/5 4353/5372/5 4805/5365/5 2047/758/5
f 4353/5372/5 1474/5371/5 4351/5366/5 4805/5365/5
f 4348/5358/5 4806/5361/5 4350/5364/5 1473/5359/5
f 894/3879/5 2814/756/5 4806/5361/5 4348/5358/5
f 2814/756/5 176/755/5 2384/5362/5 4806/5361/5
f 2811/3910/5 4807/5357/5 4349/5360/5 891/3911/5
f 321/751/5 2046/3880/5 4807/5357/5 2811/3910/5
f 2046/3880/5 894/3879/5 4348/5358/5 4807/5357/5
f 2043/746/5 4808/5353/5 1882/5356/5 250/747/5
f 891/3911/5 4349/5360/5 4808/5353/5 2043/746/5
f 4349/5360/5 1473/5359/5 4347/5354/5 4808/5353/5
f 4344/5346/5 4809/5349/5 4346/5352/5 1472/5347/5
f 890/3915/5 2810/744/5 4809/5349/5 4344/5346/5
f 2810/744/5 251/743/5 2459/5350/5 4809/5349/5
f 2807/3946/5 4810/5345/5 4345/5348/5 887/3947/5
f 320/739/5 2042/3916/5 4810/5345/5 2807/3946/5
f 2042/3916/5 890/3915/5 4344/5346/5 4810/5345/5
f 2039/734/5 4811/5341/5 2377/5344/5 169/735/5
f 887/3947/5 4345/5348/5 4811/5341/5 2039/734/5
f 4345/5348/5 1472/5347/5 4343/5342/5 4811/5341/5
f 4340/5334/5 4812/5337/5 4342/5340/5 1471/5335/5
f 886/3951/5 2806/732/5 4812/5337/5 4340/5334/5
f 2806/732/5 252/731/5 2460/5338/5 4812/5337/5
f 2803/3982/5 4813/5333/5 4341/5336/5 883/3983/5
f 319/727/5 2038/3952/5 4813/5333/5 2803/3982/5
f 2038/3952/5 886/3951/5 4340/5334/5 4813/5333/5
f 2035/722/5 4814/5329/5 1885/5332/5 253/723/5
f 883/3983/5 4341/5336/5 4814/5329/5 2035/722/5
f 4341/5336/5 1471/5335/5 4339/5330/5 4814/5329/5
f 4336/5322/5 4815/5325/5 4338/5328/5 1470/5323/5
f 882/3987/5 2802/720/5 4815/5325/5 4336/5322/5
f 2802/720/5 175/719/5 2383/5326/5 4815/5325/5
f 2799/4018/5 4816/5321/5 4337/5324/5 879/4019/5
f 318/715/5 2034/3988/5 4816/5321/5 2799/4018/5
f 2034/3988/5 882/3987/5 4336/5322/5 4816/5321/5
f 2031/710/5 4817/5317/5 1886/5320/5 254/711/5
f 879/4019/5 4337/5324/5 4817/5317/5 2031/710/5
f 4337/5324/5 1470/5323/5 4335/5318/5 4817/5317/5
f 4332/5310/6 4818/5313/6 4334/5316/6 1469/5311/6
f 2795/4054/6 4819/5309/6 4333/5312/6 875/4055/6
f 2027/698/6 4820/5305/6 1758/5308/6 126/699/6
f 875/4055/6 4333/5312/6 4820/5305/6 2027/698/6
f 4333/5312/6 1469/5311/6 4331/5306/6 4820/5305/6
f 4324/5286/6 4824/5289/6 4326/5292/6 1467/5287/6
f 870/4095/6 2790/684/6 4824/5289/6 4324/5286/6
f 2790/684/6 101/683/6 1733/5290/6 4824/5289/6
f 2022/4096/6 870/4095/6 4324/5286/6 4825/5285/6
f 4325/5288/6 1467/5287/6 4323/5282/6 4826/5281/6
f 4320/5274/6 4827/5277/6 4322/5280/6 1466/5275/6
f 866/4131/6 2786/672/6 4827/5277/6 4320/5274/6
f 2786/672/6 259/671/6 2467/5278/6 4827/5277/6
f 2783/4162/6 4828/5273/6 4321/5276/6 863/4163/6
f 314/667/6 2018/4132/6 4828/5273/6 2783/4162/6
f 2018/4132/6 866/4131/6 4320/5274/6 4828/5273/6
f 2015/662/6 4829/5269/6 1757/5272/6 125/663/6
f 863/4163/6 4321/5276/6 4829/5269/6 2015/662/6
f 4321/5276/6 1466/5275/6 4319/5270/6 4829/5269/6
f 4316/5262/6 4830/5265/6 4318/5268/6 1465/5263/6
f 862/4167/6 2782/660/6 4830/5265/6 4316/5262/6
f 2782/660/6 260/659/6 2468/5266/6 4830/5265/6
f 2779/4198/6 4831/5261/6 4317/5264/6 859/4199/6
f 313/655/6 2014/4168/6 4831/5261/6 2779/4198/6
f 2014/4168/6 862/4167/6 4316/5262/6 4831/5261/6
f 2011/650/6 4832/5257/6 1893/5260/6 261/651/6
f 859/4199/6 4317/5264/6 4832/5257/6 2011/650/6
f 4317/5264/6 1465/5263/6 4315/5258/6 4832/5257/6
f 4308/5238/6 4836/5241/6 4310/5244/6 1463/5239/6
f 854/4239/6 2774/636/6 4836/5241/6 4308/5238/6
f 2774/636/6 263/635/6 2471/5242/6 4836/5241/6
f 2771/4270/6 4837/5237/6 4309/5240/6 851/4271/6
f 311/631/6 2006/4240/6 4837/5237/6 2771/4270/6
f 2006/4240/6 854/4239/6 4308/5238/6 4837/5237/6
f 2003/626/6 4838/5233/6 2378/5236/6 170/627/6
f 851/4271/6 4309/5240/6 4838/5233/6 2003/626/6
f 4309/5240/6 1463/5239/6 4307/5234/6 4838/5233/6
f 4304/5226/6 4839/5229/6 4306/5232/6 1462/5227/6
f 850/4275/6 2770/624/6 4839/5229/6 4304/5226/6
f 2770/624/6 264/623/6 2472/5230/6 4839/5229/6
f 2767/4306/6 4840/5225/6 4305/5228/6 847/4307/6
f 310/619/6 2002/4276/6 4840/5225/6 2767/4306/6
f 2002/4276/6 850/4275/6 4304/5226/6 4840/5225/6
f 1999/614/6 4841/5221/6 1897/5224/6 265/615/6
f 847/4307/6 4305/5228/6 4841/5221/6 1999/614/6
f 4305/5228/6 1462/5227/6 4303/5222/6 4841/5221/6
f 4300/5214/6 4842/5217/6 4302/5220/6 1461/5215/6
f 846/4311/6 2766/612/6 4842/5217/6 4300/5214/6
f 2766/612/6 171/611/6 2379/5218/6 4842/5217/6
f 2763/4342/6 4843/5213/6 4301/5216/6 843/4343/6
f 309/607/6 1998/4312/6 4843/5213/6 2763/4342/6
f 1998/4312/6 846/4311/6 4300/5214/6 4843/5213/6
f 1995/602/6 4844/5209/6 1898/5212/6 266/603/6
f 843/4343/6 4301/5216/6 4844/5209/6 1995/602/6
f 4301/5216/6 1461/5215/6 4299/5210/6 4844/5209/6
f 4296/5202/6 4845/5205/6 4298/5208/6 1460/5203/6
f 842/4347/6 2762/600/6 4845/5205/6 4296/5202/6
f 2762/600/6 267/599/6 2475/5206/6 4845/5205/6
f 2759/4378/6 4846/5201/6 4297/5204/6 839/4379/6
f 308/595/6 1994/4348/6 4846/5201/6 2759/4378/6
f 1994/4348/6 842/4347/6 4296/5202/6 4846/5201/6
f 1991/590/6 4847/5197/6 2366/5200/6 158/591/6
f 839/4379/6 4297/5204/6 4847/5197/6 1991/590/6
f 4297/5204/6 1460/5203/6 4295/5198/6 4847/5197/6
f 4292/5190/6 4848/5193/6 4294/5196/6 1459/5191/6
f 838/4383/6 2758/588/6 4848/5193/6 4292/5190/6
f 2758/588/6 268/587/6 2476/5194/6 4848/5193/6
f 2755/4414/6 4849/5189/6 4293/5192/6 835/4415/6
f 307/583/6 1990/4384/6 4849/5189/6 2755/4414/6
f 1990/4384/6 838/4383/6 4292/5190/6 4849/5189/6
f 1987/578/6 4850/5185/6 1901/5188/6 269/579/6
f 835/4415/6 4293/5192/6 4850/5185/6 1987/578/6
f 4293/5192/6 1459/5191/6 4291/5186/6 4850/5185/6
f 4288/5178/6 4851/5181/6 4290/5184/6 1458/5179/6
f 834/4419/6 2754/576/6 4851/5181/6 4288/5178/6
f 2754/576/6 113/575/6 1745/5182/6 4851/5181/6
f 2751/4450/6 4852/5177/6 4289/5180/6 831/4451/6
f 306/571/6 1986/4420/6 4852/5177/6 2751/4450/6
f 1986/4420/6 834/4419/6 4288/5178/6 4852/5177/6
f 1983/566/6 4853/5173/6 1902/5176/6 270/567/6
f 831/4451/6 4289/5180/6 4853/5173/6 1983/566/6
f 4289/5180/6 1458/5179/6 4287/5174/6 4853/5173/6
f 4284/5166/5 4854/5169/5 4286/5172/5 1457/5167/5
f 830/4455/5 2750/564/5 4854/5169/5 4284/5166/5
f 2750/564/5 271/563/5 2479/5170/5 4854/5169/5
f 2747/4486/5 4855/5165/5 4285/5168/5 827/4487/5
f 305/559/5 1982/4456/5 4855/5165/5 2747/4486/5
f 1982/4456/5 830/4455/5 4284/5166/5 4855/5165/5
f 1979/554/5 4856/5161/5 2365/5164/5 157/555/5
f 827/4487/5 4285/5168/5 4856/5161/5 1979/554/5
f 4285/5168/5 1457/5167/5 4283/5162/5 4856/5161/5
f 4280/5154/5 4857/5157/5 4282/5160/5 1456/5155/5
f 826/4491/5 2746/552/5 4857/5157/5 4280/5154/5
f 2746/552/5 272/551/5 2480/5158/5 4857/5157/5
f 2743/4522/5 4858/5153/5 4281/5156/5 823/4523/5
f 304/547/5 1978/4492/5 4858/5153/5 2743/4522/5
f 1978/4492/5 826/4491/5 4280/5154/5 4858/5153/5
f 1975/542/5 4859/5149/5 1905/5152/5 273/543/5
f 823/4523/5 4281/5156/5 4859/5149/5 1975/542/5
f 4281/5156/5 1456/5155/5 4279/5150/5 4859/5149/5
f 4276/5142/5 4860/5145/5 4278/5148/5 1455/5143/5
f 822/4527/5 2742/540/5 4860/5145/5 4276/5142/5
f 2742/540/5 118/539/5 1750/5146/5 4860/5145/5
f 2739/4558/5 4861/5141/5 4277/5144/5 819/4559/5
f 303/535/5 1974/4528/5 4861/5141/5 2739/4558/5
f 1974/4528/5 822/4527/5 4276/5142/5 4861/5141/5
f 1971/530/5 4862/5137/5 1906/5140/5 274/531/5
f 819/4559/5 4277/5144/5 4862/5137/5 1971/530/5
f 4277/5144/5 1455/5143/5 4275/5138/5 4862/5137/5
f 4272/5130/4 4863/5133/4 4274/5136/4 1454/5131/4
f 818/4563/4 2738/528/4 4863/5133/4 4272/5130/4
f 2738/528/4 275/527/4 2483/5134/4 4863/5133/4
f 2735/4594/4 4864/5129/4 4273/5132/4 815/4595/4
f 302/523/4 1970/4564/4 4864/5129/4 2735/4594/4
f 1970/4564/4 818/4563/4 4272/5130/4 4864/5129/4
f 1967/518/4 4865/5125/4 2356/5128/4 148/519/4
f 815/4595/4 4273/5132/4 4865/5125/4 1967/518/4
f 4273/5132/4 1454/5131/4 4271/5126/4 4865/5125/4
f 4268/5118/4 4866/5121/4 4270/5124/4 1453/5119/4
f 814/4599/4 2734/516/4 4866/5121/4 4268/5118/4
f 2734/516/4 276/515/4 2484/5122/4 4866/5121/4
f 2731/4630/4 4867/5117/4 4269/5120/4 811/4631/4
f 301/511/4 1966/4600/4 4867/5117/4 2731/4630/4
f 1966/4600/4 814/4599/4 4268/5118/4 4867/5117/4
f 1963/506/4 4868/5113/4 1909/5116/4 277/507/4
f 811/4631/4 4269/5120/4 4868/5113/4 1963/506/4
f 4269/5120/4 1453/5119/4 4267/5114/4 4868/5113/4
f 4264/5106/4 4869/5109/4 4266/5112/4 1452/5107/4
f 810/4635/4 2730/504/4 4869/5109/4 4264/5106/4
f 2730/504/4 158/503/4 2366/5110/4 4869/5109/4
f 4260/5094/3 4872/5097/3 4262/5100/3 1451/5095/3
f 806/4671/3 2726/492/3 4872/5097/3 4260/5094/3
f 2726/492/3 279/491/3 2487/5098/3 4872/5097/3
f 2723/4702/3 4873/5093/3 4261/5096/3 803/4703/3
f 299/487/3 1958/4672/3 4873/5093/3 2723/4702/3
f 1958/4672/3 806/4671/3 4260/5094/3 4873/5093/3
f 1955/482/3 4874/5089/3 1752/5092/3 120/483/3
f 803/4703/3 4261/5096/3 4874/5089/3 1955/482/3
f 4261/5096/3 1451/5095/3 4259/5090/3 4874/5089/3
f 4256/5082/3 4875/5085/3 4258/5088/3 1450/5083/3
f 802/4707/3 2722/480/3 4875/5085/3 4256/5082/3
f 2722/480/3 280/479/3 2488/5086/3 4875/5085/3
f 2719/4738/3 4876/5081/3 4257/5084/3 799/4739/3
f 298/475/3 1954/4708/3 4876/5081/3 2719/4738/3
f 1954/4708/3 802/4707/3 4256/5082/3 4876/5081/3
f 1951/470/3 4877/5077/3 1913/5080/3 281/471/3
f 799/4739/3 4257/5084/3 4877/5077/3 1951/470/3
f 4257/5084/3 1450/5083/3 4255/5078/3 4877/5077/3
f 4252/5070/3 4878/5073/3 4254/5076/3 1449/5071/3
f 798/4743/3 2718/468/3 4878/5073/3 4252/5070/3
f 2718/468/3 155/467/3 2363/5074/3 4878/5073/3
f 4248/5058/2 4881/5061/2 4250/5064/2 1448/5059/2
f 794/4779/2 2714/456/2 4881/5061/2 4248/5058/2
f 2714/456/2 283/455/2 2491/5062/2 4881/5061/2
f 2711/4810/2 4882/5057/2 4249/5060/2 791/4811/2
f 296/451/2 1946/4780/2 4882/5057/2 2711/4810/2
f 1946/4780/2 794/4779/2 4248/5058/2 4882/5057/2
f 1943/446/2 4883/5053/2 1749/5056/2 117/447/2
f 791/4811/2 4249/5060/2 4883/5053/2 1943/446/2
f 4249/5060/2 1448/5059/2 4247/5054/2 4883/5053/2
f 4244/5046/2 4884/5049/2 4246/5052/2 1447/5047/2
f 790/4815/2 2710/444/2 4884/5049/2 4244/5046/2
f 2710/444/2 284/443/2 2492/5050/2 4884/5049/2
f 2707/4846/2 4885/5045/2 4245/5048/2 787/4847/2
f 295/439/2 1942/4816/2 4885/5045/2 2707/4846/2
f 1942/4816/2 790/4815/2 4244/5046/2 4885/5045/2
f 1939/434/2 4886/5041/2 1917/5044/2 285/435/2
f 787/4847/2 4245/5048/2 4886/5041/2 1939/434/2
f 4245/5048/2 1447/5047/2 4243/5042/2 4886/5041/2
f 4240/5034/2 4887/5037/2 4242/5040/2 1446/5035/2
f 786/4851/2 2706/432/2 4887/5037/2 4240/5034/2
f 2706/432/2 152/431/2 2360/5038/2 4887/5037/2
f 4236/5022/1 4890/5025/1 4238/5028/1 1445/5023/1
f 782/4887/1 2702/420/1 4890/5025/1 4236/5022/1
f 2702/420/1 287/419/1 2495/5026/1 4890/5025/1
f 2699/4918/1 4891/5021/1 4237/5024/1 779/4919/1
f 293/415/1 1934/4888/1 4891/5021/1 2699/4918/1
f 1934/4888/1 782/4887/1 4236/5022/1 4891/5021/1
f 1931/410/1 4892/5017/1 1746/5020/1 114/411/1
f 779/4919/1 4237/5024/1 4892/5017/1 1931/410/1
f 4237/5024/1 1445/5023/1 4235/5018/1 4892/5017/1
f 4232/5010/1 4893/5013/1 4234/5016/1 1444/5011/1
f 778/4923/1 2698/408/1 4893/5013/1 4232/5010/1
f 2698/408/1 288/407/1 2496/5014/1 4893/5013/1
f 2695/4954/1 4894/5009/1 4233/5012/1 775/4955/1
f 292/403/1 1930/4924/1 4894/5009/1 2695/4954/1
f 1930/4924/1 778/4923/1 4232/5010/1 4894/5009/1
f 1927/398/1 4895/5005/1 1921/5008/1 289/399/1
f 775/4955/1 4233/5012/1 4895/5005/1 1927/398/1
f 4233/5012/1 1444/5011/1 4231/5006/1 4895/5005/1
f 4228/4998/1 4896/5001/1 4230/5004/1 1443/4999/1
f 774/4959/1 2694/396/1 4896/5001/1 4228/4998/1
f 2694/396/1 149/395/1 2357/5002/1 4896/5001/1
f 2496/5014/1 4900/4985/1 4225/4988/1 576/5015/1
f 288/407/1 1925/4972/1 4900/4985/1 2496/5014/1
f 1925/4972/1 773/4971/1 4224/4986/1 4900/4985/1
f 1728/378/1 4901/4981/1 1730/4984/1 98/379/1
f 576/5015/1 4225/4988/1 4901/4981/1 1728/378/1
f 4225/4988/1 1442/4987/1 4223/4982/1 4901/4981/1
f 2688/4930/1 4903/4973/1 4221/4976/1 768/4931/1
f 74/99/1 1634/2392/1 4903/4973/1 2688/4930/1
f 1634/2392/1 482/2391/1 4220/4974/1 4903/4973/1
f 1920/406/1 4904/4969/1 1925/4972/1 288/407/1
f 768/4931/1 4221/4976/1 4904/4969/1 1920/406/1
f 4221/4976/1 1441/4975/1 4219/4970/1 4904/4969/1
f 4216/4962/1 4905/4965/1 4218/4968/1 1440/4963/1
f 674/5859/1 2594/96/1 4905/4965/1 4216/4962/1
f 2594/96/1 11/95/1 2549/4966/1 4905/4965/1
f 4212/4950/1 4908/4953/1 4214/4956/1 1439/4951/1
f 777/4935/1 2697/404/1 4908/4953/1 4212/4950/1
f 2697/404/1 292/403/1 2695/4954/1 4908/4953/1
f 2399/5758/1 4909/4949/1 4213/4952/1 479/5759/1
f 191/1151/1 1929/4936/1 4909/4949/1 2399/5758/1
f 1929/4936/1 777/4935/1 4212/4950/1 4909/4949/1
f 1631/130/1 4910/4945/1 1729/4948/1 71/131/1
f 479/5759/1 4213/4952/1 4910/4945/1 1631/130/1
f 4213/4952/1 1439/4951/1 4211/4946/1 4910/4945/1
f 4208/4938/1 4911/4941/1 4210/4944/1 1438/4939/1
f 434/2427/1 2354/1240/1 4911/4941/1 4208/4938/1
f 2354/1240/1 146/1239/1 2696/4942/1 4911/4941/1
f 2591/2698/1 4912/4937/1 4209/4940/1 671/2699/1
f 26/91/1 1586/2428/1 4912/4937/1 2591/2698/1
f 1586/2428/1 434/2427/1 4208/4938/1 4912/4937/1
f 1823/1150/1 4913/4933/1 1929/4936/1 191/1151/1
f 671/2699/1 4209/4940/1 4913/4933/1 1823/1150/1
f 4209/4940/1 1438/4939/1 4207/4934/1 4913/4933/1
f 4204/4926/1 4914/4929/1 4206/4932/1 1437/4927/1
f 626/5847/1 2546/100/1 4914/4929/1 4204/4926/1
f 2546/100/1 74/99/1 2688/4930/1 4914/4929/1
f 2696/4942/1 4915/4925/1 4205/4928/1 776/4943/1
f 146/1239/1 1778/5848/1 4915/4925/1 2696/4942/1
f 1778/5848/1 626/5847/1 4204/4926/1 4915/4925/1
f 1928/402/1 4916/4921/1 1930/4924/1 292/403/1
f 776/4943/1 4205/4928/1 4916/4921/1 1928/402/1
f 4205/4928/1 1437/4927/1 4203/4922/1 4916/4921/1
f 4200/4914/1 4917/4917/1 4202/4920/1 1436/4915/1
f 781/4899/1 2701/416/1 4917/4917/1 4200/4914/1
f 2701/416/1 293/415/1 2699/4918/1 4917/4917/1
f 2351/5890/1 4918/4913/1 4201/4916/1 431/5891/1
f 143/1283/1 1933/4900/1 4918/4913/1 2351/5890/1
f 1933/4900/1 781/4899/1 4200/4914/1 4918/4913/1
f 1583/86/1 4919/4909/1 1554/4912/1 12/87/1
f 431/5891/1 4201/4916/1 4919/4909/1 1583/86/1
f 4201/4916/1 1436/4915/1 4199/4910/1 4919/4909/1
f 4196/4902/1 4920/4905/1 4198/4908/1 1435/4903/1
f 577/4947/1 2497/400/1 4920/4905/1 4196/4902/1
f 2497/400/1 289/399/1 2700/4906/1 4920/4905/1
f 2543/2302/1 4921/4901/1 4197/4904/1 623/2303/1
f 71/131/1 1729/4948/1 4921/4901/1 2543/2302/1
f 1729/4948/1 577/4947/1 4196/4902/1 4921/4901/1
f 1775/1282/1 4922/4897/1 1933/4900/1 143/1283/1
f 623/2303/1 4197/4904/1 4922/4897/1 1775/1282/1
f 4197/4904/1 1435/4903/1 4195/4898/1 4922/4897/1
f 4192/4890/1 4923/4893/1 4194/4896/1 1434/4891/1
f 769/5007/1 2689/380/1 4923/4893/1 4192/4890/1
f 2689/380/1 98/379/1 2687/4894/1 4923/4893/1
f 2700/4906/1 4924/4889/1 4193/4892/1 780/4907/1
f 289/399/1 1921/5008/1 4924/4889/1 2700/4906/1
f 1921/5008/1 769/5007/1 4192/4890/1 4924/4889/1
f 1932/414/1 4925/4885/1 1934/4888/1 293/415/1
f 780/4907/1 4193/4892/1 4925/4885/1 1932/414/1
f 4193/4892/1 1434/4891/1 4191/4886/1 4925/4885/1
f 2492/5050/2 4927/4877/2 4189/4880/2 572/5051/2
f 284/443/2 1937/4864/2 4927/4877/2 2492/5050/2
f 1937/4864/2 785/4863/2 4188/4878/2 4927/4877/2
f 1724/366/2 4928/4873/2 1726/4876/2 97/367/2
f 572/5051/2 4189/4880/2 4928/4873/2 1724/366/2
f 4189/4880/2 1433/4879/2 4187/4874/2 4928/4873/2
f 2684/4822/2 4930/4865/2 4185/4868/2 764/4823/2
f 70/135/2 1630/2284/2 4930/4865/2 2684/4822/2
f 1630/2284/2 478/2283/2 4184/4866/2 4930/4865/2
f 1916/442/2 4931/4861/2 1937/4864/2 284/443/2
f 764/4823/2 4185/4868/2 4931/4861/2 1916/442/2
f 4185/4868/2 1432/4867/2 4183/4862/2 4931/4861/2
f 4180/4854/2 4932/4857/2 4182/4860/2 1431/4855/2
f 670/5895/2 2590/84/2 4932/4857/2 4180/4854/2
f 2590/84/2 14/83/2 2552/4858/2 4932/4857/2
f 4176/4842/2 4935/4845/2 4178/4848/2 1430/4843/2
f 789/4827/2 2709/440/2 4935/4845/2 4176/4842/2
f 2709/440/2 295/439/2 2707/4846/2 4935/4845/2
f 2395/5650/2 4936/4841/2 4177/4844/2 475/5651/2
f 187/1043/2 1941/4828/2 4936/4841/2 2395/5650/2
f 1941/4828/2 789/4827/2 4176/4842/2 4936/4841/2
f 1627/166/2 4937/4837/2 1725/4840/2 67/167/2
f 475/5651/2 4177/4844/2 4937/4837/2 1627/166/2
f 4177/4844/2 1430/4843/2 4175/4838/2 4937/4837/2
f 4172/4830/2 4938/4833/2 4174/4836/2 1429/4831/2
f 430/2751/2 2350/1132/2 4938/4833/2 4172/4830/2
f 2350/1132/2 142/1131/2 2708/4834/2 4938/4833/2
f 2587/3022/2 4939/4829/2 4173/4832/2 667/3023/2
f 25/79/2 1582/2752/2 4939/4829/2 2587/3022/2
f 1582/2752/2 430/2751/2 4172/4830/2 4939/4829/2
f 1819/1042/2 4940/4825/2 1941/4828/2 187/1043/2
f 667/3023/2 4173/4832/2 4940/4825/2 1819/1042/2
f 4173/4832/2 1429/4831/2 4171/4826/2 4940/4825/2
f 4168/4818/2 4941/4821/2 4170/4824/2 1428/4819/2
f 622/5739/2 2542/136/2 4941/4821/2 4168/4818/2
f 2542/136/2 70/135/2 2684/4822/2 4941/4821/2
f 2708/4834/2 4942/4817/2 4169/4820/2 788/4835/2
f 142/1131/2 1774/5740/2 4942/4817/2 2708/4834/2
f 1774/5740/2 622/5739/2 4168/4818/2 4942/4817/2
f 1940/438/2 4943/4813/2 1942/4816/2 295/439/2
f 788/4835/2 4169/4820/2 4943/4813/2 1940/438/2
f 4169/4820/2 1428/4819/2 4167/4814/2 4943/4813/2
f 4164/4806/2 4944/4809/2 4166/4812/2 1427/4807/2
f 793/4791/2 2713/452/2 4944/4809/2 4164/4806/2
f 2713/452/2 296/451/2 2711/4810/2 4944/4809/2
f 2347/5926/2 4945/4805/2 4165/4808/2 427/5927/2
f 139/1319/2 1945/4792/2 4945/4805/2 2347/5926/2
f 1945/4792/2 793/4791/2 4164/4806/2 4945/4805/2
f 1579/74/2 4946/4801/2 1557/4804/2 15/75/2
f 427/5927/2 4165/4808/2 4946/4801/2 1579/74/2
f 4165/4808/2 1427/4807/2 4163/4802/2 4946/4801/2
f 4160/4794/2 4947/4797/2 4162/4800/2 1426/4795/2
f 573/4839/2 2493/436/2 4947/4797/2 4160/4794/2
f 2493/436/2 285/435/2 2712/4798/2 4947/4797/2
f 2539/2194/2 4948/4793/2 4161/4796/2 619/2195/2
f 67/167/2 1725/4840/2 4948/4793/2 2539/2194/2
f 1725/4840/2 573/4839/2 4160/4794/2 4948/4793/2
f 1771/1318/2 4949/4789/2 1945/4792/2 139/1319/2
f 619/2195/2 4161/4796/2 4949/4789/2 1771/1318/2
f 4161/4796/2 1426/4795/2 4159/4790/2 4949/4789/2
f 4156/4782/2 4950/4785/2 4158/4788/2 1425/4783/2
f 765/5043/2 2685/368/2 4950/4785/2 4156/4782/2
f 2685/368/2 97/367/2 2683/4786/2 4950/4785/2
f 2712/4798/2 4951/4781/2 4157/4784/2 792/4799/2
f 285/435/2 1917/5044/2 4951/4781/2 2712/4798/2
f 1917/5044/2 765/5043/2 4156/4782/2 4951/4781/2
f 1944/450/2 4952/4777/2 1946/4780/2 296/451/2
f 792/4799/2 4157/4784/2 4952/4777/2 1944/450/2
f 4157/4784/2 1425/4783/2 4155/4778/2 4952/4777/2
f 2488/5086/3 4954/4769/3 4153/4772/3 568/5087/3
f 280/479/3 1949/4756/3 4954/4769/3 2488/5086/3
f 1949/4756/3 797/4755/3 4152/4770/3 4954/4769/3
f 1720/354/3 4955/4765/3 1722/4768/3 96/355/3
f 568/5087/3 4153/4772/3 4955/4765/3 1720/354/3
f 4153/4772/3 1424/4771/3 4151/4766/3 4955/4765/3
f 2680/4714/3 4957/4757/3 4149/4760/3 760/4715/3
f 66/171/3 1626/2176/3 4957/4757/3 2680/4714/3
f 1626/2176/3 474/2175/3 4148/4758/3 4957/4757/3
f 1912/478/3 4958/4753/3 1949/4756/3 280/479/3
f 760/4715/3 4149/4760/3 4958/4753/3 1912/478/3
f 4149/4760/3 1423/4759/3 4147/4754/3 4958/4753/3
f 4144/4746/3 4959/4749/3 4146/4752/3 1422/4747/3
f 666/5931/3 2586/72/3 4959/4749/3 4144/4746/3
f 2586/72/3 17/71/3 2555/4750/3 4959/4749/3
f 4140/4734/3 4962/4737/3 4142/4740/3 1421/4735/3
f 801/4719/3 2721/476/3 4962/4737/3 4140/4734/3
f 2721/476/3 298/475/3 2719/4738/3 4962/4737/3
f 2391/5542/3 4963/4733/3 4141/4736/3 471/5543/3
f 183/935/3 1953/4720/3 4963/4733/3 2391/5542/3
f 1953/4720/3 801/4719/3 4140/4734/3 4963/4733/3
f 1623/202/3 4964/4729/3 1721/4732/3 63/203/3
f 471/5543/3 4141/4736/3 4964/4729/3 1623/202/3
f 4141/4736/3 1421/4735/3 4139/4730/3 4964/4729/3
f 4136/4722/3 4965/4725/3 4138/4728/3 1420/4723/3
f 426/3075/3 2346/1024/3 4965/4725/3 4136/4722/3
f 2346/1024/3 138/1023/3 2720/4726/3 4965/4725/3
f 2583/3346/3 4966/4721/3 4137/4724/3 663/3347/3
f 24/67/3 1578/3076/3 4966/4721/3 2583/3346/3
f 1578/3076/3 426/3075/3 4136/4722/3 4966/4721/3
f 1815/934/3 4967/4717/3 1953/4720/3 183/935/3
f 663/3347/3 4137/4724/3 4967/4717/3 1815/934/3
f 4137/4724/3 1420/4723/3 4135/4718/3 4967/4717/3
f 4132/4710/3 4968/4713/3 4134/4716/3 1419/4711/3
f 618/5631/3 2538/172/3 4968/4713/3 4132/4710/3
f 2538/172/3 66/171/3 2680/4714/3 4968/4713/3
f 2720/4726/3 4969/4709/3 4133/4712/3 800/4727/3
f 138/1023/3 1770/5632/3 4969/4709/3 2720/4726/3
f 1770/5632/3 618/5631/3 4132/4710/3 4969/4709/3
f 1952/474/3 4970/4705/3 1954/4708/3 298/475/3
f 800/4727/3 4133/4712/3 4970/4705/3 1952/474/3
f 4133/4712/3 1419/4711/3 4131/4706/3 4970/4705/3
f 4128/4698/3 4971/4701/3 4130/4704/3 1418/4699/3
f 805/4683/3 2725/488/3 4971/4701/3 4128/4698/3
f 2725/488/3 299/487/3 2723/4702/3 4971/4701/3
f 2343/5962/3 4972/4697/3 4129/4700/3 423/5963/3
f 135/1355/3 1957/4684/3 4972/4697/3 2343/5962/3
f 1957/4684/3 805/4683/3 4128/4698/3 4972/4697/3
f 1575/62/3 4973/4693/3 1560/4696/3 18/63/3
f 423/5963/3 4129/4700/3 4973/4693/3 1575/62/3
f 4129/4700/3 1418/4699/3 4127/4694/3 4973/4693/3
f 4124/4686/3 4974/4689/3 4126/4692/3 1417/4687/3
f 569/4731/3 2489/472/3 4974/4689/3 4124/4686/3
f 2489/472/3 281/471/3 2724/4690/3 4974/4689/3
f 2535/2086/3 4975/4685/3 4125/4688/3 615/2087/3
f 63/203/3 1721/4732/3 4975/4685/3 2535/2086/3
f 1721/4732/3 569/4731/3 4124/4686/3 4975/4685/3
f 1767/1354/3 4976/4681/3 1957/4684/3 135/1355/3
f 615/2087/3 4125/4688/3 4976/4681/3 1767/1354/3
f 4125/4688/3 1417/4687/3 4123/4682/3 4976/4681/3
f 4120/4674/3 4977/4677/3 4122/4680/3 1416/4675/3
f 761/5079/3 2681/356/3 4977/4677/3 4120/4674/3
f 2681/356/3 96/355/3 2679/4678/3 4977/4677/3
f 2724/4690/3 4978/4673/3 4121/4676/3 804/4691/3
f 281/471/3 1913/5080/3 4978/4673/3 2724/4690/3
f 1913/5080/3 761/5079/3 4120/4674/3 4978/4673/3
f 1956/486/3 4979/4669/3 1958/4672/3 299/487/3
f 804/4691/3 4121/4676/3 4979/4669/3 1956/486/3
f 4121/4676/3 1416/4675/3 4119/4670/3 4979/4669/3
f 2484/5122/4 4981/4661/4 4117/4664/4 564/5123/4
f 276/515/4 1961/4648/4 4981/4661/4 2484/5122/4
f 1961/4648/4 809/4647/4 4116/4662/4 4981/4661/4
f 1716/342/4 4982/4657/4 1718/4660/4 95/343/4
f 564/5123/4 4117/4664/4 4982/4657/4 1716/342/4
f 4117/4664/4 1415/4663/4 4115/4658/4 4982/4657/4
f 2676/4606/4 4984/4649/4 4113/4652/4 756/4607/4
f 62/207/4 1622/2068/4 4984/4649/4 2676/4606/4
f 1622/2068/4 470/2067/4 4112/4650/4 4984/4649/4
f 1908/514/4 4985/4645/4 1961/4648/4 276/515/4
f 756/4607/4 4113/4652/4 4985/4645/4 1908/514/4
f 4113/4652/4 1414/4651/4 4111/4646/4 4985/4645/4
f 4108/4638/4 4986/4641/4 4110/4644/4 1413/4639/4
f 662/5967/4 2582/60/4 4986/4641/4 4108/4638/4
f 2582/60/4 20/59/4 2558/4642/4 4986/4641/4
f 4104/4626/4 4989/4629/4 4106/4632/4 1412/4627/4
f 813/4611/4 2733/512/4 4989/4629/4 4104/4626/4
f 2733/512/4 301/511/4 2731/4630/4 4989/4629/4
f 2387/5434/4 4990/4625/4 4105/4628/4 467/5435/4
f 179/827/4 1965/4612/4 4990/4625/4 2387/5434/4
f 1965/4612/4 813/4611/4 4104/4626/4 4990/4625/4
f 1619/238/4 4991/4621/4 1717/4624/4 59/239/4
f 467/5435/4 4105/4628/4 4991/4621/4 1619/238/4
f 4105/4628/4 1412/4627/4 4103/4622/4 4991/4621/4
f 4100/4614/4 4992/4617/4 4102/4620/4 1411/4615/4
f 422/3399/4 2342/916/4 4992/4617/4 4100/4614/4
f 2342/916/4 134/915/4 2732/4618/4 4992/4617/4
f 2579/3670/4 4993/4613/4 4101/4616/4 659/3671/4
f 23/55/4 1574/3400/4 4993/4613/4 2579/3670/4
f 1574/3400/4 422/3399/4 4100/4614/4 4993/4613/4
f 1811/826/4 4994/4609/4 1965/4612/4 179/827/4
f 659/3671/4 4101/4616/4 4994/4609/4 1811/826/4
f 4101/4616/4 1411/4615/4 4099/4610/4 4994/4609/4
f 4096/4602/4 4995/4605/4 4098/4608/4 1410/4603/4
f 614/5523/4 2534/208/4 4995/4605/4 4096/4602/4
f 2534/208/4 62/207/4 2676/4606/4 4995/4605/4
f 2732/4618/4 4996/4601/4 4097/4604/4 812/4619/4
f 134/915/4 1766/5524/4 4996/4601/4 2732/4618/4
f 1766/5524/4 614/5523/4 4096/4602/4 4996/4601/4
f 1964/510/4 4997/4597/4 1966/4600/4 301/511/4
f 812/4619/4 4097/4604/4 4997/4597/4 1964/510/4
f 4097/4604/4 1410/4603/4 4095/4598/4 4997/4597/4
f 4092/4590/4 4998/4593/4 4094/4596/4 1409/4591/4
f 817/4575/4 2737/524/4 4998/4593/4 4092/4590/4
f 2737/524/4 302/523/4 2735/4594/4 4998/4593/4
f 2339/5998/4 4999/4589/4 4093/4592/4 419/5999/4
f 131/1391/4 1969/4576/4 4999/4589/4 2339/5998/4
f 1969/4576/4 817/4575/4 4092/4590/4 4999/4589/4
f 1571/50/4 5000/4585/4 2548/4588/4 10/51/4
f 419/5999/4 4093/4592/4 5000/4585/4 1571/50/4
f 4093/4592/4 1409/4591/4 4091/4586/4 5000/4585/4
f 4088/4578/4 5001/4581/4 4090/4584/4 1408/4579/4
f 565/4623/4 2485/508/4 5001/4581/4 4088/4578/4
f 2485/508/4 277/507/4 2736/4582/4 5001/4581/4
f 2531/1978/4 5002/4577/4 4089/4580/4 611/1979/4
f 59/239/4 1717/4624/4 5002/4577/4 2531/1978/4
f 1717/4624/4 565/4623/4 4088/4578/4 5002/4577/4
f 1763/1390/4 5003/4573/4 1969/4576/4 131/1391/4
f 611/1979/4 4089/4580/4 5003/4573/4 1763/1390/4
f 4089/4580/4 1408/4579/4 4087/4574/4 5003/4573/4
f 4084/4566/4 5004/4569/4 4086/4572/4 1407/4567/4
f 757/5115/4 2677/344/4 5004/4569/4 4084/4566/4
f 2677/344/4 95/343/4 2675/4570/4 5004/4569/4
f 2736/4582/4 5005/4565/4 4085/4568/4 816/4583/4
f 277/507/4 1909/5116/4 5005/4565/4 2736/4582/4
f 1909/5116/4 757/5115/4 4084/4566/4 5005/4565/4
f 1968/522/4 5006/4561/4 1970/4564/4 302/523/4
f 816/4583/4 4085/4568/4 5006/4561/4 1968/522/4
f 4085/4568/4 1407/4567/4 4083/4562/4 5006/4561/4
f 4080/4554/5 5007/4557/5 4082/4560/5 1406/4555/5
f 821/4539/5 2741/536/5 5007/4557/5 4080/4554/5
f 2741/536/5 303/535/5 2739/4558/5 5007/4557/5
f 2480/5158/5 5008/4553/5 4081/4556/5 560/5159/5
f 272/551/5 1973/4540/5 5008/4553/5 2480/5158/5
f 1973/4540/5 821/4539/5 4080/4554/5 5008/4553/5
f 1712/330/5 5009/4549/5 1714/4552/5 94/331/5
f 560/5159/5 4081/4556/5 5009/4549/5 1712/330/5
f 4081/4556/5 1406/4555/5 4079/4550/5 5009/4549/5
f 4076/4542/5 5010/4545/5 4078/4548/5 1405/4543/5
f 466/1959/5 2386/1396/5 5010/4545/5 4076/4542/5
f 2386/1396/5 178/1395/5 2740/4546/5 5010/4545/5
f 2672/4498/5 5011/4541/5 4077/4544/5 752/4499/5
f 58/243/5 1618/1960/5 5011/4541/5 2672/4498/5
f 1618/1960/5 466/1959/5 4076/4542/5 5011/4541/5
f 1904/550/5 5012/4537/5 1973/4540/5 272/551/5
f 752/4499/5 4077/4544/5 5012/4537/5 1904/550/5
f 4077/4544/5 1405/4543/5 4075/4538/5 5012/4537/5
f 4072/4530/5 5013/4533/5 4074/4536/5 1404/4531/5
f 658/6003/5 2578/48/5 5013/4533/5 4072/4530/5
f 2578/48/5 16/47/5 1558/4534/5 5013/4533/5
f 2740/4546/5 5014/4529/5 4073/4532/5 820/4547/5
f 178/1395/5 1810/6004/5 5014/4529/5 2740/4546/5
f 1810/6004/5 658/6003/5 4072/4530/5 5014/4529/5
f 1972/534/5 5015/4525/5 1974/4528/5 303/535/5
f 820/4547/5 4073/4532/5 5015/4525/5 1972/534/5
f 4073/4532/5 1404/4531/5 4071/4526/5 5015/4525/5
f 4068/4518/5 5016/4521/5 4070/4524/5 1403/4519/5
f 825/4503/5 2745/548/5 5016/4521/5 4068/4518/5
f 2745/548/5 304/547/5 2743/4522/5 5016/4521/5
f 2383/5326/5 5017/4517/5 4069/4520/5 463/5327/5
f 175/719/5 1977/4504/5 5017/4517/5 2383/5326/5
f 1977/4504/5 825/4503/5 4068/4518/5 5017/4517/5
f 1615/274/5 5018/4513/5 1713/4516/5 55/275/5
f 463/5327/5 4069/4520/5 5018/4513/5 1615/274/5
f 4069/4520/5 1403/4519/5 4067/4514/5 5018/4513/5
f 4064/4506/5 5019/4509/5 4066/4512/5 1402/4507/5
f 418/3723/5 2338/808/5 5019/4509/5 4064/4506/5
f 2338/808/5 130/807/5 2744/4510/5 5019/4509/5
f 2575/3994/5 5020/4505/5 4065/4508/5 655/3995/5
f 22/43/5 1570/3724/5 5020/4505/5 2575/3994/5
f 1570/3724/5 418/3723/5 4064/4506/5 5020/4505/5
f 1807/718/5 5021/4501/5 1977/4504/5 175/719/5
f 655/3995/5 4065/4508/5 5021/4501/5 1807/718/5
f 4065/4508/5 1402/4507/5 4063/4502/5 5021/4501/5
f 4060/4494/5 5022/4497/5 4062/4500/5 1401/4495/5
f 610/5415/5 2530/244/5 5022/4497/5 4060/4494/5
f 2530/244/5 58/243/5 2672/4498/5 5022/4497/5
f 2744/4510/5 5023/4493/5 4061/4496/5 824/4511/5
f 130/807/5 1762/5416/5 5023/4493/5 2744/4510/5
f 1762/5416/5 610/5415/5 4060/4494/5 5023/4493/5
f 1976/546/5 5024/4489/5 1978/4492/5 304/547/5
f 824/4511/5 4061/4496/5 5024/4489/5 1976/546/5
f 4061/4496/5 1401/4495/5 4059/4490/5 5024/4489/5
f 4056/4482/5 5025/4485/5 4058/4488/5 1400/4483/5
f 829/4467/5 2749/560/5 5025/4485/5 4056/4482/5
f 2749/560/5 305/559/5 2747/4486/5 5025/4485/5
f 2335/6034/5 5026/4481/5 4057/4484/5 415/6035/5
f 127/1427/5 1981/4468/5 5026/4481/5 2335/6034/5
f 1981/4468/5 829/4467/5 4056/4482/5 5026/4481/5
f 1567/38/5 5027/4477/5 2557/4480/5 19/39/5
f 415/6035/5 4057/4484/5 5027/4477/5 1567/38/5
f 4057/4484/5 1400/4483/5 4055/4478/5 5027/4477/5
f 4052/4470/5 5028/4473/5 4054/4476/5 1399/4471/5
f 561/4515/5 2481/544/5 5028/4473/5 4052/4470/5
f 2481/544/5 273/543/5 2748/4474/5 5028/4473/5
f 2527/1870/5 5029/4469/5 4053/4472/5 607/1871/5
f 55/275/5 1713/4516/5 5029/4469/5 2527/1870/5
f 1713/4516/5 561/4515/5 4052/4470/5 5029/4469/5
f 1759/1426/5 5030/4465/5 1981/4468/5 127/1427/5
f 607/1871/5 4053/4472/5 5030/4465/5 1759/1426/5
f 4053/4472/5 1399/4471/5 4051/4466/5 5030/4465/5
f 4048/4458/5 5031/4461/5 4050/4464/5 1398/4459/5
f 753/5151/5 2673/332/5 5031/4461/5 4048/4458/5
f 2673/332/5 94/331/5 2671/4462/5 5031/4461/5
f 2748/4474/5 5032/4457/5 4049/4460/5 828/4475/5
f 273/543/5 1905/5152/5 5032/4457/5 2748/4474/5
f 1905/5152/5 753/5151/5 4048/4458/5 5032/4457/5
f 1980/558/5 5033/4453/5 1982/4456/5 305/559/5
f 828/4475/5 4049/4460/5 5033/4453/5 1980/558/5
f 4049/4460/5 1398/4459/5 4047/4454/5 5033/4453/5
f 4044/4446/6 5034/4449/6 4046/4452/6 1397/4447/6
f 833/4431/6 2753/572/6 5034/4449/6 4044/4446/6
f 2753/572/6 306/571/6 2751/4450/6 5034/4449/6
f 2476/5194/6 5035/4445/6 4045/4448/6 556/5195/6
f 268/587/6 1985/4432/6 5035/4445/6 2476/5194/6
f 1985/4432/6 833/4431/6 4044/4446/6 5035/4445/6
f 1708/318/6 5036/4441/6 1710/4444/6 93/319/6
f 556/5195/6 4045/4448/6 5036/4441/6 1708/318/6
f 4045/4448/6 1397/4447/6 4043/4442/6 5036/4441/6
f 4040/4434/6 5037/4437/6 4042/4440/6 1396/4435/6
f 462/1851/6 2382/1432/6 5037/4437/6 4040/4434/6
f 2382/1432/6 174/1431/6 2752/4438/6 5037/4437/6
f 2668/4390/6 5038/4433/6 4041/4436/6 748/4391/6
f 54/279/6 1614/1852/6 5038/4433/6 2668/4390/6
f 1614/1852/6 462/1851/6 4040/4434/6 5038/4433/6
f 1900/586/6 5039/4429/6 1985/4432/6 268/587/6
f 748/4391/6 4041/4436/6 5039/4429/6 1900/586/6
f 4041/4436/6 1396/4435/6 4039/4430/6 5039/4429/6
f 4036/4422/6 5040/4425/6 4038/4428/6 1395/4423/6
f 654/6039/6 2574/36/6 5040/4425/6 4036/4422/6
f 2574/36/6 11/35/6 1553/4426/6 5040/4425/6
f 2752/4438/6 5041/4421/6 4037/4424/6 832/4439/6
f 174/1431/6 1806/6040/6 5041/4421/6 2752/4438/6
f 1806/6040/6 654/6039/6 4036/4422/6 5041/4421/6
f 1984/570/6 5042/4417/6 1986/4420/6 306/571/6
f 832/4439/6 4037/4424/6 5042/4417/6 1984/570/6
f 4037/4424/6 1395/4423/6 4035/4418/6 5042/4417/6
f 4032/4410/6 5043/4413/6 4034/4416/6 1394/4411/6
f 837/4395/6 2757/584/6 5043/4413/6 4032/4410/6
f 2757/584/6 307/583/6 2755/4414/6 5043/4413/6
f 2379/5218/6 5044/4409/6 4033/4412/6 459/5219/6
f 171/611/6 1989/4396/6 5044/4409/6 2379/5218/6
f 1989/4396/6 837/4395/6 4032/4410/6 5044/4409/6
f 1611/310/6 5045/4405/6 1709/4408/6 51/311/6
f 459/5219/6 4033/4412/6 5045/4405/6 1611/310/6
f 4033/4412/6 1394/4411/6 4031/4406/6 5045/4405/6
f 4028/4398/6 5046/4401/6 4030/4404/6 1393/4399/6
f 414/4047/6 2334/700/6 5046/4401/6 4028/4398/6
f 2334/700/6 126/699/6 2756/4402/6 5046/4401/6
f 2571/4318/6 5047/4397/6 4029/4400/6 651/4319/6
f 21/31/6 1566/4048/6 5047/4397/6 2571/4318/6
f 1566/4048/6 414/4047/6 4028/4398/6 5047/4397/6
f 1803/610/6 5048/4393/6 1989/4396/6 171/611/6
f 651/4319/6 4029/4400/6 5048/4393/6 1803/610/6
f 4029/4400/6 1393/4399/6 4027/4394/6 5048/4393/6
f 4024/4386/6 5049/4389/6 4026/4392/6 1392/4387/6
f 606/5307/6 2526/280/6 5049/4389/6 4024/4386/6
f 2526/280/6 54/279/6 2668/4390/6 5049/4389/6
f 2756/4402/6 5050/4385/6 4025/4388/6 836/4403/6
f 126/699/6 1758/5308/6 5050/4385/6 2756/4402/6
f 1758/5308/6 606/5307/6 4024/4386/6 5050/4385/6
f 1988/582/6 5051/4381/6 1990/4384/6 307/583/6
f 836/4403/6 4025/4388/6 5051/4381/6 1988/582/6
f 4025/4388/6 1392/4387/6 4023/4382/6 5051/4381/6
f 4020/4374/6 5052/4377/6 4022/4380/6 1391/4375/6
f 841/4359/6 2761/596/6 5052/4377/6 4020/4374/6
f 2761/596/6 308/595/6 2759/4378/6 5052/4377/6
f 2331/6070/6 5053/4373/6 4021/4376/6 411/6071/6
f 123/1463/6 1993/4360/6 5053/4373/6 2331/6070/6
f 1993/4360/6 841/4359/6 4020/4374/6 5053/4373/6
f 1563/26/6 5054/4369/6 2558/4372/6 20/27/6
f 411/6071/6 4021/4376/6 5054/4369/6 1563/26/6
f 4021/4376/6 1391/4375/6 4019/4370/6 5054/4369/6
f 4016/4362/6 5055/4365/6 4018/4368/6 1390/4363/6
f 557/4407/6 2477/580/6 5055/4365/6 4016/4362/6
f 2477/580/6 269/579/6 2760/4366/6 5055/4365/6
f 2523/1762/6 5056/4361/6 4017/4364/6 603/1763/6
f 51/311/6 1709/4408/6 5056/4361/6 2523/1762/6
f 1709/4408/6 557/4407/6 4016/4362/6 5056/4361/6
f 1755/1462/6 5057/4357/6 1993/4360/6 123/1463/6
f 603/1763/6 4017/4364/6 5057/4357/6 1755/1462/6
f 4017/4364/6 1390/4363/6 4015/4358/6 5057/4357/6
f 4012/4350/6 5058/4353/6 4014/4356/6 1389/4351/6
f 749/5187/6 2669/320/6 5058/4353/6 4012/4350/6
f 2669/320/6 93/319/6 2667/4354/6 5058/4353/6
f 2760/4366/6 5059/4349/6 4013/4352/6 840/4367/6
f 269/579/6 1901/5188/6 5059/4349/6 2760/4366/6
f 1901/5188/6 749/5187/6 4012/4350/6 5059/4349/6
f 1992/594/6 5060/4345/6 1994/4348/6 308/595/6
f 840/4367/6 4013/4352/6 5060/4345/6 1992/594/6
f 4013/4352/6 1389/4351/6 4011/4346/6 5060/4345/6
f 4008/4338/6 5061/4341/6 4010/4344/6 1388/4339/6
f 845/4323/6 2765/608/6 5061/4341/6 4008/4338/6
f 2765/608/6 309/607/6 2763/4342/6 5061/4341/6
f 2472/5230/6 5062/4337/6 4009/4340/6 552/5231/6
f 264/623/6 1997/4324/6 5062/4337/6 2472/5230/6
f 1997/4324/6 845/4323/6 4008/4338/6 5062/4337/6
f 1704/306/6 5063/4333/6 1706/4336/6 92/307/6
f 552/5231/6 4009/4340/6 5063/4333/6 1704/306/6
f 4009/4340/6 1388/4339/6 4007/4334/6 5063/4333/6
f 4004/4326/6 5064/4329/6 4006/4332/6 1387/4327/6
f 461/1815/6 2381/1444/6 5064/4329/6 4004/4326/6
f 2381/1444/6 173/1443/6 2764/4330/6 5064/4329/6
f 2664/4282/6 5065/4325/6 4005/4328/6 744/4283/6
f 53/291/6 1613/1816/6 5065/4325/6 2664/4282/6
f 1613/1816/6 461/1815/6 4004/4326/6 5065/4325/6
f 1896/622/6 5066/4321/6 1997/4324/6 264/623/6
f 744/4283/6 4005/4328/6 5066/4321/6 1896/622/6
f 4005/4328/6 1387/4327/6 4003/4322/6 5066/4321/6
f 4000/4314/6 5067/4317/6 4002/4320/6 1386/4315/6
f 653/6051/6 2573/32/6 5067/4317/6 4000/4314/6
f 2573/32/6 21/31/6 2571/4318/6 5067/4317/6
f 2764/4330/6 5068/4313/6 4001/4316/6 844/4331/6
f 173/1443/6 1805/6052/6 5068/4313/6 2764/4330/6
f 1805/6052/6 653/6051/6 4000/4314/6 5068/4313/6
f 1996/606/6 5069/4309/6 1998/4312/6 309/607/6
f 844/4331/6 4001/4316/6 5069/4309/6 1996/606/6
f 4001/4316/6 1386/4315/6 3999/4310/6 5069/4309/6
f 3996/4302/6 5070/4305/6 3998/4308/6 1385/4303/6
f 849/4287/6 2769/620/6 5070/4305/6 3996/4302/6
f 2769/620/6 310/619/6 2767/4306/6 5070/4305/6
f 2363/5074/6 5071/4301/6 3997/4304/6 443/5075/6
f 155/467/6 2001/4288/6 5071/4301/6 2363/5074/6
f 2001/4288/6 849/4287/6 3996/4302/6 5071/4301/6
f 1595/358/6 5072/4297/6 1705/4300/6 35/359/6
f 443/5075/6 3997/4304/6 5072/4297/6 1595/358/6
f 3997/4304/6 1385/4303/6 3995/4298/6 5072/4297/6
f 3992/4290/6 5073/4293/6 3994/4296/6 1384/4291/6
f 413/4155/6 2333/664/6 5073/4293/6 3992/4290/6
f 2333/664/6 125/663/6 2768/4294/6 5073/4293/6
f 2555/4750/6 5074/4289/6 3993/4292/6 635/4751/6
f 17/71/6 1565/4156/6 5074/4289/6 2555/4750/6
f 1565/4156/6 413/4155/6 3992/4290/6 5074/4289/6
f 1787/466/6 5075/4285/6 2001/4288/6 155/467/6
f 635/4751/6 3993/4292/6 5075/4285/6 1787/466/6
f 3993/4292/6 1384/4291/6 3991/4286/6 5075/4285/6
f 3988/4278/6 5076/4281/6 3990/4284/6 1383/4279/6
f 605/5271/6 2525/292/6 5076/4281/6 3988/4278/6
f 2525/292/6 53/291/6 2664/4282/6 5076/4281/6
f 2768/4294/6 5077/4277/6 3989/4280/6 848/4295/6
f 125/663/6 1757/5272/6 5077/4277/6 2768/4294/6
f 1757/5272/6 605/5271/6 3988/4278/6 5077/4277/6
f 2000/618/6 5078/4273/6 2002/4276/6 310/619/6
f 848/4295/6 3989/4280/6 5078/4273/6 2000/618/6
f 3989/4280/6 1383/4279/6 3987/4274/6 5078/4273/6
f 3984/4266/6 5079/4269/6 3986/4272/6 1382/4267/6
f 853/4251/6 2773/632/6 5079/4269/6 3984/4266/6
f 2773/632/6 311/631/6 2771/4270/6 5079/4269/6
f 2315/6118/6 5080/4265/6 3985/4268/6 395/6119/6
f 107/1511/6 2005/4252/6 5080/4265/6 2315/6118/6
f 2005/4252/6 853/4251/6 3984/4266/6 5080/4265/6
f 1547/10/6 5081/4261/6 2570/4264/6 6/11/6
f 395/6119/6 3985/4268/6 5081/4261/6 1547/10/6
f 3985/4268/6 1382/4267/6 3983/4262/6 5081/4261/6
f 3980/4254/6 5082/4257/6 3982/4260/6 1381/4255/6
f 553/4299/6 2473/616/6 5082/4257/6 3980/4254/6
f 2473/616/6 265/615/6 2772/4258/6 5082/4257/6
f 2507/1618/6 5083/4253/6 3981/4256/6 587/1619/6
f 35/359/6 1705/4300/6 5083/4253/6 2507/1618/6
f 1705/4300/6 553/4299/6 3980/4254/6 5083/4253/6
f 1739/1510/6 5084/4249/6 2005/4252/6 107/1511/6
f 587/1619/6 3981/4256/6 5084/4249/6 1739/1510/6
f 3981/4256/6 1381/4255/6 3979/4250/6 5084/4249/6
f 3976/4242/6 5085/4245/6 3978/4248/6 1380/4243/6
f 745/5223/6 2665/308/6 5085/4245/6 3976/4242/6
f 2665/308/6 92/307/6 2663/4246/6 5085/4245/6
f 2772/4258/6 5086/4241/6 3977/4244/6 852/4259/6
f 265/615/6 1897/5224/6 5086/4241/6 2772/4258/6
f 1897/5224/6 745/5223/6 3976/4242/6 5086/4241/6
f 2004/630/6 5087/4237/6 2006/4240/6 311/631/6
f 852/4259/6 3977/4244/6 5087/4237/6 2004/630/6
f 3977/4244/6 1380/4243/6 3975/4238/6 5087/4237/6
f 3972/4230/6 5088/4233/6 3974/4236/6 1379/4231/6
f 857/4215/6 2777/644/6 5088/4233/6 3972/4230/6
f 2468/5266/6 5089/4229/6 3973/4232/6 548/5267/6
f 260/659/6 2009/4216/6 5089/4229/6 2468/5266/6
f 2009/4216/6 857/4215/6 3972/4230/6 5089/4229/6
f 1700/294/6 5090/4225/6 1702/4228/6 91/295/6
f 548/5267/6 3973/4232/6 5090/4225/6 1700/294/6
f 3973/4232/6 1379/4231/6 3971/4226/6 5090/4225/6
f 3968/4218/6 5091/4221/6 3970/4224/6 1378/4219/6
f 440/6145/6 2360/6146/6 5091/4221/6 3968/4218/6
f 2360/6146/6 152/6147/6 2776/4222/6 5091/4221/6
f 2660/4174/6 5092/4217/6 3969/4220/6 740/4175/6
f 32/6148/6 1592/6149/6 5092/4217/6 2660/4174/6
f 1592/6149/6 440/6145/6 3968/4218/6 5092/4217/6
f 1892/658/6 5093/4213/6 2009/4216/6 260/659/6
f 740/4175/6 3969/4220/6 5093/4213/6 1892/658/6
f 3969/4220/6 1378/4219/6 3967/4214/6 5093/4213/6
f 3964/4206/6 5094/4209/6 3966/4212/6 1377/4207/6
f 632/6150/6 2552/6151/6 5094/4209/6 3964/4206/6
f 2552/6151/6 14/6152/6 2572/4210/6 5094/4209/6
f 2776/4222/6 5095/4205/6 3965/4208/6 856/4223/6
f 152/6147/6 1784/6153/6 5095/4205/6 2776/4222/6
f 1784/6153/6 632/6150/6 3964/4206/6 5095/4205/6
f 856/4223/6 3965/4208/6 5096/4201/6 2008/642/6
f 3965/4208/6 1377/4207/6 3963/4202/6 5096/4201/6
f 3960/4194/6 5097/4197/6 3962/4200/6 1376/4195/6
f 861/4179/6 2781/656/6 5097/4197/6 3960/4194/6
f 2781/656/6 313/655/6 2779/4198/6 5097/4197/6
f 2375/5614/6 5098/4193/6 3961/4196/6 455/5615/6
f 167/1007/6 2013/4180/6 5098/4193/6 2375/5614/6
f 2013/4180/6 861/4179/6 3960/4194/6 5098/4193/6
f 1607/178/6 5099/4189/6 1701/4192/6 47/179/6
f 455/5615/6 3961/4196/6 5099/4189/6 1607/178/6
f 3961/4196/6 1376/4195/6 3959/4190/6 5099/4189/6
f 3956/4182/6 5100/4185/6 3958/4188/6 1375/4183/6
f 392/6154/6 2312/6155/6 5100/4185/6 3956/4182/6
f 2312/6155/6 104/6156/6 2780/4186/6 5100/4185/6
f 2567/3130/6 5101/4181/6 3957/4184/6 647/3131/6
f 8/7/6 1544/6157/6 5101/4181/6 2567/3130/6
f 1544/6157/6 392/6154/6 3956/4182/6 5101/4181/6
f 1799/1006/6 5102/4177/6 2013/4180/6 167/1007/6
f 647/3131/6 3957/4184/6 5102/4177/6 1799/1006/6
f 3957/4184/6 1375/4183/6 3955/4178/6 5102/4177/6
f 3952/4170/6 5103/4173/6 3954/4176/6 1374/4171/6
f 584/6158/6 2504/6159/6 5103/4173/6 3952/4170/6
f 2504/6159/6 32/6148/6 2660/4174/6 5103/4173/6
f 2780/4186/6 5104/4169/6 3953/4172/6 860/4187/6
f 104/6156/6 1736/6160/6 5104/4169/6 2780/4186/6
f 1736/6160/6 584/6158/6 3952/4170/6 5104/4169/6
f 2012/654/6 5105/4165/6 2014/4168/6 313/655/6
f 860/4187/6 3953/4172/6 5105/4165/6 2012/654/6
f 3953/4172/6 1374/4171/6 3951/4166/6 5105/4165/6
f 3948/4158/6 5106/4161/6 3950/4164/6 1373/4159/6
f 865/4143/6 2785/668/6 5106/4161/6 3948/4158/6
f 2785/668/6 314/667/6 2783/4162/6 5106/4161/6
f 2327/5938/6 5107/4157/6 3949/4160/6 407/5939/6
f 119/1331/6 2017/4144/6 5107/4157/6 2327/5938/6
f 2017/4144/6 865/4143/6 3948/4158/6 5107/4157/6
f 1559/70/6 5108/4153/6 1565/4156/6 17/71/6
f 407/5939/6 3949/4160/6 5108/4153/6 1559/70/6
f 3949/4160/6 1373/4159/6 3947/4154/6 5108/4153/6
f 3944/4146/6 5109/4149/6 3946/4152/6 1372/4147/6
f 549/4191/6 2469/652/6 5109/4149/6 3944/4146/6
f 2469/652/6 261/651/6 2784/4150/6 5109/4149/6
f 2519/2158/6 5110/4145/6 3945/4148/6 599/2159/6
f 47/179/6 1701/4192/6 5110/4145/6 2519/2158/6
f 1701/4192/6 549/4191/6 3944/4146/6 5110/4145/6
f 1751/1330/6 5111/4141/6 2017/4144/6 119/1331/6
f 599/2159/6 3945/4148/6 5111/4141/6 1751/1330/6
f 3945/4148/6 1372/4147/6 3943/4142/6 5111/4141/6
f 3940/4134/6 5112/4137/6 3942/4140/6 1371/4135/6
f 741/5259/6 2661/296/6 5112/4137/6 3940/4134/6
f 2661/296/6 91/295/6 2659/4138/6 5112/4137/6
f 2784/4150/6 5113/4133/6 3941/4136/6 864/4151/6
f 261/651/6 1893/5260/6 5113/4133/6 2784/4150/6
f 1893/5260/6 741/5259/6 3940/4134/6 5113/4133/6
f 2016/666/6 5114/4129/6 2018/4132/6 314/667/6
f 864/4151/6 3941/4136/6 5114/4129/6 2016/666/6
f 3941/4136/6 1371/4135/6 3939/4130/6 5114/4129/6
f 3932/4110/6 5118/4113/6 3934/4116/6 1369/4111/6
f 452/6161/6 2372/6162/6 5118/4113/6 3932/4110/6
f 2372/6162/6 164/6163/6 2788/4114/6 5118/4113/6
f 2656/4066/6 5119/4109/6 3933/4112/6 736/4067/6
f 44/6164/6 1604/6165/6 5119/4109/6 2656/4066/6
f 1604/6165/6 452/6161/6 3932/4110/6 5119/4109/6
f 736/4067/6 3933/4112/6 5120/4105/6 1888/694/6
f 3933/4112/6 1369/4111/6 3931/4106/6 5120/4105/6
f 3928/4098/6 5121/4101/6 3930/4104/6 1368/4099/6
f 644/6166/6 2564/6167/6 5121/4101/6 3928/4098/6
f 2564/6167/6 4/6168/6 1541/4102/6 5121/4101/6
f 2788/4114/6 5122/4097/6 3929/4100/6 868/4115/6
f 164/6163/6 1796/6169/6 5122/4097/6 2788/4114/6
f 1796/6169/6 644/6166/6 3928/4098/6 5122/4097/6
f 868/4115/6 3929/4100/6 5123/4093/6 2020/678/6
f 3929/4100/6 1368/4099/6 3927/4094/6 5123/4093/6
f 3920/4074/6 5127/4077/6 3922/4080/6 1366/4075/6
f 404/6170/6 2324/6171/6 5127/4077/6 3920/4074/6
f 2324/6171/6 116/6172/6 2792/4078/6 5127/4077/6
f 2572/4210/6 5128/4073/6 3921/4076/6 652/4211/6
f 14/6152/6 1556/6173/6 5128/4073/6 2572/4210/6
f 1556/6173/6 404/6170/6 3920/4074/6 5128/4073/6
f 652/4211/6 3921/4076/6 5129/4069/6 1804/646/6
f 3921/4076/6 1366/4075/6 3919/4070/6 5129/4069/6
f 3916/4062/6 5130/4065/6 3918/4068/6 1365/4063/6
f 596/6174/6 2516/6175/6 5130/4065/6 3916/4062/6
f 2516/6175/6 44/6164/6 2656/4066/6 5130/4065/6
f 2792/4078/6 5131/4061/6 3917/4064/6 872/4079/6
f 116/6172/6 1748/6176/6 5131/4061/6 2792/4078/6
f 1748/6176/6 596/6174/6 3916/4062/6 5131/4061/6
f 872/4079/6 3917/4064/6 5132/4057/6 2024/690/6
f 3917/4064/6 1365/4063/6 3915/4058/6 5132/4057/6
f 3912/4050/6 5133/4053/6 3914/4056/6 1364/4051/6
f 2332/6058/6 5134/4049/6 3913/4052/6 412/6059/6
f 1564/30/6 5135/4045/6 1566/4048/6 21/31/6
f 412/6059/6 3913/4052/6 5135/4045/6 1564/30/6
f 3913/4052/6 1364/4051/6 3911/4046/6 5135/4045/6
f 3900/4014/5 5142/4017/5 3902/4020/5 1361/4015/5
f 881/3999/5 2801/716/5 5142/4017/5 3900/4014/5
f 2801/716/5 318/715/5 2799/4018/5 5142/4017/5
f 2460/5338/5 5143/4013/5 3901/4016/5 540/5339/5
f 252/731/5 2033/4000/5 5143/4013/5 2460/5338/5
f 2033/4000/5 881/3999/5 3900/4014/5 5143/4013/5
f 1692/270/5 5144/4009/5 1694/4012/5 89/271/5
f 540/5339/5 3901/4016/5 5144/4009/5 1692/270/5
f 3901/4016/5 1361/4015/5 3899/4010/5 5144/4009/5
f 3896/4002/5 5145/4005/5 3898/4008/5 1360/4003/5
f 465/1923/5 2385/1408/5 5145/4005/5 3896/4002/5
f 2385/1408/5 177/1407/5 2800/4006/5 5145/4005/5
f 2652/3958/5 5146/4001/5 3897/4004/5 732/3959/5
f 57/255/5 1617/1924/5 5146/4001/5 2652/3958/5
f 1617/1924/5 465/1923/5 3896/4002/5 5146/4001/5
f 1884/730/5 5147/3997/5 2033/4000/5 252/731/5
f 732/3959/5 3897/4004/5 5147/3997/5 1884/730/5
f 3897/4004/5 1360/4003/5 3895/3998/5 5147/3997/5
f 3892/3990/5 5148/3993/5 3894/3996/5 1359/3991/5
f 657/6015/5 2577/44/5 5148/3993/5 3892/3990/5
f 2577/44/5 22/43/5 2575/3994/5 5148/3993/5
f 2800/4006/5 5149/3989/5 3893/3992/5 880/4007/5
f 177/1407/5 1809/6016/5 5149/3989/5 2800/4006/5
f 1809/6016/5 657/6015/5 3892/3990/5 5149/3989/5
f 2032/714/5 5150/3985/5 2034/3988/5 318/715/5
f 880/4007/5 3893/3992/5 5150/3985/5 2032/714/5
f 3893/3992/5 1359/3991/5 3891/3986/5 5150/3985/5
f 3888/3978/5 5151/3981/5 3890/3984/5 1358/3979/5
f 885/3963/5 2805/728/5 5151/3981/5 3888/3978/5
f 2805/728/5 319/727/5 2803/3982/5 5151/3981/5
f 2355/6177/5 5152/3977/5 3889/3980/5 435/6178/5
f 147/6179/5 2037/3964/5 5152/3977/5 2355/6177/5
f 2037/3964/5 885/3963/5 3888/3978/5 5152/3977/5
f 1587/6180/5 5153/3973/5 1693/3976/5 27/6181/5
f 435/6178/5 3889/3980/5 5153/3973/5 1587/6180/5
f 3889/3980/5 1358/3979/5 3887/3974/5 5153/3973/5
f 3884/3966/5 5154/3969/5 3886/3972/5 1357/3967/5
f 417/3831/5 2337/772/5 5154/3969/5 3884/3966/5
f 2337/772/5 129/771/5 2804/3970/5 5154/3969/5
f 2547/6182/5 5155/3965/5 3885/3968/5 627/6183/5
f 9/6184/5 1569/3832/5 5155/3965/5 2547/6182/5
f 1569/3832/5 417/3831/5 3884/3966/5 5155/3965/5
f 1779/6185/5 5156/3961/5 2037/3964/5 147/6179/5
f 627/6183/5 3885/3968/5 5156/3961/5 1779/6185/5
f 3885/3968/5 1357/3967/5 3883/3962/5 5156/3961/5
f 3880/3954/5 5157/3957/5 3882/3960/5 1356/3955/5
f 609/5379/5 2529/256/5 5157/3957/5 3880/3954/5
f 2529/256/5 57/255/5 2652/3958/5 5157/3957/5
f 2804/3970/5 5158/3953/5 3881/3956/5 884/3971/5
f 129/771/5 1761/5380/5 5158/3953/5 2804/3970/5
f 1761/5380/5 609/5379/5 3880/3954/5 5158/3953/5
f 2036/726/5 5159/3949/5 2038/3952/5 319/727/5
f 884/3971/5 3881/3956/5 5159/3949/5 2036/726/5
f 3881/3956/5 1356/3955/5 3879/3950/5 5159/3949/5
f 3876/3942/5 5160/3945/5 3878/3948/5 1355/3943/5
f 889/3927/5 2809/740/5 5160/3945/5 3876/3942/5
f 2809/740/5 320/739/5 2807/3946/5 5160/3945/5
f 2307/6186/5 5161/3941/5 3877/3944/5 387/6187/5
f 99/6188/5 2041/3928/5 5161/3941/5 2307/6186/5
f 2041/3928/5 889/3927/5 3876/3942/5 5161/3941/5
f 1539/6189/5 5162/3937/5 2569/3940/5 1/6190/5
f 387/6187/5 3877/3944/5 5162/3937/5 1539/6189/5
f 3877/3944/5 1355/3943/5 3875/3938/5 5162/3937/5
f 3872/3930/5 5163/3933/5 3874/3936/5 1354/3931/5
f 541/3975/5 2461/724/5 5163/3933/5 3872/3930/5
f 2461/724/5 253/723/5 2808/3934/5 5163/3933/5
f 2499/6191/5 5164/3929/5 3873/3932/5 579/6192/5
f 27/6181/5 1693/3976/5 5164/3929/5 2499/6191/5
f 1693/3976/5 541/3975/5 3872/3930/5 5164/3929/5
f 1731/6193/5 5165/3925/5 2041/3928/5 99/6188/5
f 579/6192/5 3873/3932/5 5165/3925/5 1731/6193/5
f 3873/3932/5 1354/3931/5 3871/3926/5 5165/3925/5
f 3868/3918/5 5166/3921/5 3870/3924/5 1353/3919/5
f 733/5331/5 2653/272/5 5166/3921/5 3868/3918/5
f 2653/272/5 89/271/5 2651/3922/5 5166/3921/5
f 2808/3934/5 5167/3917/5 3869/3920/5 888/3935/5
f 253/723/5 1885/5332/5 5167/3917/5 2808/3934/5
f 1885/5332/5 733/5331/5 3868/3918/5 5167/3917/5
f 2040/738/5 5168/3913/5 2042/3916/5 320/739/5
f 888/3935/5 3869/3920/5 5168/3913/5 2040/738/5
f 3869/3920/5 1353/3919/5 3867/3914/5 5168/3913/5
f 3864/3906/5 5169/3909/5 3866/3912/5 1352/3907/5
f 893/3891/5 2813/752/5 5169/3909/5 3864/3906/5
f 2813/752/5 321/751/5 2811/3910/5 5169/3909/5
f 2456/5374/5 5170/3905/5 3865/3908/5 536/5375/5
f 248/767/5 2045/3892/5 5170/3905/5 2456/5374/5
f 2045/3892/5 893/3891/5 3864/3906/5 5170/3905/5
f 1688/258/5 5171/3901/5 1690/3904/5 88/259/5
f 536/5375/5 3865/3908/5 5171/3901/5 1688/258/5
f 3865/3908/5 1352/3907/5 3863/3902/5 5171/3901/5
f 3860/3894/5 5172/3897/5 3862/3900/5 1351/3895/5
f 439/6194/5 2359/6195/5 5172/3897/5 3860/3894/5
f 2359/6195/5 151/6196/5 2812/3898/5 5172/3897/5
f 2648/3850/5 5173/3893/5 3861/3896/5 728/3851/5
f 31/6197/5 1591/6198/5 5173/3893/5 2648/3850/5
f 1591/6198/5 439/6194/5 3860/3894/5 5173/3893/5
f 1880/766/5 5174/3889/5 2045/3892/5 248/767/5
f 728/3851/5 3861/3896/5 5174/3889/5 1880/766/5
f 3861/3896/5 1351/3895/5 3859/3890/5 5174/3889/5
f 3856/3882/5 5175/3885/5 3858/3888/5 1350/3883/5
f 631/6199/5 2551/6200/5 5175/3885/5 3856/3882/5
f 2551/6200/5 13/6201/5 2576/3886/5 5175/3885/5
f 2812/3898/5 5176/3881/5 3857/3884/5 892/3899/5
f 151/6196/5 1783/6202/5 5176/3881/5 2812/3898/5
f 1783/6202/5 631/6199/5 3856/3882/5 5176/3881/5
f 2044/750/5 5177/3877/5 2046/3880/5 321/751/5
f 892/3899/5 3857/3884/5 5177/3877/5 2044/750/5
f 3857/3884/5 1350/3883/5 3855/3878/5 5177/3877/5
f 3852/3870/5 5178/3873/5 3854/3876/5 1349/3871/5
f 897/3855/5 2817/764/5 5178/3873/5 3852/3870/5
f 2817/764/5 322/763/5 2815/3874/5 5178/3873/5
f 2367/6203/5 5179/3869/5 3853/3872/5 447/6204/5
f 159/6205/5 2049/3856/5 5179/3869/5 2367/6203/5
f 2049/3856/5 897/3855/5 3852/3870/5 5179/3869/5
f 1599/6206/5 5180/3865/5 1689/3868/5 39/6207/5
f 447/6204/5 3853/3872/5 5180/3865/5 1599/6206/5
f 3853/3872/5 1349/3871/5 3851/3866/5 5180/3865/5
f 3848/3858/5 5181/3861/5 3850/3864/5 1348/3859/5
f 391/6208/5 2311/6209/5 5181/3861/5 3848/3858/5
f 2311/6209/5 103/6210/5 2816/3862/5 5181/3861/5
f 2559/6211/5 5182/3857/5 3849/3860/5 639/6212/5
f 3/6213/5 1543/6214/5 5182/3857/5 2559/6211/5
f 1543/6214/5 391/6208/5 3848/3858/5 5182/3857/5
f 1791/6215/5 5183/3853/5 2049/3856/5 159/6205/5
f 639/6212/5 3849/3860/5 5183/3853/5 1791/6215/5
f 3849/3860/5 1348/3859/5 3847/3854/5 5183/3853/5
f 3844/3846/5 5184/3849/5 3846/3852/5 1347/3847/5
f 583/6216/5 2503/6217/5 5184/3849/5 3844/3846/5
f 2503/6217/5 31/6197/5 2648/3850/5 5184/3849/5
f 2816/3862/5 5185/3845/5 3845/3848/5 896/3863/5
f 103/6210/5 1735/6218/5 5185/3845/5 2816/3862/5
f 1735/6218/5 583/6216/5 3844/3846/5 5185/3845/5
f 2048/762/5 5186/3841/5 2050/3844/5 322/763/5
f 896/3863/5 3845/3848/5 5186/3841/5 2048/762/5
f 3845/3848/5 1347/3847/5 3843/3842/5 5186/3841/5
f 3840/3834/5 5187/3837/5 3842/3840/5 1346/3835/5
f 901/3819/5 2821/776/5 5187/3837/5 3840/3834/5
f 2821/776/5 323/775/5 2819/3838/5 5187/3837/5
f 2319/6219/5 5188/3833/5 3841/3836/5 399/6220/5
f 111/6221/5 2053/3820/5 5188/3833/5 2319/6219/5
f 2053/3820/5 901/3819/5 3840/3834/5 5188/3833/5
f 1551/6222/5 5189/3829/5 1569/3832/5 9/6184/5
f 399/6220/5 3841/3836/5 5189/3829/5 1551/6222/5
f 3841/3836/5 1346/3835/5 3839/3830/5 5189/3829/5
f 3836/3822/5 5190/3825/5 3838/3828/5 1345/3823/5
f 537/3867/5 2457/760/5 5190/3825/5 3836/3822/5
f 2457/760/5 249/759/5 2820/3826/5 5190/3825/5
f 2511/6223/5 5191/3821/5 3837/3824/5 591/6224/5
f 39/6207/5 1689/3868/5 5191/3821/5 2511/6223/5
f 1689/3868/5 537/3867/5 3836/3822/5 5191/3821/5
f 1743/6225/5 5192/3817/5 2053/3820/5 111/6221/5
f 591/6224/5 3837/3824/5 5192/3817/5 1743/6225/5
f 3837/3824/5 1345/3823/5 3835/3818/5 5192/3817/5
f 3832/3810/5 5193/3813/5 3834/3816/5 1344/3811/5
f 729/5367/5 2649/260/5 5193/3813/5 3832/3810/5
f 2649/260/5 88/259/5 2647/3814/5 5193/3813/5
f 2820/3826/5 5194/3809/5 3833/3812/5 900/3827/5
f 249/759/5 1881/5368/5 5194/3809/5 2820/3826/5
f 1881/5368/5 729/5367/5 3832/3810/5 5194/3809/5
f 2052/774/5 5195/3805/5 2054/3808/5 323/775/5
f 900/3827/5 3833/3812/5 5195/3805/5 2052/774/5
f 3833/3812/5 1344/3811/5 3831/3806/5 5195/3805/5
f 3828/3798/5 5196/3801/5 3830/3804/5 1343/3799/5
f 905/3783/5 2825/788/5 5196/3801/5 3828/3798/5
f 2825/788/5 324/787/5 2823/3802/5 5196/3801/5
f 2452/5410/5 5197/3797/5 3829/3800/5 532/5411/5
f 244/803/5 2057/3784/5 5197/3797/5 2452/5410/5
f 2057/3784/5 905/3783/5 3828/3798/5 5197/3797/5
f 1684/246/5 5198/3793/5 1686/3796/5 87/247/5
f 532/5411/5 3829/3800/5 5198/3793/5 1684/246/5
f 3829/3800/5 1343/3799/5 3827/3794/5 5198/3793/5
f 3824/3786/5 5199/3789/5 3826/3792/5 1342/3787/5
f 451/6226/5 2371/6227/5 5199/3789/5 3824/3786/5
f 2371/6227/5 163/6228/5 2824/3790/5 5199/3789/5
f 2644/3742/5 5200/3785/5 3825/3788/5 724/3743/5
f 43/6229/5 1603/6230/5 5200/3785/5 2644/3742/5
f 1603/6230/5 451/6226/5 3824/3786/5 5200/3785/5
f 1876/802/5 5201/3781/5 2057/3784/5 244/803/5
f 724/3743/5 3825/3788/5 5201/3781/5 1876/802/5
f 3825/3788/5 1342/3787/5 3823/3782/5 5201/3781/5
f 3820/3774/5 5202/3777/5 3822/3780/5 1341/3775/5
f 643/6231/5 2563/6232/5 5202/3777/5 3820/3774/5
f 2563/6232/5 7/6233/5 1546/3778/5 5202/3777/5
f 2824/3790/5 5203/3773/5 3821/3776/5 904/3791/5
f 163/6228/5 1795/6234/5 5203/3773/5 2824/3790/5
f 1795/6234/5 643/6231/5 3820/3774/5 5203/3773/5
f 2056/786/5 5204/3769/5 2058/3772/5 324/787/5
f 904/3791/5 3821/3776/5 5204/3769/5 2056/786/5
f 3821/3776/5 1341/3775/5 3819/3770/5 5204/3769/5
f 3816/3762/5 5205/3765/5 3818/3768/5 1340/3763/5
f 909/3747/5 2829/800/5 5205/3765/5 3816/3762/5
f 2829/800/5 325/799/5 2827/3766/5 5205/3765/5
f 2384/5362/5 5206/3761/5 3817/3764/5 464/5363/5
f 176/755/5 2061/3748/5 5206/3761/5 2384/5362/5
f 2061/3748/5 909/3747/5 3816/3762/5 5206/3761/5
f 1616/262/5 5207/3757/5 1685/3760/5 56/263/5
f 464/5363/5 3817/3764/5 5207/3757/5 1616/262/5
f 3817/3764/5 1340/3763/5 3815/3758/5 5207/3757/5
f 3812/3750/5 5208/3753/5 3814/3756/5 1339/3751/5
f 403/6235/5 2323/6236/5 5208/3753/5 3812/3750/5
f 2323/6236/5 115/6237/5 2828/3754/5 5208/3753/5
f 2576/3886/5 5209/3749/5 3813/3752/5 656/3887/5
f 13/6201/5 1555/6238/5 5209/3749/5 2576/3886/5
f 1555/6238/5 403/6235/5 3812/3750/5 5209/3749/5
f 1808/754/5 5210/3745/5 2061/3748/5 176/755/5
f 656/3887/5 3813/3752/5 5210/3745/5 1808/754/5
f 3813/3752/5 1339/3751/5 3811/3746/5 5210/3745/5
f 3808/3738/5 5211/3741/5 3810/3744/5 1338/3739/5
f 595/6239/5 2515/6240/5 5211/3741/5 3808/3738/5
f 2515/6240/5 43/6229/5 2644/3742/5 5211/3741/5
f 2828/3754/5 5212/3737/5 3809/3740/5 908/3755/5
f 115/6237/5 1747/6241/5 5212/3737/5 2828/3754/5
f 1747/6241/5 595/6239/5 3808/3738/5 5212/3737/5
f 2060/798/5 5213/3733/5 2062/3736/5 325/799/5
f 908/3755/5 3809/3740/5 5213/3733/5 2060/798/5
f 3809/3740/5 1338/3739/5 3807/3734/5 5213/3733/5
f 3804/3726/5 5214/3729/5 3806/3732/5 1337/3727/5
f 913/3711/5 2833/812/5 5214/3729/5 3804/3726/5
f 2833/812/5 326/811/5 2831/3730/5 5214/3729/5
f 2336/6022/5 5215/3725/5 3805/3728/5 416/6023/5
f 128/1415/5 2065/3712/5 5215/3725/5 2336/6022/5
f 2065/3712/5 913/3711/5 3804/3726/5 5215/3725/5
f 1568/42/5 5216/3721/5 1570/3724/5 22/43/5
f 416/6023/5 3805/3728/5 5216/3721/5 1568/42/5
f 3805/3728/5 1337/3727/5 3803/3722/5 5216/3721/5
f 3800/3714/5 5217/3717/5 3802/3720/5 1336/3715/5
f 533/3759/5 2453/796/5 5217/3717/5 3800/3714/5
f 2453/796/5 245/795/5 2832/3718/5 5217/3717/5
f 2528/1906/5 5218/3713/5 3801/3716/5 608/1907/5
f 56/263/5 1685/3760/5 5218/3713/5 2528/1906/5
f 1685/3760/5 533/3759/5 3800/3714/5 5218/3713/5
f 1760/1414/5 5219/3709/5 2065/3712/5 128/1415/5
f 608/1907/5 3801/3716/5 5219/3709/5 1760/1414/5
f 3801/3716/5 1336/3715/5 3799/3710/5 5219/3709/5
f 3796/3702/5 5220/3705/5 3798/3708/5 1335/3703/5
f 725/5403/5 2645/248/5 5220/3705/5 3796/3702/5
f 2645/248/5 87/247/5 2643/3706/5 5220/3705/5
f 2832/3718/5 5221/3701/5 3797/3704/5 912/3719/5
f 245/795/5 1877/5404/5 5221/3701/5 2832/3718/5
f 1877/5404/5 725/5403/5 3796/3702/5 5221/3701/5
f 2064/810/5 5222/3697/5 2066/3700/5 326/811/5
f 912/3719/5 3797/3704/5 5222/3697/5 2064/810/5
f 3797/3704/5 1335/3703/5 3795/3698/5 5222/3697/5
f 3792/3690/4 5223/3693/4 3794/3696/4 1334/3691/4
f 917/3675/4 2837/824/4 5223/3693/4 3792/3690/4
f 2837/824/4 327/823/4 2835/3694/4 5223/3693/4
f 2448/5446/4 5224/3689/4 3793/3692/4 528/5447/4
f 240/839/4 2069/3676/4 5224/3689/4 2448/5446/4
f 2069/3676/4 917/3675/4 3792/3690/4 5224/3689/4
f 1680/234/4 5225/3685/4 1682/3688/4 86/235/4
f 528/5447/4 3793/3692/4 5225/3685/4 1680/234/4
f 3793/3692/4 1334/3691/4 3791/3686/4 5225/3685/4
f 3788/3678/4 5226/3681/4 3790/3684/4 1333/3679/4
f 469/2031/4 2389/1372/4 5226/3681/4 3788/3678/4
f 2389/1372/4 181/1371/4 2836/3682/4 5226/3681/4
f 2640/3634/4 5227/3677/4 3789/3680/4 720/3635/4
f 61/219/4 1621/2032/4 5227/3677/4 2640/3634/4
f 1621/2032/4 469/2031/4 3788/3678/4 5227/3677/4
f 1872/838/4 5228/3673/4 2069/3676/4 240/839/4
f 720/3635/4 3789/3680/4 5228/3673/4 1872/838/4
f 3789/3680/4 1333/3679/4 3787/3674/4 5228/3673/4
f 3784/3666/4 5229/3669/4 3786/3672/4 1332/3667/4
f 661/5979/4 2581/56/4 5229/3669/4 3784/3666/4
f 2581/56/4 23/55/4 2579/3670/4 5229/3669/4
f 2836/3682/4 5230/3665/4 3785/3668/4 916/3683/4
f 181/1371/4 1813/5980/4 5230/3665/4 2836/3682/4
f 1813/5980/4 661/5979/4 3784/3666/4 5230/3665/4
f 2068/822/4 5231/3661/4 2070/3664/4 327/823/4
f 916/3683/4 3785/3668/4 5231/3661/4 2068/822/4
f 3785/3668/4 1332/3667/4 3783/3662/4 5231/3661/4
f 1753/6242/4 5233/3653/4 3781/3656/4 601/6243/4
f 121/6244/4 2073/3640/4 5233/3653/4 1753/6242/4
f 2073/3640/4 921/3639/4 3780/3654/4 5233/3653/4
f 2521/6245/4 5234/3649/4 1681/3652/4 49/6246/4
f 601/6243/4 3781/3656/4 5234/3649/4 2521/6245/4
f 3781/3656/4 1331/3655/4 3779/3650/4 5234/3649/4
f 1561/6247/4 5236/3641/4 3777/3644/4 409/6248/4
f 19/6249/4 1573/3508/4 5236/3641/4 1561/6247/4
f 1573/3508/4 421/3507/4 3776/3642/4 5236/3641/4
f 2329/6250/4 5237/3637/4 2073/3640/4 121/6244/4
f 409/6248/4 3777/3644/4 5237/3637/4 2329/6250/4
f 3777/3644/4 1330/3643/4 3775/3638/4 5237/3637/4
f 3772/3630/4 5238/3633/4 3774/3636/4 1329/3631/4
f 613/5487/4 2533/220/4 5238/3633/4 3772/3630/4
f 2533/220/4 61/219/4 2640/3634/4 5238/3633/4
f 1801/6251/4 5242/3617/4 3769/3620/4 649/6252/4
f 169/6253/4 2077/3604/4 5242/3617/4 1801/6251/4
f 2077/3604/4 925/3603/4 3768/3618/4 5242/3617/4
f 2569/6254/4 5243/3613/4 2560/3616/4 1/6255/4
f 649/6252/4 3769/3620/4 5243/3613/4 2569/6254/4
f 3769/3620/4 1328/3619/4 3767/3614/4 5243/3613/4
f 1609/6256/4 5245/3605/4 3765/3608/4 457/6257/4
f 49/6246/4 1681/3652/4 5245/3605/4 1609/6256/4
f 1681/3652/4 529/3651/4 3764/3606/4 5245/3605/4
f 2377/6258/4 5246/3601/4 2077/3604/4 169/6253/4
f 457/6257/4 3765/3608/4 5246/3601/4 2377/6258/4
f 3765/3608/4 1327/3607/4 3763/3602/4 5246/3601/4
f 3760/3594/4 5247/3597/4 3762/3600/4 1326/3595/4
f 721/5439/4 2641/236/4 5247/3597/4 3760/3594/4
f 2641/236/4 86/235/4 2639/3598/4 5247/3597/4
f 3756/3582/4 5250/3585/4 3758/3588/4 1325/3583/4
f 929/3567/4 2849/860/4 5250/3585/4 3756/3582/4
f 2849/860/4 330/859/4 2847/3586/4 5250/3585/4
f 2444/5482/4 5251/3581/4 3757/3584/4 524/5483/4
f 236/875/4 2081/3568/4 5251/3581/4 2444/5482/4
f 2081/3568/4 929/3567/4 3756/3582/4 5251/3581/4
f 1676/222/4 5252/3577/4 1678/3580/4 85/223/4
f 524/5483/4 3757/3584/4 5252/3577/4 1676/222/4
f 3757/3584/4 1325/3583/4 3755/3578/4 5252/3577/4
f 3752/3570/4 5253/3573/4 3754/3576/4 1324/3571/4
f 444/2103/4 2364/1348/4 5253/3573/4 3752/3570/4
f 2364/1348/4 156/1347/4 2848/3574/4 5253/3573/4
f 2636/3526/4 5254/3569/4 3753/3572/4 716/3527/4
f 36/195/4 1596/2104/4 5254/3569/4 2636/3526/4
f 1596/2104/4 444/2103/4 3752/3570/4 5254/3569/4
f 1868/874/4 5255/3565/4 2081/3568/4 236/875/4
f 716/3527/4 3753/3572/4 5255/3565/4 1868/874/4
f 3753/3572/4 1324/3571/4 3751/3566/4 5255/3565/4
f 3748/3558/4 5256/3561/4 3750/3564/4 1323/3559/4
f 636/5955/4 2556/64/4 5256/3561/4 3748/3558/4
f 2556/64/4 18/63/4 2580/3562/4 5256/3561/4
f 2848/3574/4 5257/3557/4 3749/3560/4 928/3575/4
f 156/1347/4 1788/5956/4 5257/3557/4 2848/3574/4
f 1788/5956/4 636/5955/4 3748/3558/4 5257/3557/4
f 2080/858/4 5258/3553/4 2082/3556/4 330/859/4
f 928/3575/4 3749/3560/4 5258/3553/4 2080/858/4
f 3749/3560/4 1323/3559/4 3747/3554/4 5258/3553/4
f 1741/6259/4 5260/3545/4 3745/3548/4 589/6260/4
f 109/6261/4 2085/3532/4 5260/3545/4 1741/6259/4
f 2085/3532/4 933/3531/4 3744/3546/4 5260/3545/4
f 2509/6262/4 5261/3541/4 1677/3544/4 37/6263/4
f 589/6260/4 3745/3548/4 5261/3541/4 2509/6262/4
f 3745/3548/4 1322/3547/4 3743/3542/4 5261/3541/4
f 1549/6264/4 5263/3533/4 3741/3536/4 397/6265/4
f 5/19/4 1548/3292/4 5263/3533/4 1549/6264/4
f 1548/3292/4 396/3291/4 3740/3534/4 5263/3533/4
f 2317/6266/4 5264/3529/4 2085/3532/4 109/6261/4
f 397/6265/4 3741/3536/4 5264/3529/4 2317/6266/4
f 3741/3536/4 1321/3535/4 3739/3530/4 5264/3529/4
f 3736/3522/4 5265/3525/4 3738/3528/4 1320/3523/4
f 588/5559/4 2508/196/4 5265/3525/4 3736/3522/4
f 2508/196/4 36/195/4 2636/3526/4 5265/3525/4
f 1789/6267/4 5269/3509/4 3733/3512/4 637/6268/4
f 157/6269/4 2089/3496/4 5269/3509/4 1789/6267/4
f 2089/3496/4 937/3495/4 3732/3510/4 5269/3509/4
f 2557/6270/4 5270/3505/4 1573/3508/4 19/6249/4
f 637/6268/4 3733/3512/4 5270/3505/4 2557/6270/4
f 3733/3512/4 1319/3511/4 3731/3506/4 5270/3505/4
f 1597/6271/4 5272/3497/4 3729/3500/4 445/6272/4
f 37/6263/4 1677/3544/4 5272/3497/4 1597/6271/4
f 1677/3544/4 525/3543/4 3728/3498/4 5272/3497/4
f 2365/6273/4 5273/3493/4 2089/3496/4 157/6269/4
f 445/6272/4 3729/3500/4 5273/3493/4 2365/6273/4
f 3729/3500/4 1318/3499/4 3727/3494/4 5273/3493/4
f 3724/3486/4 5274/3489/4 3726/3492/4 1317/3487/4
f 717/5475/4 2637/224/4 5274/3489/4 3724/3486/4
f 2637/224/4 85/223/4 2635/3490/4 5274/3489/4
f 2440/5518/4 5278/3473/4 3721/3476/4 520/5519/4
f 232/911/4 2093/3460/4 5278/3473/4 2440/5518/4
f 2093/3460/4 941/3459/4 3720/3474/4 5278/3473/4
f 1672/210/4 5279/3469/4 1674/3472/4 84/211/4
f 520/5519/4 3721/3476/4 5279/3469/4 1672/210/4
f 3721/3476/4 1316/3475/4 3719/3470/4 5279/3469/4
f 2632/3418/4 5281/3461/4 3717/3464/4 712/3419/4
f 48/351/4 1608/1636/4 5281/3461/4 2632/3418/4
f 1608/1636/4 456/1635/4 3716/3462/4 5281/3461/4
f 1864/910/4 5282/3457/4 2093/3460/4 232/911/4
f 712/3419/4 3717/3464/4 5282/3457/4 1864/910/4
f 3717/3464/4 1315/3463/4 3715/3458/4 5282/3457/4
f 3712/3450/4 5283/3453/4 3714/3456/4 1314/3451/4
f 648/6111/4 2568/12/4 5283/3453/4 3712/3450/4
f 2568/12/4 6/11/4 2570/3454/4 5283/3453/4
f 3708/3438/4 5286/3441/4 3710/3444/4 1313/3439/4
f 945/3423/4 2865/908/4 5286/3441/4 3708/3438/4
f 2865/908/4 334/907/4 2863/3442/4 5286/3441/4
f 2388/5470/4 5287/3437/4 3709/3440/4 468/5471/4
f 180/863/4 2097/3424/4 5287/3437/4 2388/5470/4
f 2097/3424/4 945/3423/4 3708/3438/4 5287/3437/4
f 1620/226/4 5288/3433/4 1673/3436/4 60/227/4
f 468/5471/4 3709/3440/4 5288/3433/4 1620/226/4
f 3709/3440/4 1313/3439/4 3707/3434/4 5288/3433/4
f 3704/3426/4 5289/3429/4 3706/3432/4 1312/3427/4
f 408/4695/4 2328/484/4 5289/3429/4 3704/3426/4
f 2328/484/4 120/483/4 2864/3430/4 5289/3429/4
f 2580/3562/4 5290/3425/4 3705/3428/4 660/3563/4
f 18/63/4 1560/4696/4 5290/3425/4 2580/3562/4
f 1560/4696/4 408/4695/4 3704/3426/4 5290/3425/4
f 1812/862/4 5291/3421/4 2097/3424/4 180/863/4
f 660/3563/4 3705/3428/4 5291/3421/4 1812/862/4
f 3705/3428/4 1312/3427/4 3703/3422/4 5291/3421/4
f 3700/3414/4 5292/3417/4 3702/3420/4 1311/3415/4
f 600/5091/4 2520/352/4 5292/3417/4 3700/3414/4
f 2520/352/4 48/351/4 2632/3418/4 5292/3417/4
f 2864/3430/4 5293/3413/4 3701/3416/4 944/3431/4
f 120/483/4 1752/5092/4 5293/3413/4 2864/3430/4
f 1752/5092/4 600/5091/4 3700/3414/4 5293/3413/4
f 2096/906/4 5294/3409/4 2098/3412/4 334/907/4
f 944/3431/4 3701/3416/4 5294/3409/4 2096/906/4
f 3701/3416/4 1311/3415/4 3699/3410/4 5294/3409/4
f 3696/3402/4 5295/3405/4 3698/3408/4 1310/3403/4
f 949/3387/4 2869/920/4 5295/3405/4 3696/3402/4
f 2869/920/4 335/919/4 2867/3406/4 5295/3405/4
f 2340/5986/4 5296/3401/4 3697/3404/4 420/5987/4
f 132/1379/4 2101/3388/4 5296/3401/4 2340/5986/4
f 2101/3388/4 949/3387/4 3696/3402/4 5296/3401/4
f 1572/54/4 5297/3397/4 1574/3400/4 23/55/4
f 420/5987/4 3697/3404/4 5297/3397/4 1572/54/4
f 3697/3404/4 1310/3403/4 3695/3398/4 5297/3397/4
f 3692/3390/4 5298/3393/4 3694/3396/4 1309/3391/4
f 521/3435/4 2441/904/4 5298/3393/4 3692/3390/4
f 2441/904/4 233/903/4 2868/3394/4 5298/3393/4
f 2532/2014/4 5299/3389/4 3693/3392/4 612/2015/4
f 60/227/4 1673/3436/4 5299/3389/4 2532/2014/4
f 1673/3436/4 521/3435/4 3692/3390/4 5299/3389/4
f 1764/1378/4 5300/3385/4 2101/3388/4 132/1379/4
f 612/2015/4 3693/3392/4 5300/3385/4 1764/1378/4
f 3693/3392/4 1309/3391/4 3691/3386/4 5300/3385/4
f 3688/3378/4 5301/3381/4 3690/3384/4 1308/3379/4
f 713/5511/4 2633/212/4 5301/3381/4 3688/3378/4
f 2633/212/4 84/211/4 2631/3382/4 5301/3381/4
f 2868/3394/4 5302/3377/4 3689/3380/4 948/3395/4
f 233/903/4 1865/5512/4 5302/3377/4 2868/3394/4
f 1865/5512/4 713/5511/4 3688/3378/4 5302/3377/4
f 2100/918/4 5303/3373/4 2102/3376/4 335/919/4
f 948/3395/4 3689/3380/4 5303/3373/4 2100/918/4
f 3689/3380/4 1308/3379/4 3687/3374/4 5303/3373/4
f 3684/3366/3 5304/3369/3 3686/3372/3 1307/3367/3
f 953/3351/3 2873/932/3 5304/3369/3 3684/3366/3
f 2873/932/3 336/931/3 2871/3370/3 5304/3369/3
f 2436/5554/3 5305/3365/3 3685/3368/3 516/5555/3
f 228/947/3 2105/3352/3 5305/3365/3 2436/5554/3
f 2105/3352/3 953/3351/3 3684/3366/3 5305/3365/3
f 1668/198/3 5306/3361/3 1670/3364/3 83/199/3
f 516/5555/3 3685/3368/3 5306/3361/3 1668/198/3
f 3685/3368/3 1307/3367/3 3683/3362/3 5306/3361/3
f 3680/3354/3 5307/3357/3 3682/3360/3 1306/3355/3
f 473/2139/3 2393/1336/3 5307/3357/3 3680/3354/3
f 2393/1336/3 185/1335/3 2872/3358/3 5307/3357/3
f 2628/3310/3 5308/3353/3 3681/3356/3 708/3311/3
f 65/183/3 1625/2140/3 5308/3353/3 2628/3310/3
f 1625/2140/3 473/2139/3 3680/3354/3 5308/3353/3
f 1860/946/3 5309/3349/3 2105/3352/3 228/947/3
f 708/3311/3 3681/3356/3 5309/3349/3 1860/946/3
f 3681/3356/3 1306/3355/3 3679/3350/3 5309/3349/3
f 3676/3342/3 5310/3345/3 3678/3348/3 1305/3343/3
f 665/5943/3 2585/68/3 5310/3345/3 3676/3342/3
f 2585/68/3 24/67/3 2583/3346/3 5310/3345/3
f 2872/3358/3 5311/3341/3 3677/3344/3 952/3359/3
f 185/1335/3 1817/5944/3 5311/3341/3 2872/3358/3
f 1817/5944/3 665/5943/3 3676/3342/3 5311/3341/3
f 2104/930/3 5312/3337/3 2106/3340/3 336/931/3
f 952/3359/3 3677/3344/3 5312/3337/3 2104/930/3
f 3677/3344/3 1305/3343/3 3675/3338/3 5312/3337/3
f 1750/5146/3 5314/3329/3 3673/3332/3 598/5147/3
f 118/539/3 2109/3316/3 5314/3329/3 1750/5146/3
f 2109/3316/3 957/3315/3 3672/3330/3 5314/3329/3
f 2518/334/3 5315/3325/3 1669/3328/3 46/335/3
f 598/5147/3 3673/3332/3 5315/3325/3 2518/334/3
f 3673/3332/3 1304/3331/3 3671/3326/3 5315/3325/3
f 1558/4534/3 5317/3317/3 3669/3320/3 406/4535/3
f 16/47/3 1577/3184/3 5317/3317/3 1558/4534/3
f 1577/3184/3 425/3183/3 3668/3318/3 5317/3317/3
f 2326/538/3 5318/3313/3 2109/3316/3 118/539/3
f 406/4535/3 3669/3320/3 5318/3313/3 2326/538/3
f 3669/3320/3 1303/3319/3 3667/3314/3 5318/3313/3
f 3664/3306/3 5319/3309/3 3666/3312/3 1302/3307/3
f 617/5595/3 2537/184/3 5319/3309/3 3664/3306/3
f 2537/184/3 65/183/3 2628/3310/3 5319/3309/3
f 1798/6094/3 5323/3293/3 3661/3296/3 646/6095/3
f 166/1487/3 2113/3280/3 5323/3293/3 1798/6094/3
f 2113/3280/3 961/3279/3 3660/3294/3 5323/3293/3
f 2566/18/3 5324/3289/3 1548/3292/3 5/19/3
f 646/6095/3 3661/3296/3 5324/3289/3 2566/18/3
f 3661/3296/3 1301/3295/3 3659/3290/3 5324/3289/3
f 1606/1690/3 5326/3281/3 3657/3284/3 454/1691/3
f 46/335/3 1669/3328/3 5326/3281/3 1606/1690/3
f 1669/3328/3 517/3327/3 3656/3282/3 5326/3281/3
f 2374/1486/3 5327/3277/3 2113/3280/3 166/1487/3
f 454/1691/3 3657/3284/3 5327/3277/3 2374/1486/3
f 3657/3284/3 1300/3283/3 3655/3278/3 5327/3277/3
f 3652/3270/3 5328/3273/3 3654/3276/3 1299/3271/3
f 709/5547/3 2629/200/3 5328/3273/3 3652/3270/3
f 2629/200/3 83/199/3 2627/3274/3 5328/3273/3
f 3648/3258/3 5331/3261/3 3650/3264/3 1298/3259/3
f 965/3243/3 2885/968/3 5331/3261/3 3648/3258/3
f 2885/968/3 339/967/3 2883/3262/3 5331/3261/3
f 2432/5590/3 5332/3257/3 3649/3260/3 512/5591/3
f 224/983/3 2117/3244/3 5332/3257/3 2432/5590/3
f 2117/3244/3 965/3243/3 3648/3258/3 5332/3257/3
f 1664/186/3 5333/3253/3 1666/3256/3 82/187/3
f 512/5591/3 3649/3260/3 5333/3253/3 1664/186/3
f 3649/3260/3 1298/3259/3 3647/3254/3 5333/3253/3
f 3644/3246/3 5334/3249/3 3646/3252/3 1297/3247/3
f 441/2211/3 2361/1312/3 5334/3249/3 3644/3246/3
f 2361/1312/3 153/1311/3 2884/3250/3 5334/3249/3
f 2624/3202/3 5335/3245/3 3645/3248/3 704/3203/3
f 33/159/3 1593/2212/3 5335/3245/3 2624/3202/3
f 1593/2212/3 441/2211/3 3644/3246/3 5335/3245/3
f 1856/982/3 5336/3241/3 2117/3244/3 224/983/3
f 704/3203/3 3645/3248/3 5336/3241/3 1856/982/3
f 3645/3248/3 1297/3247/3 3643/3242/3 5336/3241/3
f 3640/3234/3 5337/3237/3 3642/3240/3 1296/3235/3
f 633/5919/3 2553/76/3 5337/3237/3 3640/3234/3
f 2553/76/3 15/75/3 2584/3238/3 5337/3237/3
f 2884/3250/3 5338/3233/3 3641/3236/3 964/3251/3
f 153/1311/3 1785/5920/3 5338/3233/3 2884/3250/3
f 1785/5920/3 633/5919/3 3640/3234/3 5338/3233/3
f 2116/966/3 5339/3229/3 2118/3232/3 339/967/3
f 964/3251/3 3641/3236/3 5339/3229/3 2116/966/3
f 3641/3236/3 1296/3235/3 3639/3230/3 5339/3229/3
f 1738/5398/3 5341/3221/3 3637/3224/3 586/5399/3
f 106/791/3 2121/3208/3 5341/3221/3 1738/5398/3
f 2121/3208/3 969/3207/3 3636/3222/3 5341/3221/3
f 2506/250/3 5342/3217/3 1665/3220/3 34/251/3
f 586/5399/3 3637/3224/3 5342/3217/3 2506/250/3
f 3637/3224/3 1295/3223/3 3635/3218/3 5342/3217/3
f 1546/3778/3 5344/3209/3 3633/3212/3 394/3779/3
f 7/6233/3 1545/2968/3 5344/3209/3 1546/3778/3
f 1545/2968/3 393/2967/3 3632/3210/3 5344/3209/3
f 2314/790/3 5345/3205/3 2121/3208/3 106/791/3
f 394/3779/3 3633/3212/3 5345/3205/3 2314/790/3
f 3633/3212/3 1294/3211/3 3631/3206/3 5345/3205/3
f 3628/3198/3 5346/3201/3 3630/3204/3 1293/3199/3
f 585/5667/3 2505/160/3 5346/3201/3 3628/3198/3
f 2505/160/3 33/159/3 2624/3202/3 5346/3201/3
f 1786/6010/3 5350/3185/3 3625/3188/3 634/6011/3
f 154/1403/3 2125/3172/3 5350/3185/3 1786/6010/3
f 2125/3172/3 973/3171/3 3624/3186/3 5350/3185/3
f 2554/46/3 5351/3181/3 1577/3184/3 16/47/3
f 634/6011/3 3625/3188/3 5351/3181/3 2554/46/3
f 3625/3188/3 1292/3187/3 3623/3182/3 5351/3181/3
f 1594/1942/3 5353/3173/3 3621/3176/3 442/1943/3
f 34/251/3 1665/3220/3 5353/3173/3 1594/1942/3
f 1665/3220/3 513/3219/3 3620/3174/3 5353/3173/3
f 2362/1402/3 5354/3169/3 2125/3172/3 154/1403/3
f 442/1943/3 3621/3176/3 5354/3169/3 2362/1402/3
f 3621/3176/3 1291/3175/3 3619/3170/3 5354/3169/3
f 3616/3162/3 5355/3165/3 3618/3168/3 1290/3163/3
f 705/5583/3 2625/188/3 5355/3165/3 3616/3162/3
f 2625/188/3 82/187/3 2623/3166/3 5355/3165/3
f 2428/5626/3 5359/3149/3 3613/3152/3 508/5627/3
f 220/1019/3 2129/3136/3 5359/3149/3 2428/5626/3
f 2129/3136/3 977/3135/3 3612/3150/3 5359/3149/3
f 1660/174/3 5360/3145/3 1662/3148/3 81/175/3
f 508/5627/3 3613/3152/3 5360/3145/3 1660/174/3
f 3613/3152/3 1289/3151/3 3611/3146/3 5360/3145/3
f 2620/3094/3 5362/3137/3 3609/3140/3 700/3095/3
f 45/363/3 1605/1600/3 5362/3137/3 2620/3094/3
f 1605/1600/3 453/1599/3 3608/3138/3 5362/3137/3
f 1852/1018/3 5363/3133/3 2129/3136/3 220/1019/3
f 700/3095/3 3609/3140/3 5363/3133/3 1852/1018/3
f 3609/3140/3 1288/3139/3 3607/3134/3 5363/3133/3
f 3604/3126/3 5364/3129/3 3606/3132/3 1287/3127/3
f 645/6123/3 2565/8/3 5364/3129/3 3604/3126/3
f 2565/8/3 8/7/3 2567/3130/3 5364/3129/3
f 3600/3114/3 5367/3117/3 3602/3120/3 1286/3115/3
f 981/3099/3 2901/1016/3 5367/3117/3 3600/3114/3
f 2901/1016/3 343/1015/3 2899/3118/3 5367/3117/3
f 2392/5578/3 5368/3113/3 3601/3116/3 472/5579/3
f 184/971/3 2133/3100/3 5368/3113/3 2392/5578/3
f 2133/3100/3 981/3099/3 3600/3114/3 5368/3113/3
f 1624/190/3 5369/3109/3 1661/3112/3 64/191/3
f 472/5579/3 3601/3116/3 5369/3109/3 1624/190/3
f 3601/3116/3 1286/3115/3 3599/3110/3 5369/3109/3
f 3596/3102/3 5370/3105/3 3598/3108/3 1285/3103/3
f 405/4803/3 2325/448/3 5370/3105/3 3596/3102/3
f 2325/448/3 117/447/3 2900/3106/3 5370/3105/3
f 2584/3238/3 5371/3101/3 3597/3104/3 664/3239/3
f 15/75/3 1557/4804/3 5371/3101/3 2584/3238/3
f 1557/4804/3 405/4803/3 3596/3102/3 5371/3101/3
f 1816/970/3 5372/3097/3 2133/3100/3 184/971/3
f 664/3239/3 3597/3104/3 5372/3097/3 1816/970/3
f 3597/3104/3 1285/3103/3 3595/3098/3 5372/3097/3
f 3592/3090/3 5373/3093/3 3594/3096/3 1284/3091/3
f 597/5055/3 2517/364/3 5373/3093/3 3592/3090/3
f 2517/364/3 45/363/3 2620/3094/3 5373/3093/3
f 2900/3106/3 5374/3089/3 3593/3092/3 980/3107/3
f 117/447/3 1749/5056/3 5374/3089/3 2900/3106/3
f 1749/5056/3 597/5055/3 3592/3090/3 5374/3089/3
f 2132/1014/3 5375/3085/3 2134/3088/3 343/1015/3
f 980/3107/3 3593/3092/3 5375/3085/3 2132/1014/3
f 3593/3092/3 1284/3091/3 3591/3086/3 5375/3085/3
f 3588/3078/3 5376/3081/3 3590/3084/3 1283/3079/3
f 985/3063/3 2905/1028/3 5376/3081/3 3588/3078/3
f 2905/1028/3 344/1027/3 2903/3082/3 5376/3081/3
f 2344/5950/3 5377/3077/3 3589/3080/3 424/5951/3
f 136/1343/3 2137/3064/3 5377/3077/3 2344/5950/3
f 2137/3064/3 985/3063/3 3588/3078/3 5377/3077/3
f 1576/66/3 5378/3073/3 1578/3076/3 24/67/3
f 424/5951/3 3589/3080/3 5378/3073/3 1576/66/3
f 3589/3080/3 1283/3079/3 3587/3074/3 5378/3073/3
f 3584/3066/3 5379/3069/3 3586/3072/3 1282/3067/3
f 509/3111/3 2429/1012/3 5379/3069/3 3584/3066/3
f 2429/1012/3 221/1011/3 2904/3070/3 5379/3069/3
f 2536/2122/3 5380/3065/3 3585/3068/3 616/2123/3
f 64/191/3 1661/3112/3 5380/3065/3 2536/2122/3
f 1661/3112/3 509/3111/3 3584/3066/3 5380/3065/3
f 1768/1342/3 5381/3061/3 2137/3064/3 136/1343/3
f 616/2123/3 3585/3068/3 5381/3061/3 1768/1342/3
f 3585/3068/3 1282/3067/3 3583/3062/3 5381/3061/3
f 3580/3054/3 5382/3057/3 3582/3060/3 1281/3055/3
f 701/5619/3 2621/176/3 5382/3057/3 3580/3054/3
f 2621/176/3 81/175/3 2619/3058/3 5382/3057/3
f 2904/3070/3 5383/3053/3 3581/3056/3 984/3071/3
f 221/1011/3 1853/5620/3 5383/3053/3 2904/3070/3
f 1853/5620/3 701/5619/3 3580/3054/3 5383/3053/3
f 2136/1026/3 5384/3049/3 2138/3052/3 344/1027/3
f 984/3071/3 3581/3056/3 5384/3049/3 2136/1026/3
f 3581/3056/3 1281/3055/3 3579/3050/3 5384/3049/3
f 3576/3042/2 5385/3045/2 3578/3048/2 1280/3043/2
f 989/3027/2 2909/1040/2 5385/3045/2 3576/3042/2
f 2909/1040/2 345/1039/2 2907/3046/2 5385/3045/2
f 2424/5662/2 5386/3041/2 3577/3044/2 504/5663/2
f 216/1055/2 2141/3028/2 5386/3041/2 2424/5662/2
f 2141/3028/2 989/3027/2 3576/3042/2 5386/3041/2
f 1656/162/2 5387/3037/2 1658/3040/2 80/163/2
f 504/5663/2 3577/3044/2 5387/3037/2 1656/162/2
f 3577/3044/2 1280/3043/2 3575/3038/2 5387/3037/2
f 3572/3030/2 5388/3033/2 3574/3036/2 1279/3031/2
f 477/2247/2 2397/1300/2 5388/3033/2 3572/3030/2
f 2397/1300/2 189/1299/2 2908/3034/2 5388/3033/2
f 2616/2986/2 5389/3029/2 3573/3032/2 696/2987/2
f 69/147/2 1629/2248/2 5389/3029/2 2616/2986/2
f 1629/2248/2 477/2247/2 3572/3030/2 5389/3029/2
f 1848/1054/2 5390/3025/2 2141/3028/2 216/1055/2
f 696/2987/2 3573/3032/2 5390/3025/2 1848/1054/2
f 3573/3032/2 1279/3031/2 3571/3026/2 5390/3025/2
f 3568/3018/2 5391/3021/2 3570/3024/2 1278/3019/2
f 669/5907/2 2589/80/2 5391/3021/2 3568/3018/2
f 2589/80/2 25/79/2 2587/3022/2 5391/3021/2
f 2908/3034/2 5392/3017/2 3569/3020/2 988/3035/2
f 189/1299/2 1821/5908/2 5392/3017/2 2908/3034/2
f 1821/5908/2 669/5907/2 3568/3018/2 5392/3017/2
f 2140/1038/2 5393/3013/2 2142/3016/2 345/1039/2
f 988/3035/2 3569/3020/2 5393/3013/2 2140/1038/2
f 3569/3020/2 1278/3019/2 3567/3014/2 5393/3013/2
f 1747/6274/2 5395/3005/2 3565/3008/2 595/6275/2
f 115/6276/2 2145/2992/2 5395/3005/2 1747/6274/2
f 2145/2992/2 993/2991/2 3564/3006/2 5395/3005/2
f 2515/6277/2 5396/3001/2 1657/3004/2 43/6278/2
f 595/6275/2 3565/3008/2 5396/3001/2 2515/6277/2
f 3565/3008/2 1277/3007/2 3563/3002/2 5396/3001/2
f 1555/6279/2 5398/2993/2 3561/2996/2 403/6280/2
f 13/6281/2 1581/2860/2 5398/2993/2 1555/6279/2
f 1581/2860/2 429/2859/2 3560/2994/2 5398/2993/2
f 2323/6282/2 5399/2989/2 2145/2992/2 115/6276/2
f 403/6280/2 3561/2996/2 5399/2989/2 2323/6282/2
f 3561/2996/2 1276/2995/2 3559/2990/2 5399/2989/2
f 3556/2982/2 5400/2985/2 3558/2988/2 1275/2983/2
f 621/5703/2 2541/148/2 5400/2985/2 3556/2982/2
f 2541/148/2 69/147/2 2616/2986/2 5400/2985/2
f 1795/6283/2 5404/2969/2 3553/2972/2 643/6284/2
f 163/6285/2 2149/2956/2 5404/2969/2 1795/6283/2
f 2149/2956/2 997/2955/2 3552/2970/2 5404/2969/2
f 2563/6286/2 5405/2965/2 1545/2968/2 7/6233/2
f 643/6284/2 3553/2972/2 5405/2965/2 2563/6286/2
f 3553/2972/2 1274/2971/2 3551/2966/2 5405/2965/2
f 1603/6287/2 5407/2957/2 3549/2960/2 451/6288/2
f 43/6278/2 1657/3004/2 5407/2957/2 1603/6287/2
f 1657/3004/2 505/3003/2 3548/2958/2 5407/2957/2
f 2371/6289/2 5408/2953/2 2149/2956/2 163/6285/2
f 451/6288/2 3549/2960/2 5408/2953/2 2371/6289/2
f 3549/2960/2 1273/2959/2 3547/2954/2 5408/2953/2
f 3544/2946/2 5409/2949/2 3546/2952/2 1272/2947/2
f 697/5655/2 2617/164/2 5409/2949/2 3544/2946/2
f 2617/164/2 80/163/2 2615/2950/2 5409/2949/2
f 3540/2934/2 5412/2937/2 3542/2940/2 1271/2935/2
f 1001/2919/2 2921/1076/2 5412/2937/2 3540/2934/2
f 2921/1076/2 348/1075/2 2919/2938/2 5412/2937/2
f 2420/5698/2 5413/2933/2 3541/2936/2 500/5699/2
f 212/1091/2 2153/2920/2 5413/2933/2 2420/5698/2
f 2153/2920/2 1001/2919/2 3540/2934/2 5413/2933/2
f 1652/150/2 5414/2929/2 1654/2932/2 79/151/2
f 500/5699/2 3541/2936/2 5414/2929/2 1652/150/2
f 3541/2936/2 1271/2935/2 3539/2930/2 5414/2929/2
f 3536/2922/2 5415/2925/2 3538/2928/2 1270/2923/2
f 438/2319/2 2358/1276/2 5415/2925/2 3536/2922/2
f 2358/1276/2 150/1275/2 2920/2926/2 5415/2925/2
f 2612/2878/2 5416/2921/2 3537/2924/2 692/2879/2
f 30/123/2 1590/2320/2 5416/2921/2 2612/2878/2
f 1590/2320/2 438/2319/2 3536/2922/2 5416/2921/2
f 1844/1090/2 5417/2917/2 2153/2920/2 212/1091/2
f 692/2879/2 3537/2924/2 5417/2917/2 1844/1090/2
f 3537/2924/2 1270/2923/2 3535/2918/2 5417/2917/2
f 3532/2910/2 5418/2913/2 3534/2916/2 1269/2911/2
f 630/5883/2 2550/88/2 5418/2913/2 3532/2910/2
f 2550/88/2 12/87/2 2588/2914/2 5418/2913/2
f 2920/2926/2 5419/2909/2 3533/2912/2 1000/2927/2
f 150/1275/2 1782/5884/2 5419/2909/2 2920/2926/2
f 1782/5884/2 630/5883/2 3532/2910/2 5419/2909/2
f 2152/1074/2 5420/2905/2 2154/2908/2 348/1075/2
f 1000/2927/2 3533/2912/2 5420/2905/2 2152/1074/2
f 3533/2912/2 1269/2911/2 3531/2906/2 5420/2905/2
f 1735/6290/2 5422/2897/2 3529/2900/2 583/6291/2
f 103/6292/2 2157/2884/2 5422/2897/2 1735/6290/2
f 2157/2884/2 1005/2883/2 3528/2898/2 5422/2897/2
f 2503/6293/2 5423/2893/2 1653/2896/2 31/6294/2
f 583/6291/2 3529/2900/2 5423/2893/2 2503/6293/2
f 3529/2900/2 1268/2899/2 3527/2894/2 5423/2893/2
f 1543/6295/2 5425/2885/2 3525/2888/2 391/6296/2
f 3/6297/2 1542/2644/2 5425/2885/2 1543/6295/2
f 1542/2644/2 390/2643/2 3524/2886/2 5425/2885/2
f 2311/6298/2 5426/2881/2 2157/2884/2 103/6292/2
f 391/6296/2 3525/2888/2 5426/2881/2 2311/6298/2
f 3525/2888/2 1267/2887/2 3523/2882/2 5426/2881/2
f 3520/2874/2 5427/2877/2 3522/2880/2 1266/2875/2
f 582/5775/2 2502/124/2 5427/2877/2 3520/2874/2
f 2502/124/2 30/123/2 2612/2878/2 5427/2877/2
f 1783/6299/2 5431/2861/2 3517/2864/2 631/6300/2
f 151/6301/2 2161/2848/2 5431/2861/2 1783/6299/2
f 2161/2848/2 1009/2847/2 3516/2862/2 5431/2861/2
f 2551/6302/2 5432/2857/2 1581/2860/2 13/6281/2
f 631/6300/2 3517/2864/2 5432/2857/2 2551/6302/2
f 3517/2864/2 1265/2863/2 3515/2858/2 5432/2857/2
f 1591/6303/2 5434/2849/2 3513/2852/2 439/6304/2
f 31/6294/2 1653/2896/2 5434/2849/2 1591/6303/2
f 1653/2896/2 501/2895/2 3512/2850/2 5434/2849/2
f 2359/6305/2 5435/2845/2 2161/2848/2 151/6301/2
f 439/6304/2 3513/2852/2 5435/2845/2 2359/6305/2
f 3513/2852/2 1264/2851/2 3511/2846/2 5435/2845/2
f 3508/2838/2 5436/2841/2 3510/2844/2 1263/2839/2
f 693/5691/2 2613/152/2 5436/2841/2 3508/2838/2
f 2613/152/2 79/151/2 2611/2842/2 5436/2841/2
f 2416/5734/2 5440/2825/2 3505/2828/2 496/5735/2
f 208/1127/2 2165/2812/2 5440/2825/2 2416/5734/2
f 2165/2812/2 1013/2811/2 3504/2826/2 5440/2825/2
f 1648/138/2 5441/2821/2 1650/2824/2 78/139/2
f 496/5735/2 3505/2828/2 5441/2821/2 1648/138/2
f 3505/2828/2 1262/2827/2 3503/2822/2 5441/2821/2
f 2608/2770/2 5443/2813/2 3501/2816/2 688/2771/2
f 42/375/2 1602/1564/2 5443/2813/2 2608/2770/2
f 1602/1564/2 450/1563/2 3500/2814/2 5443/2813/2
f 1840/1126/2 5444/2809/2 2165/2812/2 208/1127/2
f 688/2771/2 3501/2816/2 5444/2809/2 1840/1126/2
f 3501/2816/2 1261/2815/2 3499/2810/2 5444/2809/2
f 3496/2802/2 5445/2805/2 3498/2808/2 1260/2803/2
f 642/6135/2 2562/4/2 5445/2805/2 3496/2802/2
f 2562/4/2 4/3/2 2564/2806/2 5445/2805/2
f 3492/2790/2 5448/2793/2 3494/2796/2 1259/2791/2
f 1017/2775/2 2937/1124/2 5448/2793/2 3492/2790/2
f 2937/1124/2 352/1123/2 2935/2794/2 5448/2793/2
f 2396/5686/2 5449/2789/2 3493/2792/2 476/5687/2
f 188/1079/2 2169/2776/2 5449/2789/2 2396/5686/2
f 2169/2776/2 1017/2775/2 3492/2790/2 5449/2789/2
f 1628/154/2 5450/2785/2 1649/2788/2 68/155/2
f 476/5687/2 3493/2792/2 5450/2785/2 1628/154/2
f 3493/2792/2 1259/2791/2 3491/2786/2 5450/2785/2
f 3488/2778/2 5451/2781/2 3490/2784/2 1258/2779/2
f 402/4911/2 2322/412/2 5451/2781/2 3488/2778/2
f 2322/412/2 114/411/2 2936/2782/2 5451/2781/2
f 2588/2914/2 5452/2777/2 3489/2780/2 668/2915/2
f 12/87/2 1554/4912/2 5452/2777/2 2588/2914/2
f 1554/4912/2 402/4911/2 3488/2778/2 5452/2777/2
f 1820/1078/2 5453/2773/2 2169/2776/2 188/1079/2
f 668/2915/2 3489/2780/2 5453/2773/2 1820/1078/2
f 3489/2780/2 1258/2779/2 3487/2774/2 5453/2773/2
f 3484/2766/2 5454/2769/2 3486/2772/2 1257/2767/2
f 594/5019/2 2514/376/2 5454/2769/2 3484/2766/2
f 2514/376/2 42/375/2 2608/2770/2 5454/2769/2
f 2936/2782/2 5455/2765/2 3485/2768/2 1016/2783/2
f 114/411/2 1746/5020/2 5455/2765/2 2936/2782/2
f 1746/5020/2 594/5019/2 3484/2766/2 5455/2765/2
f 2168/1122/2 5456/2761/2 2170/2764/2 352/1123/2
f 1016/2783/2 3485/2768/2 5456/2761/2 2168/1122/2
f 3485/2768/2 1257/2767/2 3483/2762/2 5456/2761/2
f 3480/2754/2 5457/2757/2 3482/2760/2 1256/2755/2
f 1021/2739/2 2941/1136/2 5457/2757/2 3480/2754/2
f 2941/1136/2 353/1135/2 2939/2758/2 5457/2757/2
f 2348/5914/2 5458/2753/2 3481/2756/2 428/5915/2
f 140/1307/2 2173/2740/2 5458/2753/2 2348/5914/2
f 2173/2740/2 1021/2739/2 3480/2754/2 5458/2753/2
f 1580/78/2 5459/2749/2 1582/2752/2 25/79/2
f 428/5915/2 3481/2756/2 5459/2749/2 1580/78/2
f 3481/2756/2 1256/2755/2 3479/2750/2 5459/2749/2
f 3476/2742/2 5460/2745/2 3478/2748/2 1255/2743/2
f 497/2787/2 2417/1120/2 5460/2745/2 3476/2742/2
f 2417/1120/2 209/1119/2 2940/2746/2 5460/2745/2
f 2540/2230/2 5461/2741/2 3477/2744/2 620/2231/2
f 68/155/2 1649/2788/2 5461/2741/2 2540/2230/2
f 1649/2788/2 497/2787/2 3476/2742/2 5461/2741/2
f 1772/1306/2 5462/2737/2 2173/2740/2 140/1307/2
f 620/2231/2 3477/2744/2 5462/2737/2 1772/1306/2
f 3477/2744/2 1255/2743/2 3475/2738/2 5462/2737/2
f 3472/2730/2 5463/2733/2 3474/2736/2 1254/2731/2
f 689/5727/2 2609/140/2 5463/2733/2 3472/2730/2
f 2609/140/2 78/139/2 2607/2734/2 5463/2733/2
f 2940/2746/2 5464/2729/2 3473/2732/2 1020/2747/2
f 209/1119/2 1841/5728/2 5464/2729/2 2940/2746/2
f 1841/5728/2 689/5727/2 3472/2730/2 5464/2729/2
f 2172/1134/2 5465/2725/2 2174/2728/2 353/1135/2
f 1020/2747/2 3473/2732/2 5465/2725/2 2172/1134/2
f 3473/2732/2 1254/2731/2 3471/2726/2 5465/2725/2
f 3468/2718/1 5466/2721/1 3470/2724/1 1253/2719/1
f 1025/2703/1 2945/1148/1 5466/2721/1 3468/2718/1
f 2945/1148/1 354/1147/1 2943/2722/1 5466/2721/1
f 2412/5770/1 5467/2717/1 3469/2720/1 492/5771/1
f 204/1163/1 2177/2704/1 5467/2717/1 2412/5770/1
f 2177/2704/1 1025/2703/1 3468/2718/1 5467/2717/1
f 1644/126/1 5468/2713/1 1646/2716/1 77/127/1
f 492/5771/1 3469/2720/1 5468/2713/1 1644/126/1
f 3469/2720/1 1253/2719/1 3467/2714/1 5468/2713/1
f 3464/2706/1 5469/2709/1 3466/2712/1 1252/2707/1
f 481/2355/1 2401/1264/1 5469/2709/1 3464/2706/1
f 2401/1264/1 193/1263/1 2944/2710/1 5469/2709/1
f 2604/2662/1 5470/2705/1 3465/2708/1 684/2663/1
f 73/111/1 1633/2356/1 5470/2705/1 2604/2662/1
f 1633/2356/1 481/2355/1 3464/2706/1 5470/2705/1
f 1836/1162/1 5471/2701/1 2177/2704/1 204/1163/1
f 684/2663/1 3465/2708/1 5471/2701/1 1836/1162/1
f 3465/2708/1 1252/2707/1 3463/2702/1 5471/2701/1
f 3460/2694/1 5472/2697/1 3462/2700/1 1251/2695/1
f 673/5871/1 2593/92/1 5472/2697/1 3460/2694/1
f 2593/92/1 26/91/1 2591/2698/1 5472/2697/1
f 2944/2710/1 5473/2693/1 3461/2696/1 1024/2711/1
f 193/1263/1 1825/5872/1 5473/2693/1 2944/2710/1
f 1825/5872/1 673/5871/1 3460/2694/1 5473/2693/1
f 2176/1146/1 5474/2689/1 2178/2692/1 354/1147/1
f 1024/2711/1 3461/2696/1 5474/2689/1 2176/1146/1
f 3461/2696/1 1251/2695/1 3459/2690/1 5474/2689/1
f 1743/6306/1 5476/2681/1 3457/2684/1 591/6307/1
f 111/6308/1 2181/2668/1 5476/2681/1 1743/6306/1
f 2181/2668/1 1029/2667/1 3456/2682/1 5476/2681/1
f 2511/6309/1 5477/2677/1 1645/2680/1 39/6310/1
f 591/6307/1 3457/2684/1 5477/2677/1 2511/6309/1
f 3457/2684/1 1250/2683/1 3455/2678/1 5477/2677/1
f 1551/6311/1 5479/2669/1 3453/2672/1 399/6312/1
f 9/6313/1 1585/2536/1 5479/2669/1 1551/6311/1
f 1585/2536/1 433/2535/1 3452/2670/1 5479/2669/1
f 2319/6314/1 5480/2665/1 2181/2668/1 111/6308/1
f 399/6312/1 3453/2672/1 5480/2665/1 2319/6314/1
f 3453/2672/1 1249/2671/1 3451/2666/1 5480/2665/1
f 3448/2658/1 5481/2661/1 3450/2664/1 1248/2659/1
f 625/5811/1 2545/112/1 5481/2661/1 3448/2658/1
f 2545/112/1 73/111/1 2604/2662/1 5481/2661/1
f 1791/6315/1 5485/2645/1 3445/2648/1 639/6316/1
f 159/6317/1 2185/2632/1 5485/2645/1 1791/6315/1
f 2185/2632/1 1033/2631/1 3444/2646/1 5485/2645/1
f 2559/6318/1 5486/2641/1 1542/2644/1 3/6297/1
f 639/6316/1 3445/2648/1 5486/2641/1 2559/6318/1
f 3445/2648/1 1247/2647/1 3443/2642/1 5486/2641/1
f 1599/6319/1 5488/2633/1 3441/2636/1 447/6320/1
f 39/6310/1 1645/2680/1 5488/2633/1 1599/6319/1
f 1645/2680/1 493/2679/1 3440/2634/1 5488/2633/1
f 2367/6321/1 5489/2629/1 2185/2632/1 159/6317/1
f 447/6320/1 3441/2636/1 5489/2629/1 2367/6321/1
f 3441/2636/1 1246/2635/1 3439/2630/1 5489/2629/1
f 3436/2622/1 5490/2625/1 3438/2628/1 1245/2623/1
f 685/5763/1 2605/128/1 5490/2625/1 3436/2622/1
f 2605/128/1 77/127/1 2603/2626/1 5490/2625/1
f 3432/2610/1 5493/2613/1 3434/2616/1 1244/2611/1
f 1037/2595/1 2957/1184/1 5493/2613/1 3432/2610/1
f 2957/1184/1 357/1183/1 2955/2614/1 5493/2613/1
f 2408/5806/1 5494/2609/1 3433/2612/1 488/5807/1
f 200/1199/1 2189/2596/1 5494/2609/1 2408/5806/1
f 2189/2596/1 1037/2595/1 3432/2610/1 5494/2609/1
f 1640/114/1 5495/2605/1 1642/2608/1 76/115/1
f 488/5807/1 3433/2612/1 5495/2605/1 1640/114/1
f 3433/2612/1 1244/2611/1 3431/2606/1 5495/2605/1
f 3428/2598/1 5496/2601/1 3430/2604/1 1243/2599/1
f 592/6322/1 1744/6323/1 5496/2601/1 3428/2598/1
f 1744/6323/1 112/6324/1 2956/2602/1 5496/2601/1
f 2600/2554/1 5497/2597/1 3429/2600/1 680/2555/1
f 40/6325/1 2512/6326/1 5497/2597/1 2600/2554/1
f 2512/6326/1 592/6322/1 3428/2598/1 5497/2597/1
f 1832/1198/1 5498/2593/1 2189/2596/1 200/1199/1
f 680/2555/1 3429/2600/1 5498/2593/1 1832/1198/1
f 3429/2600/1 1243/2599/1 3427/2594/1 5498/2593/1
f 3424/2586/1 5499/2589/1 3426/2592/1 1242/2587/1
f 400/6327/1 1552/6328/1 5499/2589/1 3424/2586/1
f 1552/6328/1 10/6329/1 2592/2590/1 5499/2589/1
f 2956/2602/1 5500/2585/1 3425/2588/1 1036/2603/1
f 112/6324/1 2320/6330/1 5500/2585/1 2956/2602/1
f 2320/6330/1 400/6327/1 3424/2586/1 5500/2585/1
f 2188/1182/1 5501/2581/1 2190/2584/1 357/1183/1
f 1036/2603/1 3425/2588/1 5501/2581/1 2188/1182/1
f 3425/2588/1 1242/2587/1 3423/2582/1 5501/2581/1
f 1731/6331/1 5503/2573/1 3421/2576/1 579/6332/1
f 99/6333/1 2193/2560/1 5503/2573/1 1731/6331/1
f 2193/2560/1 1041/2559/1 3420/2574/1 5503/2573/1
f 2499/6334/1 5504/2569/1 1641/2572/1 27/6335/1
f 579/6332/1 3421/2576/1 5504/2569/1 2499/6334/1
f 3421/2576/1 1241/2575/1 3419/2570/1 5504/2569/1
f 1539/6339/1 5506/2561/1 3417/2564/1 387/6340/1
f 1/6341/1 2560/6342/1 5506/2561/1 1539/6339/1
f 2560/6342/1 640/6336/1 3416/2562/1 5506/2561/1
f 2307/6343/1 5507/2557/1 2193/2560/1 99/6333/1
f 387/6340/1 3417/2564/1 5507/2557/1 2307/6343/1
f 3417/2564/1 1240/2563/1 3415/2558/1 5507/2557/1
f 3412/2550/1 5508/2553/1 3414/2556/1 1239/2551/1
f 448/6344/1 1600/6345/1 5508/2553/1 3412/2550/1
f 1600/6345/1 40/6325/1 2600/2554/1 5508/2553/1
f 1779/6347/1 5512/2537/1 3409/2540/1 627/6348/1
f 147/6349/1 2197/2524/1 5512/2537/1 1779/6347/1
f 2197/2524/1 1045/2523/1 3408/2538/1 5512/2537/1
f 2547/6350/1 5513/2533/1 1585/2536/1 9/6313/1
f 627/6348/1 3409/2540/1 5513/2533/1 2547/6350/1
f 3409/2540/1 1238/2539/1 3407/2534/1 5513/2533/1
f 1587/6351/1 5515/2525/1 3405/2528/1 435/6352/1
f 27/6335/1 1641/2572/1 5515/2525/1 1587/6351/1
f 1641/2572/1 489/2571/1 3404/2526/1 5515/2525/1
f 2355/6353/1 5516/2521/1 2197/2524/1 147/6349/1
f 435/6352/1 3405/2528/1 5516/2521/1 2355/6353/1
f 3405/2528/1 1237/2527/1 3403/2522/1 5516/2521/1
f 3400/2514/1 5517/2517/1 3402/2520/1 1236/2515/1
f 681/5799/1 2601/116/1 5517/2517/1 3400/2514/1
f 2601/116/1 76/115/1 2599/2518/1 5517/2517/1
f 2404/5842/1 5521/2501/1 3397/2504/1 484/5843/1
f 196/1235/1 2201/2488/1 5521/2501/1 2404/5842/1
f 2201/2488/1 1049/2487/1 3396/2502/1 5521/2501/1
f 1636/102/1 5522/2497/1 1638/2500/1 75/103/1
f 484/5843/1 3397/2504/1 5522/2497/1 1636/102/1
f 3397/2504/1 1235/2503/1 3395/2498/1 5522/2497/1
f 2596/2446/1 5524/2489/1 3393/2492/1 676/2447/1
f 28/6357/1 2500/6358/1 5524/2489/1 2596/2446/1
f 2500/6358/1 580/6354/1 3392/2490/1 5524/2489/1
f 1828/1234/1 5525/2485/1 2201/2488/1 196/1235/1
f 676/2447/1 3393/2492/1 5525/2485/1 1828/1234/1
f 3393/2492/1 1234/2491/1 3391/2486/1 5525/2485/1
f 3388/2478/1 5526/2481/1 3390/2484/1 1233/2479/1
f 388/6359/1 1540/6360/1 5526/2481/1 3388/2478/1
f 1540/6360/1 2/6361/1 2561/2482/1 5526/2481/1
f 3384/2466/1 5529/2469/1 3386/2472/1 1232/2467/1
f 1053/2451/1 2973/1232/1 5529/2469/1 3384/2466/1
f 2973/1232/1 361/1231/1 2971/2470/1 5529/2469/1
f 2400/5794/1 5530/2465/1 3385/2468/1 480/5795/1
f 192/1187/1 2205/2452/1 5530/2465/1 2400/5794/1
f 2205/2452/1 1053/2451/1 3384/2466/1 5530/2465/1
f 1632/118/1 5531/2461/1 1637/2464/1 72/119/1
f 480/5795/1 3385/2468/1 5531/2461/1 1632/118/1
f 3385/2468/1 1232/2467/1 3383/2462/1 5531/2461/1
f 3380/2454/1 5532/2457/1 3382/2460/1 1231/2455/1
f 628/6363/1 1780/6364/1 5532/2457/1 3380/2454/1
f 1780/6364/1 148/6365/1 2972/2458/1 5532/2457/1
f 2592/2590/1 5533/2453/1 3381/2456/1 672/2591/1
f 10/6329/1 2548/6366/1 5533/2453/1 2592/2590/1
f 2548/6366/1 628/6363/1 3380/2454/1 5533/2453/1
f 1824/1186/1 5534/2449/1 2205/2452/1 192/1187/1
f 672/2591/1 3381/2456/1 5534/2449/1 1824/1186/1
f 3381/2456/1 1231/2455/1 3379/2450/1 5534/2449/1
f 3376/2442/1 5535/2445/1 3378/2448/1 1230/2443/1
f 436/6367/1 1588/6368/1 5535/2445/1 3376/2442/1
f 1588/6368/1 28/6357/1 2596/2446/1 5535/2445/1
f 2972/2458/1 5536/2441/1 3377/2444/1 1052/2459/1
f 148/6365/1 2356/6369/1 5536/2441/1 2972/2458/1
f 2356/6369/1 436/6367/1 3376/2442/1 5536/2441/1
f 2204/1230/1 5537/2437/1 2206/2440/1 361/1231/1
f 1052/2459/1 3377/2444/1 5537/2437/1 2204/1230/1
f 3377/2444/1 1230/2443/1 3375/2438/1 5537/2437/1
f 3372/2430/1 5538/2433/1 3374/2436/1 1229/2431/1
f 1057/2415/1 2977/1244/1 5538/2433/1 3372/2430/1
f 2977/1244/1 362/1243/1 2975/2434/1 5538/2433/1
f 2352/5878/1 5539/2429/1 3373/2432/1 432/5879/1
f 144/1271/1 2209/2416/1 5539/2429/1 2352/5878/1
f 2209/2416/1 1057/2415/1 3372/2430/1 5539/2429/1
f 1584/90/1 5540/2425/1 1586/2428/1 26/91/1
f 432/5879/1 3373/2432/1 5540/2425/1 1584/90/1
f 3373/2432/1 1229/2431/1 3371/2426/1 5540/2425/1
f 3368/2418/1 5541/2421/1 3370/2424/1 1228/2419/1
f 485/2463/1 2405/1228/1 5541/2421/1 3368/2418/1
f 2405/1228/1 197/1227/1 2976/2422/1 5541/2421/1
f 2544/2338/1 5542/2417/1 3369/2420/1 624/2339/1
f 72/119/1 1637/2464/1 5542/2417/1 2544/2338/1
f 1637/2464/1 485/2463/1 3368/2418/1 5542/2417/1
f 1776/1270/1 5543/2413/1 2209/2416/1 144/1271/1
f 624/2339/1 3369/2420/1 5543/2413/1 1776/1270/1
f 3369/2420/1 1228/2419/1 3367/2414/1 5543/2413/1
f 3364/2406/1 5544/2409/1 3366/2412/1 1227/2407/1
f 677/5835/1 2597/104/1 5544/2409/1 3364/2406/1
f 2597/104/1 75/103/1 2595/2410/1 5544/2409/1
f 2976/2422/1 5545/2405/1 3365/2408/1 1056/2423/1
f 197/1227/1 1829/5836/1 5545/2405/1 2976/2422/1
f 1829/5836/1 677/5835/1 3364/2406/1 5545/2405/1
f 2208/1242/1 5546/2401/1 2210/2404/1 362/1243/1
f 1056/2423/1 3365/2408/1 5546/2401/1 2208/1242/1
f 3365/2408/1 1227/2407/1 3363/2402/1 5546/2401/1
f 2403/5854/1 5548/2393/1 3361/2396/1 483/5855/1
f 195/1247/1 2213/2380/1 5548/2393/1 2403/5854/1
f 2213/2380/1 1061/2379/1 3360/2394/1 5548/2393/1
f 1635/98/1 5549/2389/1 1634/2392/1 74/99/1
f 483/5855/1 3361/2396/1 5549/2389/1 1635/98/1
f 3361/2396/1 1226/2395/1 3359/2390/1 5549/2389/1
f 2595/2410/1 5551/2381/1 3357/2384/1 675/2411/1
f 75/103/1 1638/2500/1 5551/2381/1 2595/2410/1
f 1638/2500/1 486/2499/1 3356/2382/1 5551/2381/1
f 1827/1246/1 5552/2377/1 2213/2380/1 195/1247/1
f 675/2411/1 3357/2384/1 5552/2377/1 1827/1246/1
f 3357/2384/1 1225/2383/1 3355/2378/1 5552/2377/1
f 3352/2370/1 5553/2373/1 3354/2376/1 1224/2371/1
f 678/5823/1 2598/108/1 5553/2373/1 3352/2370/1
f 2598/108/1 41/107/1 2513/2374/1 5553/2373/1
f 3348/2358/1 5556/2361/1 3350/2364/1 1223/2359/1
f 1065/2343/1 2985/1268/1 5556/2361/1 3348/2358/1
f 2985/1268/1 364/1267/1 2983/2362/1 5556/2361/1
f 2407/5818/1 5557/2357/1 3349/2360/1 487/5819/1
f 199/1211/1 2217/2344/1 5557/2357/1 2407/5818/1
f 2217/2344/1 1065/2343/1 3348/2358/1 5557/2357/1
f 1639/110/1 5558/2353/1 1633/2356/1 73/111/1
f 487/5819/1 3349/2360/1 5558/2353/1 1639/110/1
f 3349/2360/1 1223/2359/1 3347/2354/1 5558/2353/1
f 3344/2346/1 5559/2349/1 3346/2352/1 1222/2347/1
f 490/2607/1 2410/1180/1 5559/2349/1 3344/2346/1
f 2410/1180/1 202/1179/1 2984/2350/1 5559/2349/1
f 2599/2518/1 5560/2345/1 3345/2348/1 679/2519/1
f 76/115/1 1642/2608/1 5560/2345/1 2599/2518/1
f 1642/2608/1 490/2607/1 3344/2346/1 5560/2345/1
f 1831/1210/1 5561/2341/1 2217/2344/1 199/1211/1
f 679/2519/1 3345/2348/1 5561/2341/1 1831/1210/1
f 3345/2348/1 1222/2347/1 3343/2342/1 5561/2341/1
f 3340/2334/1 5562/2337/1 3342/2340/1 1221/2335/1
f 682/5787/1 2602/120/1 5562/2337/1 3340/2334/1
f 2602/120/1 72/119/1 2544/2338/1 5562/2337/1
f 2984/2350/1 5563/2333/1 3341/2336/1 1064/2351/1
f 202/1179/1 1834/5788/1 5563/2333/1 2984/2350/1
f 1834/5788/1 682/5787/1 3340/2334/1 5563/2333/1
f 2216/1266/1 5564/2329/1 2218/2332/1 364/1267/1
f 1064/2351/1 3341/2336/1 5564/2329/1 2216/1266/1
f 3341/2336/1 1221/2335/1 3339/2330/1 5564/2329/1
f 3336/2322/1 5565/2325/1 3338/2328/1 1220/2323/1
f 1069/2307/1 2989/1280/1 5565/2325/1 3336/2322/1
f 2989/1280/1 365/1279/1 2987/2326/1 5565/2325/1
f 2411/5782/1 5566/2321/1 3337/2324/1 491/5783/1
f 203/1175/1 2221/2308/1 5566/2321/1 2411/5782/1
f 2221/2308/1 1069/2307/1 3336/2322/1 5566/2321/1
f 1643/122/1 5567/2317/1 1590/2320/1 30/123/1
f 491/5783/1 3337/2324/1 5567/2317/1 1643/122/1
f 3337/2324/1 1220/2323/1 3335/2318/1 5567/2317/1
f 3332/2310/1 5568/2313/1 3334/2316/1 1219/2311/1
f 494/2715/1 2414/1144/1 5568/2313/1 3332/2310/1
f 2414/1144/1 206/1143/1 2988/2314/1 5568/2313/1
f 2603/2626/1 5569/2309/1 3333/2312/1 683/2627/1
f 77/127/1 1646/2716/1 5569/2309/1 2603/2626/1
f 1646/2716/1 494/2715/1 3332/2310/1 5569/2309/1
f 1835/1174/1 5570/2305/1 2221/2308/1 203/1175/1
f 683/2627/1 3333/2312/1 5570/2305/1 1835/1174/1
f 3333/2312/1 1219/2311/1 3331/2306/1 5570/2305/1
f 3328/2298/1 5571/2301/1 3330/2304/1 1218/2299/1
f 686/5751/1 2606/132/1 5571/2301/1 3328/2298/1
f 2606/132/1 71/131/1 2543/2302/1 5571/2301/1
f 2988/2314/1 5572/2297/1 3329/2300/1 1068/2315/1
f 206/1143/1 1838/5752/1 5572/2297/1 2988/2314/1
f 1838/5752/1 686/5751/1 3328/2298/1 5572/2297/1
f 2220/1278/1 5573/2293/1 2222/2296/1 365/1279/1
f 1068/2315/1 3329/2300/1 5573/2293/1 2220/1278/1
f 3329/2300/1 1218/2299/1 3327/2294/1 5573/2293/1
f 2415/5746/2 5575/2285/2 3325/2288/2 495/5747/2
f 207/1139/2 2225/2272/2 5575/2285/2 2415/5746/2
f 2225/2272/2 1073/2271/2 3324/2286/2 5575/2285/2
f 1647/134/2 5576/2281/2 1630/2284/2 70/135/2
f 495/5747/2 3325/2288/2 5576/2281/2 1647/134/2
f 3325/2288/2 1217/2287/2 3323/2282/2 5576/2281/2
f 2607/2734/2 5578/2273/2 3321/2276/2 687/2735/2
f 78/139/2 1650/2824/2 5578/2273/2 2607/2734/2
f 1650/2824/2 498/2823/2 3320/2274/2 5578/2273/2
f 1839/1138/2 5579/2269/2 2225/2272/2 207/1139/2
f 687/2735/2 3321/2276/2 5579/2269/2 1839/1138/2
f 3321/2276/2 1216/2275/2 3319/2270/2 5579/2269/2
f 3316/2262/2 5580/2265/2 3318/2268/2 1215/2263/2
f 690/5715/2 2610/144/2 5580/2265/2 3316/2262/2
f 2610/144/2 44/143/2 2516/2266/2 5580/2265/2
f 3312/2250/2 5583/2253/2 3314/2256/2 1214/2251/2
f 1077/2235/2 2997/1304/2 5583/2253/2 3312/2250/2
f 2997/1304/2 367/1303/2 2995/2254/2 5583/2253/2
f 2419/5710/2 5584/2249/2 3313/2252/2 499/5711/2
f 211/1103/2 2229/2236/2 5584/2249/2 2419/5710/2
f 2229/2236/2 1077/2235/2 3312/2250/2 5584/2249/2
f 1651/146/2 5585/2245/2 1629/2248/2 69/147/2
f 499/5711/2 3313/2252/2 5585/2245/2 1651/146/2
f 3313/2252/2 1214/2251/2 3311/2246/2 5585/2245/2
f 3308/2238/2 5586/2241/2 3310/2244/2 1213/2239/2
f 502/2931/2 2422/1072/2 5586/2241/2 3308/2238/2
f 2422/1072/2 214/1071/2 2996/2242/2 5586/2241/2
f 2611/2842/2 5587/2237/2 3309/2240/2 691/2843/2
f 79/151/2 1654/2932/2 5587/2237/2 2611/2842/2
f 1654/2932/2 502/2931/2 3308/2238/2 5587/2237/2
f 1843/1102/2 5588/2233/2 2229/2236/2 211/1103/2
f 691/2843/2 3309/2240/2 5588/2233/2 1843/1102/2
f 3309/2240/2 1213/2239/2 3307/2234/2 5588/2233/2
f 3304/2226/2 5589/2229/2 3306/2232/2 1212/2227/2
f 694/5679/2 2614/156/2 5589/2229/2 3304/2226/2
f 2614/156/2 68/155/2 2540/2230/2 5589/2229/2
f 2996/2242/2 5590/2225/2 3305/2228/2 1076/2243/2
f 214/1071/2 1846/5680/2 5590/2225/2 2996/2242/2
f 1846/5680/2 694/5679/2 3304/2226/2 5590/2225/2
f 2228/1302/2 5591/2221/2 2230/2224/2 367/1303/2
f 1076/2243/2 3305/2228/2 5591/2221/2 2228/1302/2
f 3305/2228/2 1212/2227/2 3303/2222/2 5591/2221/2
f 3300/2214/2 5592/2217/2 3302/2220/2 1211/2215/2
f 1081/2199/2 3001/1316/2 5592/2217/2 3300/2214/2
f 3001/1316/2 368/1315/2 2999/2218/2 5592/2217/2
f 2423/5674/2 5593/2213/2 3301/2216/2 503/5675/2
f 215/1067/2 2233/2200/2 5593/2213/2 2423/5674/2
f 2233/2200/2 1081/2199/2 3300/2214/2 5593/2213/2
f 1655/158/2 5594/2209/2 1593/2212/2 33/159/2
f 503/5675/2 3301/2216/2 5594/2209/2 1655/158/2
f 3301/2216/2 1211/2215/2 3299/2210/2 5594/2209/2
f 3296/2202/2 5595/2205/2 3298/2208/2 1210/2203/2
f 506/3039/2 2426/1036/2 5595/2205/2 3296/2202/2
f 2426/1036/2 218/1035/2 3000/2206/2 5595/2205/2
f 2615/2950/2 5596/2201/2 3297/2204/2 695/2951/2
f 80/163/2 1658/3040/2 5596/2201/2 2615/2950/2
f 1658/3040/2 506/3039/2 3296/2202/2 5596/2201/2
f 1847/1066/2 5597/2197/2 2233/2200/2 215/1067/2
f 695/2951/2 3297/2204/2 5597/2197/2 1847/1066/2
f 3297/2204/2 1210/2203/2 3295/2198/2 5597/2197/2
f 3292/2190/2 5598/2193/2 3294/2196/2 1209/2191/2
f 698/5643/2 2618/168/2 5598/2193/2 3292/2190/2
f 2618/168/2 67/167/2 2539/2194/2 5598/2193/2
f 3000/2206/2 5599/2189/2 3293/2192/2 1080/2207/2
f 218/1035/2 1850/5644/2 5599/2189/2 3000/2206/2
f 1850/5644/2 698/5643/2 3292/2190/2 5599/2189/2
f 2232/1314/2 5600/2185/2 2234/2188/2 368/1315/2
f 1080/2207/2 3293/2192/2 5600/2185/2 2232/1314/2
f 3293/2192/2 1209/2191/2 3291/2186/2 5600/2185/2
f 2427/5638/3 5602/2177/3 3289/2180/3 507/5639/3
f 219/1031/3 2237/2164/3 5602/2177/3 2427/5638/3
f 2237/2164/3 1085/2163/3 3288/2178/3 5602/2177/3
f 1659/170/3 5603/2173/3 1626/2176/3 66/171/3
f 507/5639/3 3289/2180/3 5603/2173/3 1659/170/3
f 3289/2180/3 1208/2179/3 3287/2174/3 5603/2173/3
f 2619/3058/3 5605/2165/3 3285/2168/3 699/3059/3
f 81/175/3 1662/3148/3 5605/2165/3 2619/3058/3
f 1662/3148/3 510/3147/3 3284/2166/3 5605/2165/3
f 1851/1030/3 5606/2161/3 2237/2164/3 219/1031/3
f 699/3059/3 3285/2168/3 5606/2161/3 1851/1030/3
f 3285/2168/3 1207/2167/3 3283/2162/3 5606/2161/3
f 3280/2154/3 5607/2157/3 3282/2160/3 1206/2155/3
f 702/5607/3 2622/180/3 5607/2157/3 3280/2154/3
f 2622/180/3 47/179/3 2519/2158/3 5607/2157/3
f 3276/2142/3 5610/2145/3 3278/2148/3 1205/2143/3
f 1089/2127/3 3009/1340/3 5610/2145/3 3276/2142/3
f 3009/1340/3 370/1339/3 3007/2146/3 5610/2145/3
f 2431/5602/3 5611/2141/3 3277/2144/3 511/5603/3
f 223/995/3 2241/2128/3 5611/2141/3 2431/5602/3
f 2241/2128/3 1089/2127/3 3276/2142/3 5611/2141/3
f 1663/182/3 5612/2137/3 1625/2140/3 65/183/3
f 511/5603/3 3277/2144/3 5612/2137/3 1663/182/3
f 3277/2144/3 1205/2143/3 3275/2138/3 5612/2137/3
f 3272/2130/3 5613/2133/3 3274/2136/3 1204/2131/3
f 514/3255/3 2434/964/3 5613/2133/3 3272/2130/3
f 2434/964/3 226/963/3 3008/2134/3 5613/2133/3
f 2623/3166/3 5614/2129/3 3273/2132/3 703/3167/3
f 82/187/3 1666/3256/3 5614/2129/3 2623/3166/3
f 1666/3256/3 514/3255/3 3272/2130/3 5614/2129/3
f 1855/994/3 5615/2125/3 2241/2128/3 223/995/3
f 703/3167/3 3273/2132/3 5615/2125/3 1855/994/3
f 3273/2132/3 1204/2131/3 3271/2126/3 5615/2125/3
f 3268/2118/3 5616/2121/3 3270/2124/3 1203/2119/3
f 706/5571/3 2626/192/3 5616/2121/3 3268/2118/3
f 2626/192/3 64/191/3 2536/2122/3 5616/2121/3
f 3008/2134/3 5617/2117/3 3269/2120/3 1088/2135/3
f 226/963/3 1858/5572/3 5617/2117/3 3008/2134/3
f 1858/5572/3 706/5571/3 3268/2118/3 5617/2117/3
f 2240/1338/3 5618/2113/3 2242/2116/3 370/1339/3
f 1088/2135/3 3269/2120/3 5618/2113/3 2240/1338/3
f 3269/2120/3 1203/2119/3 3267/2114/3 5618/2113/3
f 3264/2106/3 5619/2109/3 3266/2112/3 1202/2107/3
f 1093/2091/3 3013/1352/3 5619/2109/3 3264/2106/3
f 3013/1352/3 371/1351/3 3011/2110/3 5619/2109/3
f 2435/5566/3 5620/2105/3 3265/2108/3 515/5567/3
f 227/959/3 2245/2092/3 5620/2105/3 2435/5566/3
f 2245/2092/3 1093/2091/3 3264/2106/3 5620/2105/3
f 1667/194/3 5621/2101/3 1596/2104/3 36/195/3
f 515/5567/3 3265/2108/3 5621/2101/3 1667/194/3
f 3265/2108/3 1202/2107/3 3263/2102/3 5621/2101/3
f 3260/2094/3 5622/2097/3 3262/2100/3 1201/2095/3
f 518/3363/3 2438/928/3 5622/2097/3 3260/2094/3
f 2438/928/3 230/927/3 3012/2098/3 5622/2097/3
f 2627/3274/3 5623/2093/3 3261/2096/3 707/3275/3
f 83/199/3 1670/3364/3 5623/2093/3 2627/3274/3
f 1670/3364/3 518/3363/3 3260/2094/3 5623/2093/3
f 1859/958/3 5624/2089/3 2245/2092/3 227/959/3
f 707/3275/3 3261/2096/3 5624/2089/3 1859/958/3
f 3261/2096/3 1201/2095/3 3259/2090/3 5624/2089/3
f 3256/2082/3 5625/2085/3 3258/2088/3 1200/2083/3
f 710/5535/3 2630/204/3 5625/2085/3 3256/2082/3
f 2630/204/3 63/203/3 2535/2086/3 5625/2085/3
f 3012/2098/3 5626/2081/3 3257/2084/3 1092/2099/3
f 230/927/3 1862/5536/3 5626/2081/3 3012/2098/3
f 1862/5536/3 710/5535/3 3256/2082/3 5626/2081/3
f 2244/1350/3 5627/2077/3 2246/2080/3 371/1351/3
f 1092/2099/3 3257/2084/3 5627/2077/3 2244/1350/3
f 3257/2084/3 1200/2083/3 3255/2078/3 5627/2077/3
f 2439/5530/4 5629/2069/4 3253/2072/4 519/5531/4
f 231/923/4 2249/2056/4 5629/2069/4 2439/5530/4
f 2249/2056/4 1097/2055/4 3252/2070/4 5629/2069/4
f 1671/206/4 5630/2065/4 1622/2068/4 62/207/4
f 519/5531/4 3253/2072/4 5630/2065/4 1671/206/4
f 3253/2072/4 1199/2071/4 3251/2066/4 5630/2065/4
f 2631/3382/4 5632/2057/4 3249/2060/4 711/3383/4
f 84/211/4 1674/3472/4 5632/2057/4 2631/3382/4
f 1674/3472/4 522/3471/4 3248/2058/4 5632/2057/4
f 1863/922/4 5633/2053/4 2249/2056/4 231/923/4
f 711/3383/4 3249/2060/4 5633/2053/4 1863/922/4
f 3249/2060/4 1198/2059/4 3247/2054/4 5633/2053/4
f 3244/2046/4 5634/2049/4 3246/2052/4 1197/2047/4
f 714/5499/4 2634/216/4 5634/2049/4 3244/2046/4
f 2634/216/4 50/215/4 2522/2050/4 5634/2049/4
f 3240/2034/4 5637/2037/4 3242/2040/4 1196/2035/4
f 1101/2019/4 3021/1376/4 5637/2037/4 3240/2034/4
f 3021/1376/4 373/1375/4 3019/2038/4 5637/2037/4
f 2443/5494/4 5638/2033/4 3241/2036/4 523/5495/4
f 235/887/4 2253/2020/4 5638/2033/4 2443/5494/4
f 2253/2020/4 1101/2019/4 3240/2034/4 5638/2033/4
f 1675/218/4 5639/2029/4 1621/2032/4 61/219/4
f 523/5495/4 3241/2036/4 5639/2029/4 1675/218/4
f 3241/2036/4 1196/2035/4 3239/2030/4 5639/2029/4
f 3236/2022/4 5640/2025/4 3238/2028/4 1195/2023/4
f 526/3579/4 2446/856/4 5640/2025/4 3236/2022/4
f 2446/856/4 238/855/4 3020/2026/4 5640/2025/4
f 2635/3490/4 5641/2021/4 3237/2024/4 715/3491/4
f 85/223/4 1678/3580/4 5641/2021/4 2635/3490/4
f 1678/3580/4 526/3579/4 3236/2022/4 5641/2021/4
f 1867/886/4 5642/2017/4 2253/2020/4 235/887/4
f 715/3491/4 3237/2024/4 5642/2017/4 1867/886/4
f 3237/2024/4 1195/2023/4 3235/2018/4 5642/2017/4
f 3232/2010/4 5643/2013/4 3234/2016/4 1194/2011/4
f 718/5463/4 2638/228/4 5643/2013/4 3232/2010/4
f 2638/228/4 60/227/4 2532/2014/4 5643/2013/4
f 3020/2026/4 5644/2009/4 3233/2012/4 1100/2027/4
f 238/855/4 1870/5464/4 5644/2009/4 3020/2026/4
f 1870/5464/4 718/5463/4 3232/2010/4 5644/2009/4
f 2252/1374/4 5645/2005/4 2254/2008/4 373/1375/4
f 1100/2027/4 3233/2012/4 5645/2005/4 2252/1374/4
f 3233/2012/4 1194/2011/4 3231/2006/4 5645/2005/4
f 3228/1998/4 5646/2001/4 3230/2004/4 1193/1999/4
f 1105/1983/4 3025/1388/4 5646/2001/4 3228/1998/4
f 3025/1388/4 374/1387/4 3023/2002/4 5646/2001/4
f 2447/5458/4 5647/1997/4 3229/2000/4 527/5459/4
f 239/851/4 2257/1984/4 5647/1997/4 2447/5458/4
f 2257/1984/4 1105/1983/4 3228/1998/4 5647/1997/4
f 1679/230/4 5648/1993/4 2512/1996/4 40/231/4
f 527/5459/4 3229/2000/4 5648/1993/4 1679/230/4
f 3229/2000/4 1193/1999/4 3227/1994/4 5648/1993/4
f 3224/1986/4 5649/1989/4 3226/1992/4 1192/1987/4
f 530/3687/4 2450/820/4 5649/1989/4 3224/1986/4
f 2450/820/4 242/819/4 3024/1990/4 5649/1989/4
f 2639/3598/4 5650/1985/4 3225/1988/4 719/3599/4
f 86/235/4 1682/3688/4 5650/1985/4 2639/3598/4
f 1682/3688/4 530/3687/4 3224/1986/4 5650/1985/4
f 1871/850/4 5651/1981/4 2257/1984/4 239/851/4
f 719/3599/4 3225/1988/4 5651/1981/4 1871/850/4
f 3225/1988/4 1192/1987/4 3223/1982/4 5651/1981/4
f 3220/1974/4 5652/1977/4 3222/1980/4 1191/1975/4
f 722/5427/4 2642/240/4 5652/1977/4 3220/1974/4
f 2642/240/4 59/239/4 2531/1978/4 5652/1977/4
f 3024/1990/4 5653/1973/4 3221/1976/4 1104/1991/4
f 242/819/4 1874/5428/4 5653/1973/4 3024/1990/4
f 1874/5428/4 722/5427/4 3220/1974/4 5653/1973/4
f 2256/1386/4 5654/1969/4 2258/1972/4 374/1387/4
f 1104/1991/4 3221/1976/4 5654/1969/4 2256/1386/4
f 3221/1976/4 1191/1975/4 3219/1970/4 5654/1969/4
f 3216/1962/5 5655/1965/5 3218/1968/5 1190/1963/5
f 1109/1947/5 3029/1400/5 5655/1965/5 3216/1962/5
f 3029/1400/5 375/1399/5 3027/1966/5 5655/1965/5
f 2451/5422/5 5656/1961/5 3217/1964/5 531/5423/5
f 243/815/5 2261/1948/5 5656/1961/5 2451/5422/5
f 2261/1948/5 1109/1947/5 3216/1962/5 5656/1961/5
f 1683/242/5 5657/1957/5 1618/1960/5 58/243/5
f 531/5423/5 3217/1964/5 5657/1957/5 1683/242/5
f 3217/1964/5 1190/1963/5 3215/1958/5 5657/1957/5
f 3212/1950/5 5658/1953/5 3214/1956/5 1189/1951/5
f 534/3795/5 2454/784/5 5658/1953/5 3212/1950/5
f 2454/784/5 246/783/5 3028/1954/5 5658/1953/5
f 2643/3706/5 5659/1949/5 3213/1952/5 723/3707/5
f 87/247/5 1686/3796/5 5659/1949/5 2643/3706/5
f 1686/3796/5 534/3795/5 3212/1950/5 5659/1949/5
f 1875/814/5 5660/1945/5 2261/1948/5 243/815/5
f 723/3707/5 3213/1952/5 5660/1945/5 1875/814/5
f 3213/1952/5 1189/1951/5 3211/1946/5 5660/1945/5
f 3208/1938/5 5661/1941/5 3210/1944/5 1188/1939/5
f 726/5391/5 2646/252/5 5661/1941/5 3208/1938/5
f 2646/252/5 34/251/5 1594/1942/5 5661/1941/5
f 3028/1954/5 5662/1937/5 3209/1940/5 1108/1955/5
f 246/783/5 1878/5392/5 5662/1937/5 3028/1954/5
f 1878/5392/5 726/5391/5 3208/1938/5 5662/1937/5
f 2260/1398/5 5663/1933/5 2262/1936/5 375/1399/5
f 1108/1955/5 3209/1940/5 5663/1933/5 2260/1398/5
f 3209/1940/5 1188/1939/5 3207/1934/5 5663/1933/5
f 3204/1926/5 5664/1929/5 3206/1932/5 1187/1927/5
f 1113/1911/5 3033/1412/5 5664/1929/5 3204/1926/5
f 3033/1412/5 376/1411/5 3031/1930/5 5664/1929/5
f 2455/5386/5 5665/1925/5 3205/1928/5 535/5387/5
f 247/779/5 2265/1912/5 5665/1925/5 2455/5386/5
f 2265/1912/5 1113/1911/5 3204/1926/5 5665/1925/5
f 1687/254/5 5666/1921/5 1617/1924/5 57/255/5
f 535/5387/5 3205/1928/5 5666/1921/5 1687/254/5
f 3205/1928/5 1187/1927/5 3203/1922/5 5666/1921/5
f 3200/1914/5 5667/1917/5 3202/1920/5 1186/1915/5
f 538/3903/5 2458/748/5 5667/1917/5 3200/1914/5
f 2458/748/5 250/747/5 3032/1918/5 5667/1917/5
f 2647/3814/5 5668/1913/5 3201/1916/5 727/3815/5
f 88/259/5 1690/3904/5 5668/1913/5 2647/3814/5
f 1690/3904/5 538/3903/5 3200/1914/5 5668/1913/5
f 1879/778/5 5669/1909/5 2265/1912/5 247/779/5
f 727/3815/5 3201/1916/5 5669/1909/5 1879/778/5
f 3201/1916/5 1186/1915/5 3199/1910/5 5669/1909/5
f 3196/1902/5 5670/1905/5 3198/1908/5 1185/1903/5
f 730/5355/5 2650/264/5 5670/1905/5 3196/1902/5
f 2650/264/5 56/263/5 2528/1906/5 5670/1905/5
f 3032/1918/5 5671/1901/5 3197/1904/5 1112/1919/5
f 250/747/5 1882/5356/5 5671/1901/5 3032/1918/5
f 1882/5356/5 730/5355/5 3196/1902/5 5671/1901/5
f 2264/1410/5 5672/1897/5 2266/1900/5 376/1411/5
f 1112/1919/5 3197/1904/5 5672/1897/5 2264/1410/5
f 3197/1904/5 1185/1903/5 3195/1898/5 5672/1897/5
f 3192/1890/5 5673/1893/5 3194/1896/5 1184/1891/5
f 1117/1875/5 3037/1424/5 5673/1893/5 3192/1890/5
f 3037/1424/5 377/1423/5 3035/1894/5 5673/1893/5
f 2459/5350/5 5674/1889/5 3193/1892/5 539/5351/5
f 251/743/5 2269/1876/5 5674/1889/5 2459/5350/5
f 2269/1876/5 1117/1875/5 3192/1890/5 5674/1889/5
f 1691/266/5 5675/1885/5 2521/1888/5 49/267/5
f 539/5351/5 3193/1892/5 5675/1885/5 1691/266/5
f 3193/1892/5 1184/1891/5 3191/1886/5 5675/1885/5
f 3188/1878/5 5676/1881/5 3190/1884/5 1183/1879/5
f 542/4011/5 2462/712/5 5676/1881/5 3188/1878/5
f 2462/712/5 254/711/5 3036/1882/5 5676/1881/5
f 2651/3922/5 5677/1877/5 3189/1880/5 731/3923/5
f 89/271/5 1694/4012/5 5677/1877/5 2651/3922/5
f 1694/4012/5 542/4011/5 3188/1878/5 5677/1877/5
f 1883/742/5 5678/1873/5 2269/1876/5 251/743/5
f 731/3923/5 3189/1880/5 5678/1873/5 1883/742/5
f 3189/1880/5 1183/1879/5 3187/1874/5 5678/1873/5
f 3184/1866/5 5679/1869/5 3186/1872/5 1182/1867/5
f 734/5319/5 2654/276/5 5679/1869/5 3184/1866/5
f 2654/276/5 55/275/5 2527/1870/5 5679/1869/5
f 3036/1882/5 5680/1865/5 3185/1868/5 1116/1883/5
f 254/711/5 1886/5320/5 5680/1865/5 3036/1882/5
f 1886/5320/5 734/5319/5 3184/1866/5 5680/1865/5
f 2268/1422/5 5681/1861/5 2270/1864/5 377/1423/5
f 1116/1883/5 3185/1868/5 5681/1861/5 2268/1422/5
f 3185/1868/5 1182/1867/5 3183/1862/5 5681/1861/5
f 3180/1854/6 5682/1857/6 3182/1860/6 1181/1855/6
f 2463/5314/6 5683/1853/6 3181/1856/6 543/5315/6
f 1695/278/6 5684/1849/6 1614/1852/6 54/279/6
f 543/5315/6 3181/1856/6 5684/1849/6 1695/278/6
f 3181/1856/6 1181/1855/6 3179/1850/6 5684/1849/6
f 3172/1830/6 5688/1833/6 3174/1836/6 1179/1831/6
f 738/5283/6 2658/288/6 5688/1833/6 3172/1830/6
f 2658/288/6 29/287/6 1589/1834/6 5688/1833/6
f 1890/5284/6 738/5283/6 3172/1830/6 5689/1829/6
f 3173/1832/6 1179/1831/6 3171/1826/6 5690/1825/6
f 3168/1818/6 5691/1821/6 3170/1824/6 1178/1819/6
f 1125/1803/6 3045/1448/6 5691/1821/6 3168/1818/6
f 3045/1448/6 379/1447/6 3043/1822/6 5691/1821/6
f 2467/5278/6 5692/1817/6 3169/1820/6 547/5279/6
f 259/671/6 2277/1804/6 5692/1817/6 2467/5278/6
f 2277/1804/6 1125/1803/6 3168/1818/6 5692/1817/6
f 1699/290/6 5693/1813/6 1613/1816/6 53/291/6
f 547/5279/6 3169/1820/6 5693/1813/6 1699/290/6
f 3169/1820/6 1178/1819/6 3167/1814/6 5693/1813/6
f 3164/1806/6 5694/1809/6 3166/1812/6 1177/1807/6
f 550/4227/6 2470/640/6 5694/1809/6 3164/1806/6
f 2659/4138/6 5695/1805/6 3165/1808/6 739/4139/6
f 91/295/6 1702/4228/6 5695/1805/6 2659/4138/6
f 1702/4228/6 550/4227/6 3164/1806/6 5695/1805/6
f 1891/670/6 5696/1801/6 2277/1804/6 259/671/6
f 739/4139/6 3165/1808/6 5696/1801/6 1891/670/6
f 3165/1808/6 1177/1807/6 3163/1802/6 5696/1801/6
f 2276/1446/6 5699/1789/6 2278/1792/6 379/1447/6
f 3156/1782/6 5700/1785/6 3158/1788/6 1175/1783/6
f 1129/1767/6 3049/1460/6 5700/1785/6 3156/1782/6
f 3049/1460/6 380/1459/6 3047/1786/6 5700/1785/6
f 2471/5242/6 5701/1781/6 3157/1784/6 551/5243/6
f 263/635/6 2281/1768/6 5701/1781/6 2471/5242/6
f 2281/1768/6 1129/1767/6 3156/1782/6 5701/1781/6
f 1703/302/6 5702/1777/6 2522/1780/6 50/303/6
f 551/5243/6 3157/1784/6 5702/1777/6 1703/302/6
f 3157/1784/6 1175/1783/6 3155/1778/6 5702/1777/6
f 3152/1770/6 5703/1773/6 3154/1776/6 1174/1771/6
f 554/4335/6 2474/604/6 5703/1773/6 3152/1770/6
f 2474/604/6 266/603/6 3048/1774/6 5703/1773/6
f 2663/4246/6 5704/1769/6 3153/1772/6 743/4247/6
f 92/307/6 1706/4336/6 5704/1769/6 2663/4246/6
f 1706/4336/6 554/4335/6 3152/1770/6 5704/1769/6
f 1895/634/6 5705/1765/6 2281/1768/6 263/635/6
f 743/4247/6 3153/1772/6 5705/1765/6 1895/634/6
f 3153/1772/6 1174/1771/6 3151/1766/6 5705/1765/6
f 3148/1758/6 5706/1761/6 3150/1764/6 1173/1759/6
f 746/5211/6 2666/312/6 5706/1761/6 3148/1758/6
f 2666/312/6 51/311/6 2523/1762/6 5706/1761/6
f 3048/1774/6 5707/1757/6 3149/1760/6 1128/1775/6
f 266/603/6 1898/5212/6 5707/1757/6 3048/1774/6
f 1898/5212/6 746/5211/6 3148/1758/6 5707/1757/6
f 2280/1458/6 5708/1753/6 2282/1756/6 380/1459/6
f 1128/1775/6 3149/1760/6 5708/1753/6 2280/1458/6
f 3149/1760/6 1173/1759/6 3147/1754/6 5708/1753/6
f 3144/1746/6 5709/1749/6 3146/1752/6 1172/1747/6
f 1133/1731/6 3053/1472/6 5709/1749/6 3144/1746/6
f 3053/1472/6 381/1471/6 3051/1750/6 5709/1749/6
f 2475/5206/6 5710/1745/6 3145/1748/6 555/5207/6
f 267/599/6 2285/1732/6 5710/1745/6 2475/5206/6
f 2285/1732/6 1133/1731/6 3144/1746/6 5710/1745/6
f 1707/314/6 5711/1741/6 2510/1744/6 38/315/6
f 555/5207/6 3145/1748/6 5711/1741/6 1707/314/6
f 3145/1748/6 1172/1747/6 3143/1742/6 5711/1741/6
f 3140/1734/6 5712/1737/6 3142/1740/6 1171/1735/6
f 558/4443/6 2478/568/6 5712/1737/6 3140/1734/6
f 2478/568/6 270/567/6 3052/1738/6 5712/1737/6
f 2667/4354/6 5713/1733/6 3141/1736/6 747/4355/6
f 93/319/6 1710/4444/6 5713/1733/6 2667/4354/6
f 1710/4444/6 558/4443/6 3140/1734/6 5713/1733/6
f 1899/598/6 5714/1729/6 2285/1732/6 267/599/6
f 747/4355/6 3141/1736/6 5714/1729/6 1899/598/6
f 3141/1736/6 1171/1735/6 3139/1730/6 5714/1729/6
f 3136/1722/6 5715/1725/6 3138/1728/6 1170/1723/6
f 750/5175/6 2670/324/6 5715/1725/6 3136/1722/6
f 2670/324/6 41/323/6 1601/1726/6 5715/1725/6
f 3052/1738/6 5716/1721/6 3137/1724/6 1132/1739/6
f 270/567/6 1902/5176/6 5716/1721/6 3052/1738/6
f 1902/5176/6 750/5175/6 3136/1722/6 5716/1721/6
f 2284/1470/6 5717/1717/6 2286/1720/6 381/1471/6
f 1132/1739/6 3137/1724/6 5717/1717/6 2284/1470/6
f 3137/1724/6 1170/1723/6 3135/1718/6 5717/1717/6
f 3132/1710/5 5718/1713/5 3134/1716/5 1169/1711/5
f 1137/1695/5 3057/1484/5 5718/1713/5 3132/1710/5
f 3057/1484/5 382/1483/5 3055/1714/5 5718/1713/5
f 2479/5170/5 5719/1709/5 3133/1712/5 559/5171/5
f 271/563/5 2289/1696/5 5719/1709/5 2479/5170/5
f 2289/1696/5 1137/1695/5 3132/1710/5 5719/1709/5
f 1711/326/5 5720/1705/5 2509/1708/5 37/327/5
f 559/5171/5 3133/1712/5 5720/1705/5 1711/326/5
f 3133/1712/5 1169/1711/5 3131/1706/5 5720/1705/5
f 3128/1698/5 5721/1701/5 3130/1704/5 1168/1699/5
f 562/4551/5 2482/532/5 5721/1701/5 3128/1698/5
f 2482/532/5 274/531/5 3056/1702/5 5721/1701/5
f 2671/4462/5 5722/1697/5 3129/1700/5 751/4463/5
f 94/331/5 1714/4552/5 5722/1697/5 2671/4462/5
f 1714/4552/5 562/4551/5 3128/1698/5 5722/1697/5
f 1903/562/5 5723/1693/5 2289/1696/5 271/563/5
f 751/4463/5 3129/1700/5 5723/1693/5 1903/562/5
f 3129/1700/5 1168/1699/5 3127/1694/5 5723/1693/5
f 3124/1686/5 5724/1689/5 3126/1692/5 1167/1687/5
f 754/5139/5 2674/336/5 5724/1689/5 3124/1686/5
f 2674/336/5 46/335/5 1606/1690/5 5724/1689/5
f 3056/1702/5 5725/1685/5 3125/1688/5 1136/1703/5
f 274/531/5 1906/5140/5 5725/1685/5 3056/1702/5
f 1906/5140/5 754/5139/5 3124/1686/5 5725/1685/5
f 2288/1482/5 5726/1681/5 2290/1684/5 382/1483/5
f 1136/1703/5 3125/1688/5 5726/1681/5 2288/1482/5
f 3125/1688/5 1167/1687/5 3123/1682/5 5726/1681/5
f 2483/5134/4 5728/1673/4 3121/1676/4 563/5135/4
f 275/527/4 2293/1660/4 5728/1673/4 2483/5134/4
f 2293/1660/4 1141/1659/4 3120/1674/4 5728/1673/4
f 1715/338/4 5729/1669/4 2500/1672/4 28/339/4
f 563/5135/4 3121/1676/4 5729/1669/4 1715/338/4
f 3121/1676/4 1166/1675/4 3119/1670/4 5729/1669/4
f 2675/4570/4 5731/1661/4 3117/1664/4 755/4571/4
f 95/343/4 1718/4660/4 5731/1661/4 2675/4570/4
f 1718/4660/4 566/4659/4 3116/1662/4 5731/1661/4
f 1907/526/4 5732/1657/4 2293/1660/4 275/527/4
f 755/4571/4 3117/1664/4 5732/1657/4 1907/526/4
f 3117/1664/4 1165/1663/4 3115/1658/4 5732/1657/4
f 3112/1650/4 5733/1653/4 3114/1656/4 1164/1651/4
f 758/5103/4 2678/348/4 5733/1653/4 3112/1650/4
f 2678/348/4 38/347/4 2510/1654/4 5733/1653/4
f 2487/5098/3 5737/1637/3 3109/1640/3 567/5099/3
f 279/491/3 2297/1624/3 5737/1637/3 2487/5098/3
f 2297/1624/3 1145/1623/3 3108/1638/3 5737/1637/3
f 1719/350/3 5738/1633/3 1608/1636/3 48/351/3
f 567/5099/3 3109/1640/3 5738/1633/3 1719/350/3
f 3109/1640/3 1163/1639/3 3107/1634/3 5738/1633/3
f 2679/4678/3 5740/1625/3 3105/1628/3 759/4679/3
f 96/355/3 1722/4768/3 5740/1625/3 2679/4678/3
f 1722/4768/3 570/4767/3 3104/1626/3 5740/1625/3
f 1911/490/3 5741/1621/3 2297/1624/3 279/491/3
f 759/4679/3 3105/1628/3 5741/1621/3 1911/490/3
f 3105/1628/3 1162/1627/3 3103/1622/3 5741/1621/3
f 3100/1614/3 5742/1617/3 3102/1620/3 1161/1615/3
f 762/5067/3 2682/360/3 5742/1617/3 3100/1614/3
f 2682/360/3 35/359/3 2507/1618/3 5742/1617/3
f 2491/5062/2 5746/1601/2 3097/1604/2 571/5063/2
f 283/455/2 2301/1588/2 5746/1601/2 2491/5062/2
f 2301/1588/2 1149/1587/2 3096/1602/2 5746/1601/2
f 1723/362/2 5747/1597/2 1605/1600/2 45/363/2
f 571/5063/2 3097/1604/2 5747/1597/2 1723/362/2
f 3097/1604/2 1160/1603/2 3095/1598/2 5747/1597/2
f 2683/4786/2 5749/1589/2 3093/1592/2 763/4787/2
f 97/367/2 1726/4876/2 5749/1589/2 2683/4786/2
f 1726/4876/2 574/4875/2 3092/1590/2 5749/1589/2
f 1915/454/2 5750/1585/2 2301/1588/2 283/455/2
f 763/4787/2 3093/1592/2 5750/1585/2 1915/454/2
f 3093/1592/2 1159/1591/2 3091/1586/2 5750/1585/2
f 3088/1578/2 5751/1581/2 3090/1584/2 1158/1579/2
f 766/5031/2 2686/372/2 5751/1581/2 3088/1578/2
f 2686/372/2 32/371/2 2504/1582/2 5751/1581/2
f 2495/5026/1 5755/1565/1 3085/1568/1 575/5027/1
f 287/419/1 2305/1552/1 5755/1565/1 2495/5026/1
f 2305/1552/1 1153/1551/1 3084/1566/1 5755/1565/1
f 1727/374/1 5756/1561/1 1602/1564/1 42/375/1
f 575/5027/1 3085/1568/1 5756/1561/1 1727/374/1
f 3085/1568/1 1157/1567/1 3083/1562/1 5756/1561/1
f 2687/4894/1 5758/1553/1 3081/1556/1 767/4895/1
f 98/379/1 1730/4984/1 5758/1553/1 2687/4894/1
f 1730/4984/1 578/4983/1 3080/1554/1 5758/1553/1
f 1919/418/1 5759/1549/1 2305/1552/1 287/419/1
f 767/4895/1 3081/1556/1 5759/1549/1 1919/418/1
f 3081/1556/1 1156/1555/1 3079/1550/1 5759/1549/1
f 3076/1542/1 5760/1545/1 3078/1548/1 1155/1543/1
f 770/4995/1 2690/384/1 5760/1545/1 3076/1542/1
f 2690/384/1 29/383/1 2501/1546/1 5760/1545/1
f 3075/1538/1 5763/1533/1 3074/1536/1 1154/1539/1
f 1155/1543/1 3078/1548/1 5763/1533/1 3075/1538/1
f 3078/1548/1 581/1547/1 1733/1534/1 5763/1533/1
f 3087/1574/2 5766/1521/2 3070/1524/2 1150/1575/2
f 1158/1579/2 3090/1584/2 5766/1521/2 3087/1574/2
f 3090/1584/2 584/1583/2 1736/1522/2 5766/1521/2
f 3099/1610/3 5769/1509/3 3066/1512/3 1146/1611/3
f 1161/1615/3 3102/1620/3 5769/1509/3 3099/1610/3
f 3102/1620/3 587/1619/3 1739/1510/3 5769/1509/3
f 3111/1646/4 5772/1497/4 3062/1500/4 1142/1647/4
f 1164/1651/4 3114/1656/4 5772/1497/4 3111/1646/4
f 3114/1656/4 590/1655/4 1742/1498/4 5772/1497/4
f 3123/1682/5 5775/1485/5 3058/1488/5 1138/1683/5
f 1167/1687/5 3126/1692/5 5775/1485/5 3123/1682/5
f 3126/1692/5 454/1691/5 2374/1486/5 5775/1485/5
f 3127/1694/5 5776/1481/5 3057/1484/5 1137/1695/5
f 1168/1699/5 3130/1704/5 5776/1481/5 3127/1694/5
f 3130/1704/5 1136/1703/5 2288/1482/5 5776/1481/5
f 3131/1706/5 5777/1477/5 1741/1480/5 589/1707/5
f 1169/1711/5 3134/1716/5 5777/1477/5 3131/1706/5
f 3134/1716/5 1135/1715/5 2287/1478/5 5777/1477/5
f 3135/1718/6 5778/1473/6 3054/1476/6 1134/1719/6
f 1170/1723/6 3138/1728/6 5778/1473/6 3135/1718/6
f 3138/1728/6 449/1727/6 2369/1474/6 5778/1473/6
f 3139/1730/6 5779/1469/6 3053/1472/6 1133/1731/6
f 1171/1735/6 3142/1740/6 5779/1469/6 3139/1730/6
f 3142/1740/6 1132/1739/6 2284/1470/6 5779/1469/6
f 3143/1742/6 5780/1465/6 1742/1468/6 590/1743/6
f 1172/1747/6 3146/1752/6 5780/1465/6 3143/1742/6
f 3146/1752/6 1131/1751/6 2283/1466/6 5780/1465/6
f 3147/1754/6 5781/1461/6 3050/1464/6 1130/1755/6
f 1173/1759/6 3150/1764/6 5781/1461/6 3147/1754/6
f 3150/1764/6 603/1763/6 1755/1462/6 5781/1461/6
f 3151/1766/6 5782/1457/6 3049/1460/6 1129/1767/6
f 1174/1771/6 3154/1776/6 5782/1457/6 3151/1766/6
f 3154/1776/6 1128/1775/6 2280/1458/6 5782/1457/6
f 3155/1778/6 5783/1453/6 1754/1456/6 602/1779/6
f 1175/1783/6 3158/1788/6 5783/1453/6 3155/1778/6
f 3158/1788/6 1127/1787/6 2279/1454/6 5783/1453/6
f 3163/1802/6 5785/1445/6 3045/1448/6 1125/1803/6
f 1177/1807/6 3166/1812/6 5785/1445/6 3163/1802/6
f 3166/1812/6 1124/1811/6 2276/1446/6 5785/1445/6
f 3167/1814/6 5786/1441/6 2381/1444/6 461/1815/6
f 1178/1819/6 3170/1824/6 5786/1441/6 3167/1814/6
f 3170/1824/6 1123/1823/6 2275/1442/6 5786/1441/6
f 3171/1826/6 5787/1437/6 3042/1440/6 1122/1827/6
f 1179/1831/6 3174/1836/6 5787/1437/6 3171/1826/6
f 3174/1836/6 437/1835/6 2357/1438/6 5787/1437/6
f 3179/1850/6 5789/1429/6 2382/1432/6 462/1851/6
f 1181/1855/6 3182/1860/6 5789/1429/6 3179/1850/6
f 3182/1860/6 1119/1859/6 2271/1430/6 5789/1429/6
f 3183/1862/5 5790/1425/5 3038/1428/5 1118/1863/5
f 1182/1867/5 3186/1872/5 5790/1425/5 3183/1862/5
f 3186/1872/5 607/1871/5 1759/1426/5 5790/1425/5
f 3187/1874/5 5791/1421/5 3037/1424/5 1117/1875/5
f 1183/1879/5 3190/1884/5 5791/1421/5 3187/1874/5
f 3190/1884/5 1116/1883/5 2268/1422/5 5791/1421/5
f 3191/1886/5 5792/1417/5 1753/1420/5 601/1887/5
f 1184/1891/5 3194/1896/5 5792/1417/5 3191/1886/5
f 3194/1896/5 1115/1895/5 2267/1418/5 5792/1417/5
f 3195/1898/5 5793/1413/5 3034/1416/5 1114/1899/5
f 1185/1903/5 3198/1908/5 5793/1413/5 3195/1898/5
f 3198/1908/5 608/1907/5 1760/1414/5 5793/1413/5
f 3199/1910/5 5794/1409/5 3033/1412/5 1113/1911/5
f 1186/1915/5 3202/1920/5 5794/1409/5 3199/1910/5
f 3202/1920/5 1112/1919/5 2264/1410/5 5794/1409/5
f 3203/1922/5 5795/1405/5 2385/1408/5 465/1923/5
f 1187/1927/5 3206/1932/5 5795/1405/5 3203/1922/5
f 3206/1932/5 1111/1931/5 2263/1406/5 5795/1405/5
f 3207/1934/5 5796/1401/5 3030/1404/5 1110/1935/5
f 1188/1939/5 3210/1944/5 5796/1401/5 3207/1934/5
f 3210/1944/5 442/1943/5 2362/1402/5 5796/1401/5
f 3211/1946/5 5797/1397/5 3029/1400/5 1109/1947/5
f 1189/1951/5 3214/1956/5 5797/1397/5 3211/1946/5
f 3214/1956/5 1108/1955/5 2260/1398/5 5797/1397/5
f 3215/1958/5 5798/1393/5 2386/1396/5 466/1959/5
f 1190/1963/5 3218/1968/5 5798/1393/5 3215/1958/5
f 3218/1968/5 1107/1967/5 2259/1394/5 5798/1393/5
f 3219/1970/4 5799/1389/4 3026/1392/4 1106/1971/4
f 1191/1975/4 3222/1980/4 5799/1389/4 3219/1970/4
f 3222/1980/4 611/1979/4 1763/1390/4 5799/1389/4
f 3223/1982/4 5800/1385/4 3025/1388/4 1105/1983/4
f 1192/1987/4 3226/1992/4 5800/1385/4 3223/1982/4
f 3226/1992/4 1104/1991/4 2256/1386/4 5800/1385/4
f 3227/1994/4 5801/1381/4 1744/1384/4 592/1995/4
f 1193/1999/4 3230/2004/4 5801/1381/4 3227/1994/4
f 3230/2004/4 1103/2003/4 2255/1382/4 5801/1381/4
f 3231/2006/4 5802/1377/4 3022/1380/4 1102/2007/4
f 1194/2011/4 3234/2016/4 5802/1377/4 3231/2006/4
f 3234/2016/4 612/2015/4 1764/1378/4 5802/1377/4
f 3235/2018/4 5803/1373/4 3021/1376/4 1101/2019/4
f 1195/2023/4 3238/2028/4 5803/1373/4 3235/2018/4
f 3238/2028/4 1100/2027/4 2252/1374/4 5803/1373/4
f 3239/2030/4 5804/1369/4 2389/1372/4 469/2031/4
f 1196/2035/4 3242/2040/4 5804/1369/4 3239/2030/4
f 3242/2040/4 1099/2039/4 2251/1370/4 5804/1369/4
f 3243/2042/4 5805/1365/4 3018/1368/4 1098/2043/4
f 1197/2047/4 3246/2052/4 5805/1365/4 3243/2042/4
f 3246/2052/4 602/2051/4 1754/1366/4 5805/1365/4
f 3255/2078/3 5808/1353/3 3014/1356/3 1094/2079/3
f 1200/2083/3 3258/2088/3 5808/1353/3 3255/2078/3
f 3258/2088/3 615/2087/3 1767/1354/3 5808/1353/3
f 3259/2090/3 5809/1349/3 3013/1352/3 1093/2091/3
f 1201/2095/3 3262/2100/3 5809/1349/3 3259/2090/3
f 3262/2100/3 1092/2099/3 2244/1350/3 5809/1349/3
f 3263/2102/3 5810/1345/3 2364/1348/3 444/2103/3
f 1202/2107/3 3266/2112/3 5810/1345/3 3263/2102/3
f 3266/2112/3 1091/2111/3 2243/1346/3 5810/1345/3
f 3267/2114/3 5811/1341/3 3010/1344/3 1090/2115/3
f 1203/2119/3 3270/2124/3 5811/1341/3 3267/2114/3
f 3270/2124/3 616/2123/3 1768/1342/3 5811/1341/3
f 3271/2126/3 5812/1337/3 3009/1340/3 1089/2127/3
f 1204/2131/3 3274/2136/3 5812/1337/3 3271/2126/3
f 3274/2136/3 1088/2135/3 2240/1338/3 5812/1337/3
f 3275/2138/3 5813/1333/3 2393/1336/3 473/2139/3
f 1205/2143/3 3278/2148/3 5813/1333/3 3275/2138/3
f 3278/2148/3 1087/2147/3 2239/1334/3 5813/1333/3
f 3279/2150/3 5814/1329/3 3006/1332/3 1086/2151/3
f 1206/2155/3 3282/2160/3 5814/1329/3 3279/2150/3
f 3282/2160/3 599/2159/3 1751/1330/3 5814/1329/3
f 3291/2186/2 5817/1317/2 3002/1320/2 1082/2187/2
f 1209/2191/2 3294/2196/2 5817/1317/2 3291/2186/2
f 3294/2196/2 619/2195/2 1771/1318/2 5817/1317/2
f 3295/2198/2 5818/1313/2 3001/1316/2 1081/2199/2
f 1210/2203/2 3298/2208/2 5818/1313/2 3295/2198/2
f 3298/2208/2 1080/2207/2 2232/1314/2 5818/1313/2
f 3299/2210/2 5819/1309/2 2361/1312/2 441/2211/2
f 1211/2215/2 3302/2220/2 5819/1309/2 3299/2210/2
f 3302/2220/2 1079/2219/2 2231/1310/2 5819/1309/2
f 3303/2222/2 5820/1305/2 2998/1308/2 1078/2223/2
f 1212/2227/2 3306/2232/2 5820/1305/2 3303/2222/2
f 3306/2232/2 620/2231/2 1772/1306/2 5820/1305/2
f 3307/2234/2 5821/1301/2 2997/1304/2 1077/2235/2
f 1213/2239/2 3310/2244/2 5821/1301/2 3307/2234/2
f 3310/2244/2 1076/2243/2 2228/1302/2 5821/1301/2
f 3311/2246/2 5822/1297/2 2397/1300/2 477/2247/2
f 1214/2251/2 3314/2256/2 5822/1297/2 3311/2246/2
f 3314/2256/2 1075/2255/2 2227/1298/2 5822/1297/2
f 3315/2258/2 5823/1293/2 2994/1296/2 1074/2259/2
f 1215/2263/2 3318/2268/2 5823/1293/2 3315/2258/2
f 3318/2268/2 596/2267/2 1748/1294/2 5823/1293/2
f 3327/2294/1 5826/1281/1 2990/1284/1 1070/2295/1
f 1218/2299/1 3330/2304/1 5826/1281/1 3327/2294/1
f 3330/2304/1 623/2303/1 1775/1282/1 5826/1281/1
f 3331/2306/1 5827/1277/1 2989/1280/1 1069/2307/1
f 1219/2311/1 3334/2316/1 5827/1277/1 3331/2306/1
f 3334/2316/1 1068/2315/1 2220/1278/1 5827/1277/1
f 3335/2318/1 5828/1273/1 2358/1276/1 438/2319/1
f 1220/2323/1 3338/2328/1 5828/1273/1 3335/2318/1
f 3338/2328/1 1067/2327/1 2219/1274/1 5828/1273/1
f 3339/2330/1 5829/1269/1 2986/1272/1 1066/2331/1
f 1221/2335/1 3342/2340/1 5829/1269/1 3339/2330/1
f 3342/2340/1 624/2339/1 1776/1270/1 5829/1269/1
f 3343/2342/1 5830/1265/1 2985/1268/1 1065/2343/1
f 1222/2347/1 3346/2352/1 5830/1265/1 3343/2342/1
f 3346/2352/1 1064/2351/1 2216/1266/1 5830/1265/1
f 3347/2354/1 5831/1261/1 2401/1264/1 481/2355/1
f 1223/2359/1 3350/2364/1 5831/1261/1 3347/2354/1
f 3350/2364/1 1063/2363/1 2215/1262/1 5831/1261/1
f 3351/2366/1 5832/1257/1 2982/1260/1 1062/2367/1
f 1224/2371/1 3354/2376/1 5832/1257/1 3351/2366/1
f 3354/2376/1 593/2375/1 1745/1258/1 5832/1257/1
f 3363/2402/1 5835/1245/1 2978/1248/1 1058/2403/1
f 1227/2407/1 3366/2412/1 5835/1245/1 3363/2402/1
f 3366/2412/1 675/2411/1 1827/1246/1 5835/1245/1
f 3367/2414/1 5836/1241/1 2977/1244/1 1057/2415/1
f 1228/2419/1 3370/2424/1 5836/1241/1 3367/2414/1
f 3370/2424/1 1056/2423/1 2208/1242/1 5836/1241/1
f 3371/2426/1 5837/1237/1 2354/1240/1 434/2427/1
f 1229/2431/1 3374/2436/1 5837/1237/1 3371/2426/1
f 3374/2436/1 1055/2435/1 2207/1238/1 5837/1237/1
f 3375/2438/1 5838/1233/1 2974/1236/1 1054/2439/1
f 1230/2443/1 3378/2448/1 5838/1233/1 3375/2438/1
f 3378/2448/1 676/2447/1 1828/1234/1 5838/1233/1
f 3379/2450/1 5839/1229/1 2973/1232/1 1053/2451/1
f 1231/2455/1 3382/2460/1 5839/1229/1 3379/2450/1
f 3382/2460/1 1052/2459/1 2204/1230/1 5839/1229/1
f 3383/2462/1 5840/1225/1 2405/1228/1 485/2463/1
f 1232/2467/1 3386/2472/1 5840/1225/1 3383/2462/1
f 3386/2472/1 1051/2471/1 2203/1226/1 5840/1225/1
f 3387/2474/1 5841/1221/1 2970/1224/1 1050/2475/1
f 1233/2479/1 3390/2484/1 5841/1221/1 3387/2474/1
f 3390/2484/1 641/2483/1 1793/1222/1 5841/1221/1
f 3399/2510/1 5844/1209/1 2966/1212/1 1046/2511/1
f 1236/2515/1 3402/2520/1 5844/1209/1 3399/2510/1
f 3402/2520/1 679/2519/1 1831/1210/1 5844/1209/1
f 3411/2546/1 5847/1197/1 2962/1200/1 1042/2547/1
f 1239/2551/1 3414/2556/1 5847/1197/1 3411/2546/1
f 3414/2556/1 680/2555/1 1832/1198/1 5847/1197/1
f 3423/2582/1 5850/1185/1 2958/1188/1 1038/2583/1
f 1242/2587/1 3426/2592/1 5850/1185/1 3423/2582/1
f 3426/2592/1 672/2591/1 1824/1186/1 5850/1185/1
f 3427/2594/1 5851/1181/1 2957/1184/1 1037/2595/1
f 1243/2599/1 3430/2604/1 5851/1181/1 3427/2594/1
f 3430/2604/1 1036/2603/1 2188/1182/1 5851/1181/1
f 3431/2606/1 5852/1177/1 2410/1180/1 490/2607/1
f 1244/2611/1 3434/2616/1 5852/1177/1 3431/2606/1
f 3434/2616/1 1035/2615/1 2187/1178/1 5852/1177/1
f 3435/2618/1 5853/1173/1 2954/1176/1 1034/2619/1
f 1245/2623/1 3438/2628/1 5853/1173/1 3435/2618/1
f 3438/2628/1 683/2627/1 1835/1174/1 5853/1173/1
f 3447/2654/1 5856/1161/1 2950/1164/1 1030/2655/1
f 1248/2659/1 3450/2664/1 5856/1161/1 3447/2654/1
f 3450/2664/1 684/2663/1 1836/1162/1 5856/1161/1
f 3459/2690/1 5859/1149/1 2946/1152/1 1026/2691/1
f 1251/2695/1 3462/2700/1 5859/1149/1 3459/2690/1
f 3462/2700/1 671/2699/1 1823/1150/1 5859/1149/1
f 3463/2702/1 5860/1145/1 2945/1148/1 1025/2703/1
f 1252/2707/1 3466/2712/1 5860/1145/1 3463/2702/1
f 3466/2712/1 1024/2711/1 2176/1146/1 5860/1145/1
f 3467/2714/1 5861/1141/1 2414/1144/1 494/2715/1
f 1253/2719/1 3470/2724/1 5861/1141/1 3467/2714/1
f 3470/2724/1 1023/2723/1 2175/1142/1 5861/1141/1
f 3471/2726/2 5862/1137/2 2942/1140/2 1022/2727/2
f 1254/2731/2 3474/2736/2 5862/1137/2 3471/2726/2
f 3474/2736/2 687/2735/2 1839/1138/2 5862/1137/2
f 3475/2738/2 5863/1133/2 2941/1136/2 1021/2739/2
f 1255/2743/2 3478/2748/2 5863/1133/2 3475/2738/2
f 3478/2748/2 1020/2747/2 2172/1134/2 5863/1133/2
f 3479/2750/2 5864/1129/2 2350/1132/2 430/2751/2
f 1256/2755/2 3482/2760/2 5864/1129/2 3479/2750/2
f 3482/2760/2 1019/2759/2 2171/1130/2 5864/1129/2
f 3483/2762/2 5865/1125/2 2938/1128/2 1018/2763/2
f 1257/2767/2 3486/2772/2 5865/1125/2 3483/2762/2
f 3486/2772/2 688/2771/2 1840/1126/2 5865/1125/2
f 3487/2774/2 5866/1121/2 2937/1124/2 1017/2775/2
f 1258/2779/2 3490/2784/2 5866/1121/2 3487/2774/2
f 3490/2784/2 1016/2783/2 2168/1122/2 5866/1121/2
f 3491/2786/2 5867/1117/2 2417/1120/2 497/2787/2
f 1259/2791/2 3494/2796/2 5867/1117/2 3491/2786/2
f 3494/2796/2 1015/2795/2 2167/1118/2 5867/1117/2
f 3495/2798/2 5868/1113/2 2934/1116/2 1014/2799/2
f 1260/2803/2 3498/2808/2 5868/1113/2 3495/2798/2
f 3498/2808/2 644/2807/2 1796/1114/2 5868/1113/2
f 3507/2834/2 5871/1101/2 2930/1104/2 1010/2835/2
f 1263/2839/2 3510/2844/2 5871/1101/2 3507/2834/2
f 3510/2844/2 691/2843/2 1843/1102/2 5871/1101/2
f 3519/2870/2 5874/1089/2 2926/1092/2 1006/2871/2
f 1266/2875/2 3522/2880/2 5874/1089/2 3519/2870/2
f 3522/2880/2 692/2879/2 1844/1090/2 5874/1089/2
f 3531/2906/2 5877/1077/2 2922/1080/2 1002/2907/2
f 1269/2911/2 3534/2916/2 5877/1077/2 3531/2906/2
f 3534/2916/2 668/2915/2 1820/1078/2 5877/1077/2
f 3535/2918/2 5878/1073/2 2921/1076/2 1001/2919/2
f 1270/2923/2 3538/2928/2 5878/1073/2 3535/2918/2
f 3538/2928/2 1000/2927/2 2152/1074/2 5878/1073/2
f 3539/2930/2 5879/1069/2 2422/1072/2 502/2931/2
f 1271/2935/2 3542/2940/2 5879/1069/2 3539/2930/2
f 3542/2940/2 999/2939/2 2151/1070/2 5879/1069/2
f 3543/2942/2 5880/1065/2 2918/1068/2 998/2943/2
f 1272/2947/2 3546/2952/2 5880/1065/2 3543/2942/2
f 3546/2952/2 695/2951/2 1847/1066/2 5880/1065/2
f 3555/2978/2 5883/1053/2 2914/1056/2 994/2979/2
f 1275/2983/2 3558/2988/2 5883/1053/2 3555/2978/2
f 3558/2988/2 696/2987/2 1848/1054/2 5883/1053/2
f 3567/3014/2 5886/1041/2 2910/1044/2 990/3015/2
f 1278/3019/2 3570/3024/2 5886/1041/2 3567/3014/2
f 3570/3024/2 667/3023/2 1819/1042/2 5886/1041/2
f 3571/3026/2 5887/1037/2 2909/1040/2 989/3027/2
f 1279/3031/2 3574/3036/2 5887/1037/2 3571/3026/2
f 3574/3036/2 988/3035/2 2140/1038/2 5887/1037/2
f 3575/3038/2 5888/1033/2 2426/1036/2 506/3039/2
f 1280/3043/2 3578/3048/2 5888/1033/2 3575/3038/2
f 3578/3048/2 987/3047/2 2139/1034/2 5888/1033/2
f 3579/3050/3 5889/1029/3 2906/1032/3 986/3051/3
f 1281/3055/3 3582/3060/3 5889/1029/3 3579/3050/3
f 3582/3060/3 699/3059/3 1851/1030/3 5889/1029/3
f 3583/3062/3 5890/1025/3 2905/1028/3 985/3063/3
f 1282/3067/3 3586/3072/3 5890/1025/3 3583/3062/3
f 3586/3072/3 984/3071/3 2136/1026/3 5890/1025/3
f 3587/3074/3 5891/1021/3 2346/1024/3 426/3075/3
f 1283/3079/3 3590/3084/3 5891/1021/3 3587/3074/3
f 3590/3084/3 983/3083/3 2135/1022/3 5891/1021/3
f 3591/3086/3 5892/1017/3 2902/1020/3 982/3087/3
f 1284/3091/3 3594/3096/3 5892/1017/3 3591/3086/3
f 3594/3096/3 700/3095/3 1852/1018/3 5892/1017/3
f 3595/3098/3 5893/1013/3 2901/1016/3 981/3099/3
f 1285/3103/3 3598/3108/3 5893/1013/3 3595/3098/3
f 3598/3108/3 980/3107/3 2132/1014/3 5893/1013/3
f 3599/3110/3 5894/1009/3 2429/1012/3 509/3111/3
f 1286/3115/3 3602/3120/3 5894/1009/3 3599/3110/3
f 3602/3120/3 979/3119/3 2131/1010/3 5894/1009/3
f 3603/3122/3 5895/1005/3 2898/1008/3 978/3123/3
f 1287/3127/3 3606/3132/3 5895/1005/3 3603/3122/3
f 3606/3132/3 647/3131/3 1799/1006/3 5895/1005/3
f 3615/3158/3 5898/993/3 2894/996/3 974/3159/3
f 1290/3163/3 3618/3168/3 5898/993/3 3615/3158/3
f 3618/3168/3 703/3167/3 1855/994/3 5898/993/3
f 3627/3194/3 5901/981/3 2890/984/3 970/3195/3
f 1293/3199/3 3630/3204/3 5901/981/3 3627/3194/3
f 3630/3204/3 704/3203/3 1856/982/3 5901/981/3
f 3639/3230/3 5904/969/3 2886/972/3 966/3231/3
f 1296/3235/3 3642/3240/3 5904/969/3 3639/3230/3
f 3642/3240/3 664/3239/3 1816/970/3 5904/969/3
f 3643/3242/3 5905/965/3 2885/968/3 965/3243/3
f 1297/3247/3 3646/3252/3 5905/965/3 3643/3242/3
f 3646/3252/3 964/3251/3 2116/966/3 5905/965/3
f 3647/3254/3 5906/961/3 2434/964/3 514/3255/3
f 1298/3259/3 3650/3264/3 5906/961/3 3647/3254/3
f 3650/3264/3 963/3263/3 2115/962/3 5906/961/3
f 3651/3266/3 5907/957/3 2882/960/3 962/3267/3
f 1299/3271/3 3654/3276/3 5907/957/3 3651/3266/3
f 3654/3276/3 707/3275/3 1859/958/3 5907/957/3
f 3663/3302/3 5910/945/3 2878/948/3 958/3303/3
f 1302/3307/3 3666/3312/3 5910/945/3 3663/3302/3
f 3666/3312/3 708/3311/3 1860/946/3 5910/945/3
f 3675/3338/3 5913/933/3 2874/936/3 954/3339/3
f 1305/3343/3 3678/3348/3 5913/933/3 3675/3338/3
f 3678/3348/3 663/3347/3 1815/934/3 5913/933/3
f 3679/3350/3 5914/929/3 2873/932/3 953/3351/3
f 1306/3355/3 3682/3360/3 5914/929/3 3679/3350/3
f 3682/3360/3 952/3359/3 2104/930/3 5914/929/3
f 3683/3362/3 5915/925/3 2438/928/3 518/3363/3
f 1307/3367/3 3686/3372/3 5915/925/3 3683/3362/3
f 3686/3372/3 951/3371/3 2103/926/3 5915/925/3
f 3687/3374/4 5916/921/4 2870/924/4 950/3375/4
f 1308/3379/4 3690/3384/4 5916/921/4 3687/3374/4
f 3690/3384/4 711/3383/4 1863/922/4 5916/921/4
f 3691/3386/4 5917/917/4 2869/920/4 949/3387/4
f 1309/3391/4 3694/3396/4 5917/917/4 3691/3386/4
f 3694/3396/4 948/3395/4 2100/918/4 5917/917/4
f 3695/3398/4 5918/913/4 2342/916/4 422/3399/4
f 1310/3403/4 3698/3408/4 5918/913/4 3695/3398/4
f 3698/3408/4 947/3407/4 2099/914/4 5918/913/4
f 3699/3410/4 5919/909/4 2866/912/4 946/3411/4
f 1311/3415/4 3702/3420/4 5919/909/4 3699/3410/4
f 3702/3420/4 712/3419/4 1864/910/4 5919/909/4
f 3703/3422/4 5920/905/4 2865/908/4 945/3423/4
f 1312/3427/4 3706/3432/4 5920/905/4 3703/3422/4
f 3706/3432/4 944/3431/4 2096/906/4 5920/905/4
f 3707/3434/4 5921/901/4 2441/904/4 521/3435/4
f 1313/3439/4 3710/3444/4 5921/901/4 3707/3434/4
f 3710/3444/4 943/3443/4 2095/902/4 5921/901/4
f 3711/3446/4 5922/897/4 2862/900/4 942/3447/4
f 1314/3451/4 3714/3456/4 5922/897/4 3711/3446/4
f 3714/3456/4 650/3455/4 1802/898/4 5922/897/4
f 3723/3482/4 5925/885/4 2858/888/4 938/3483/4
f 1317/3487/4 3726/3492/4 5925/885/4 3723/3482/4
f 3726/3492/4 715/3491/4 1867/886/4 5925/885/4
f 3735/3518/4 5928/873/4 2854/876/4 934/3519/4
f 1320/3523/4 3738/3528/4 5928/873/4 3735/3518/4
f 3738/3528/4 716/3527/4 1868/874/4 5928/873/4
f 3747/3554/4 5931/861/4 2850/864/4 930/3555/4
f 1323/3559/4 3750/3564/4 5931/861/4 3747/3554/4
f 3750/3564/4 660/3563/4 1812/862/4 5931/861/4
f 3751/3566/4 5932/857/4 2849/860/4 929/3567/4
f 1324/3571/4 3754/3576/4 5932/857/4 3751/3566/4
f 3754/3576/4 928/3575/4 2080/858/4 5932/857/4
f 3755/3578/4 5933/853/4 2446/856/4 526/3579/4
f 1325/3583/4 3758/3588/4 5933/853/4 3755/3578/4
f 3758/3588/4 927/3587/4 2079/854/4 5933/853/4
f 3759/3590/4 5934/849/4 2846/852/4 926/3591/4
f 1326/3595/4 3762/3600/4 5934/849/4 3759/3590/4
f 3762/3600/4 719/3599/4 1871/850/4 5934/849/4
f 3771/3626/4 5937/837/4 2842/840/4 922/3627/4
f 1329/3631/4 3774/3636/4 5937/837/4 3771/3626/4
f 3774/3636/4 720/3635/4 1872/838/4 5937/837/4
f 3783/3662/4 5940/825/4 2838/828/4 918/3663/4
f 1332/3667/4 3786/3672/4 5940/825/4 3783/3662/4
f 3786/3672/4 659/3671/4 1811/826/4 5940/825/4
f 3787/3674/4 5941/821/4 2837/824/4 917/3675/4
f 1333/3679/4 3790/3684/4 5941/821/4 3787/3674/4
f 3790/3684/4 916/3683/4 2068/822/4 5941/821/4
f 3791/3686/4 5942/817/4 2450/820/4 530/3687/4
f 1334/3691/4 3794/3696/4 5942/817/4 3791/3686/4
f 3794/3696/4 915/3695/4 2067/818/4 5942/817/4
f 3795/3698/5 5943/813/5 2834/816/5 914/3699/5
f 1335/3703/5 3798/3708/5 5943/813/5 3795/3698/5
f 3798/3708/5 723/3707/5 1875/814/5 5943/813/5
f 3799/3710/5 5944/809/5 2833/812/5 913/3711/5
f 1336/3715/5 3802/3720/5 5944/809/5 3799/3710/5
f 3802/3720/5 912/3719/5 2064/810/5 5944/809/5
f 3803/3722/5 5945/805/5 2338/808/5 418/3723/5
f 1337/3727/5 3806/3732/5 5945/805/5 3803/3722/5
f 3806/3732/5 911/3731/5 2063/806/5 5945/805/5
f 3807/3734/5 5946/801/5 2830/804/5 910/3735/5
f 1338/3739/5 3810/3744/5 5946/801/5 3807/3734/5
f 3810/3744/5 724/3743/5 1876/802/5 5946/801/5
f 3811/3746/5 5947/797/5 2829/800/5 909/3747/5
f 1339/3751/5 3814/3756/5 5947/797/5 3811/3746/5
f 3814/3756/5 908/3755/5 2060/798/5 5947/797/5
f 3815/3758/5 5948/793/5 2453/796/5 533/3759/5
f 1340/3763/5 3818/3768/5 5948/793/5 3815/3758/5
f 3818/3768/5 907/3767/5 2059/794/5 5948/793/5
f 3819/3770/5 5949/789/5 2826/792/5 906/3771/5
f 1341/3775/5 3822/3780/5 5949/789/5 3819/3770/5
f 3822/3780/5 394/3779/5 2314/790/5 5949/789/5
f 3823/3782/5 5950/785/5 2825/788/5 905/3783/5
f 1342/3787/5 3826/3792/5 5950/785/5 3823/3782/5
f 3826/3792/5 904/3791/5 2056/786/5 5950/785/5
f 3827/3794/5 5951/781/5 2454/784/5 534/3795/5
f 1343/3799/5 3830/3804/5 5951/781/5 3827/3794/5
f 3830/3804/5 903/3803/5 2055/782/5 5951/781/5
f 3831/3806/5 5952/777/5 2822/780/5 902/3807/5
f 1344/3811/5 3834/3816/5 5952/777/5 3831/3806/5
f 3834/3816/5 727/3815/5 1879/778/5 5952/777/5
f 3835/3818/5 5953/773/5 2821/776/5 901/3819/5
f 1345/3823/5 3838/3828/5 5953/773/5 3835/3818/5
f 3838/3828/5 900/3827/5 2052/774/5 5953/773/5
f 3839/3830/5 5954/769/5 2337/772/5 417/3831/5
f 1346/3835/5 3842/3840/5 5954/769/5 3839/3830/5
f 3842/3840/5 899/3839/5 2051/770/5 5954/769/5
f 3843/3842/5 5955/765/5 2818/768/5 898/3843/5
f 1347/3847/5 3846/3852/5 5955/765/5 3843/3842/5
f 3846/3852/5 728/3851/5 1880/766/5 5955/765/5
f 3847/3854/5 5956/761/5 2817/764/5 897/3855/5
f 1348/3859/5 3850/3864/5 5956/761/5 3847/3854/5
f 3850/3864/5 896/3863/5 2048/762/5 5956/761/5
f 3851/3866/5 5957/757/5 2457/760/5 537/3867/5
f 1349/3871/5 3854/3876/5 5957/757/5 3851/3866/5
f 3854/3876/5 895/3875/5 2047/758/5 5957/757/5
f 3855/3878/5 5958/753/5 2814/756/5 894/3879/5
f 1350/3883/5 3858/3888/5 5958/753/5 3855/3878/5
f 3858/3888/5 656/3887/5 1808/754/5 5958/753/5
f 3859/3890/5 5959/749/5 2813/752/5 893/3891/5
f 1351/3895/5 3862/3900/5 5959/749/5 3859/3890/5
f 3862/3900/5 892/3899/5 2044/750/5 5959/749/5
f 3863/3902/5 5960/745/5 2458/748/5 538/3903/5
f 1352/3907/5 3866/3912/5 5960/745/5 3863/3902/5
f 3866/3912/5 891/3911/5 2043/746/5 5960/745/5
f 3867/3914/5 5961/741/5 2810/744/5 890/3915/5
f 1353/3919/5 3870/3924/5 5961/741/5 3867/3914/5
f 3870/3924/5 731/3923/5 1883/742/5 5961/741/5
f 3871/3926/5 5962/737/5 2809/740/5 889/3927/5
f 1354/3931/5 3874/3936/5 5962/737/5 3871/3926/5
f 3874/3936/5 888/3935/5 2040/738/5 5962/737/5
f 3875/3938/5 5963/733/5 1801/736/5 649/3939/5
f 1355/3943/5 3878/3948/5 5963/733/5 3875/3938/5
f 3878/3948/5 887/3947/5 2039/734/5 5963/733/5
f 3879/3950/5 5964/729/5 2806/732/5 886/3951/5
f 1356/3955/5 3882/3960/5 5964/729/5 3879/3950/5
f 3882/3960/5 732/3959/5 1884/730/5 5964/729/5
f 3883/3962/5 5965/725/5 2805/728/5 885/3963/5
f 1357/3967/5 3886/3972/5 5965/725/5 3883/3962/5
f 3886/3972/5 884/3971/5 2036/726/5 5965/725/5
f 3887/3974/5 5966/721/5 2461/724/5 541/3975/5
f 1358/3979/5 3890/3984/5 5966/721/5 3887/3974/5
f 3890/3984/5 883/3983/5 2035/722/5 5966/721/5
f 3891/3986/5 5967/717/5 2802/720/5 882/3987/5
f 1359/3991/5 3894/3996/5 5967/717/5 3891/3986/5
f 3894/3996/5 655/3995/5 1807/718/5 5967/717/5
f 3895/3998/5 5968/713/5 2801/716/5 881/3999/5
f 1360/4003/5 3898/4008/5 5968/713/5 3895/3998/5
f 3898/4008/5 880/4007/5 2032/714/5 5968/713/5
f 3899/4010/5 5969/709/5 2462/712/5 542/4011/5
f 1361/4015/5 3902/4020/5 5969/709/5 3899/4010/5
f 3902/4020/5 879/4019/5 2031/710/5 5969/709/5
f 3911/4046/6 5972/697/6 2334/700/6 414/4047/6
f 1364/4051/6 3914/4056/6 5972/697/6 3911/4046/6
f 3914/4056/6 875/4055/6 2027/698/6 5972/697/6
f 1365/4063/6 3918/4068/6 5973/693/6 3915/4058/6
f 3918/4068/6 736/4067/6 1888/694/6 5973/693/6
f 1366/4075/6 3922/4080/6 5974/689/6 3919/4070/6
f 3922/4080/6 872/4079/6 2024/690/6 5974/689/6
f 3927/4094/6 5976/681/6 2790/684/6 870/4095/6
f 1368/4099/6 3930/4104/6 5976/681/6 3927/4094/6
f 3930/4104/6 389/4103/6 2309/682/6 5976/681/6
f 1369/4111/6 3934/4116/6 5977/677/6 3931/4106/6
f 3934/4116/6 868/4115/6 2020/678/6 5977/677/6
f 3939/4130/6 5979/669/6 2786/672/6 866/4131/6
f 1371/4135/6 3942/4140/6 5979/669/6 3939/4130/6
f 3942/4140/6 739/4139/6 1891/670/6 5979/669/6
f 3943/4142/6 5980/665/6 2785/668/6 865/4143/6
f 1372/4147/6 3946/4152/6 5980/665/6 3943/4142/6
f 3946/4152/6 864/4151/6 2016/666/6 5980/665/6
f 3947/4154/6 5981/661/6 2333/664/6 413/4155/6
f 1373/4159/6 3950/4164/6 5981/661/6 3947/4154/6
f 3950/4164/6 863/4163/6 2015/662/6 5981/661/6
f 3951/4166/6 5982/657/6 2782/660/6 862/4167/6
f 1374/4171/6 3954/4176/6 5982/657/6 3951/4166/6
f 3954/4176/6 740/4175/6 1892/658/6 5982/657/6
f 3955/4178/6 5983/653/6 2781/656/6 861/4179/6
f 1375/4183/6 3958/4188/6 5983/653/6 3955/4178/6
f 3958/4188/6 860/4187/6 2012/654/6 5983/653/6
f 3959/4190/6 5984/649/6 2469/652/6 549/4191/6
f 1376/4195/6 3962/4200/6 5984/649/6 3959/4190/6
f 3962/4200/6 859/4199/6 2011/650/6 5984/649/6
f 1377/4207/6 3966/4212/6 5985/645/6 3963/4202/6
f 3966/4212/6 652/4211/6 1804/646/6 5985/645/6
f 3967/4214/6 5986/641/6 2777/644/6 857/4215/6
f 1378/4219/6 3970/4224/6 5986/641/6 3967/4214/6
f 3970/4224/6 856/4223/6 2008/642/6 5986/641/6
f 3971/4226/6 5987/637/6 2470/640/6 550/4227/6
f 1379/4231/6 3974/4236/6 5987/637/6 3971/4226/6
f 3975/4238/6 5988/633/6 2774/636/6 854/4239/6
f 1380/4243/6 3978/4248/6 5988/633/6 3975/4238/6
f 3978/4248/6 743/4247/6 1895/634/6 5988/633/6
f 3979/4250/6 5989/629/6 2773/632/6 853/4251/6
f 1381/4255/6 3982/4260/6 5989/629/6 3979/4250/6
f 3982/4260/6 852/4259/6 2004/630/6 5989/629/6
f 3983/4262/6 5990/625/6 1802/628/6 650/4263/6
f 1382/4267/6 3986/4272/6 5990/625/6 3983/4262/6
f 3986/4272/6 851/4271/6 2003/626/6 5990/625/6
f 3987/4274/6 5991/621/6 2770/624/6 850/4275/6
f 1383/4279/6 3990/4284/6 5991/621/6 3987/4274/6
f 3990/4284/6 744/4283/6 1896/622/6 5991/621/6
f 3991/4286/6 5992/617/6 2769/620/6 849/4287/6
f 1384/4291/6 3994/4296/6 5992/617/6 3991/4286/6
f 3994/4296/6 848/4295/6 2000/618/6 5992/617/6
f 3995/4298/6 5993/613/6 2473/616/6 553/4299/6
f 1385/4303/6 3998/4308/6 5993/613/6 3995/4298/6
f 3998/4308/6 847/4307/6 1999/614/6 5993/613/6
f 3999/4310/6 5994/609/6 2766/612/6 846/4311/6
f 1386/4315/6 4002/4320/6 5994/609/6 3999/4310/6
f 4002/4320/6 651/4319/6 1803/610/6 5994/609/6
f 4003/4322/6 5995/605/6 2765/608/6 845/4323/6
f 1387/4327/6 4006/4332/6 5995/605/6 4003/4322/6
f 4006/4332/6 844/4331/6 1996/606/6 5995/605/6
f 4007/4334/6 5996/601/6 2474/604/6 554/4335/6
f 1388/4339/6 4010/4344/6 5996/601/6 4007/4334/6
f 4010/4344/6 843/4343/6 1995/602/6 5996/601/6
f 4011/4346/6 5997/597/6 2762/600/6 842/4347/6
f 1389/4351/6 4014/4356/6 5997/597/6 4011/4346/6
f 4014/4356/6 747/4355/6 1899/598/6 5997/597/6
f 4015/4358/6 5998/593/6 2761/596/6 841/4359/6
f 1390/4363/6 4018/4368/6 5998/593/6 4015/4358/6
f 4018/4368/6 840/4367/6 1992/594/6 5998/593/6
f 4019/4370/6 5999/589/6 1790/592/6 638/4371/6
f 1391/4375/6 4022/4380/6 5999/589/6 4019/4370/6
f 4022/4380/6 839/4379/6 1991/590/6 5999/589/6
f 4023/4382/6 6000/585/6 2758/588/6 838/4383/6
f 1392/4387/6 4026/4392/6 6000/585/6 4023/4382/6
f 4026/4392/6 748/4391/6 1900/586/6 6000/585/6
f 4027/4394/6 6001/581/6 2757/584/6 837/4395/6
f 1393/4399/6 4030/4404/6 6001/581/6 4027/4394/6
f 4030/4404/6 836/4403/6 1988/582/6 6001/581/6
f 4031/4406/6 6002/577/6 2477/580/6 557/4407/6
f 1394/4411/6 4034/4416/6 6002/577/6 4031/4406/6
f 4034/4416/6 835/4415/6 1987/578/6 6002/577/6
f 4035/4418/6 6003/573/6 2754/576/6 834/4419/6
f 1395/4423/6 4038/4428/6 6003/573/6 4035/4418/6
f 4038/4428/6 401/4427/6 2321/574/6 6003/573/6
f 4039/4430/6 6004/569/6 2753/572/6 833/4431/6
f 1396/4435/6 4042/4440/6 6004/569/6 4039/4430/6
f 4042/4440/6 832/4439/6 1984/570/6 6004/569/6
f 4043/4442/6 6005/565/6 2478/568/6 558/4443/6
f 1397/4447/6 4046/4452/6 6005/565/6 4043/4442/6
f 4046/4452/6 831/4451/6 1983/566/6 6005/565/6
f 4047/4454/5 6006/561/5 2750/564/5 830/4455/5
f 1398/4459/5 4050/4464/5 6006/561/5 4047/4454/5
f 4050/4464/5 751/4463/5 1903/562/5 6006/561/5
f 4051/4466/5 6007/557/5 2749/560/5 829/4467/5
f 1399/4471/5 4054/4476/5 6007/557/5 4051/4466/5
f 4054/4476/5 828/4475/5 1980/558/5 6007/557/5
f 4055/4478/5 6008/553/5 1789/556/5 637/4479/5
f 1400/4483/5 4058/4488/5 6008/553/5 4055/4478/5
f 4058/4488/5 827/4487/5 1979/554/5 6008/553/5
f 4059/4490/5 6009/549/5 2746/552/5 826/4491/5
f 1401/4495/5 4062/4500/5 6009/549/5 4059/4490/5
f 4062/4500/5 752/4499/5 1904/550/5 6009/549/5
f 4063/4502/5 6010/545/5 2745/548/5 825/4503/5
f 1402/4507/5 4066/4512/5 6010/545/5 4063/4502/5
f 4066/4512/5 824/4511/5 1976/546/5 6010/545/5
f 4067/4514/5 6011/541/5 2481/544/5 561/4515/5
f 1403/4519/5 4070/4524/5 6011/541/5 4067/4514/5
f 4070/4524/5 823/4523/5 1975/542/5 6011/541/5
f 4071/4526/5 6012/537/5 2742/540/5 822/4527/5
f 1404/4531/5 4074/4536/5 6012/537/5 4071/4526/5
f 4074/4536/5 406/4535/5 2326/538/5 6012/537/5
f 4075/4538/5 6013/533/5 2741/536/5 821/4539/5
f 1405/4543/5 4078/4548/5 6013/533/5 4075/4538/5
f 4078/4548/5 820/4547/5 1972/534/5 6013/533/5
f 4079/4550/5 6014/529/5 2482/532/5 562/4551/5
f 1406/4555/5 4082/4560/5 6014/529/5 4079/4550/5
f 4082/4560/5 819/4559/5 1971/530/5 6014/529/5
f 4083/4562/4 6015/525/4 2738/528/4 818/4563/4
f 1407/4567/4 4086/4572/4 6015/525/4 4083/4562/4
f 4086/4572/4 755/4571/4 1907/526/4 6015/525/4
f 4087/4574/4 6016/521/4 2737/524/4 817/4575/4
f 1408/4579/4 4090/4584/4 6016/521/4 4087/4574/4
f 4090/4584/4 816/4583/4 1968/522/4 6016/521/4
f 4091/4586/4 6017/517/4 1780/520/4 628/4587/4
f 1409/4591/4 4094/4596/4 6017/517/4 4091/4586/4
f 4094/4596/4 815/4595/4 1967/518/4 6017/517/4
f 4095/4598/4 6018/513/4 2734/516/4 814/4599/4
f 1410/4603/4 4098/4608/4 6018/513/4 4095/4598/4
f 4098/4608/4 756/4607/4 1908/514/4 6018/513/4
f 4099/4610/4 6019/509/4 2733/512/4 813/4611/4
f 1411/4615/4 4102/4620/4 6019/509/4 4099/4610/4
f 4102/4620/4 812/4619/4 1964/510/4 6019/509/4
f 4103/4622/4 6020/505/4 2485/508/4 565/4623/4
f 1412/4627/4 4106/4632/4 6020/505/4 4103/4622/4
f 4106/4632/4 811/4631/4 1963/506/4 6020/505/4
f 4107/4634/4 6021/501/4 2730/504/4 810/4635/4
f 1413/4639/4 4110/4644/4 6021/501/4 4107/4634/4
f 4110/4644/4 638/4643/4 1790/502/4 6021/501/4
f 4119/4670/3 6024/489/3 2726/492/3 806/4671/3
f 1416/4675/3 4122/4680/3 6024/489/3 4119/4670/3
f 4122/4680/3 759/4679/3 1911/490/3 6024/489/3
f 4123/4682/3 6025/485/3 2725/488/3 805/4683/3
f 1417/4687/3 4126/4692/3 6025/485/3 4123/4682/3
f 4126/4692/3 804/4691/3 1956/486/3 6025/485/3
f 4127/4694/3 6026/481/3 2328/484/3 408/4695/3
f 1418/4699/3 4130/4704/3 6026/481/3 4127/4694/3
f 4130/4704/3 803/4703/3 1955/482/3 6026/481/3
f 4131/4706/3 6027/477/3 2722/480/3 802/4707/3
f 1419/4711/3 4134/4716/3 6027/477/3 4131/4706/3
f 4134/4716/3 760/4715/3 1912/478/3 6027/477/3
f 4135/4718/3 6028/473/3 2721/476/3 801/4719/3
f 1420/4723/3 4138/4728/3 6028/473/3 4135/4718/3
f 4138/4728/3 800/4727/3 1952/474/3 6028/473/3
f 4139/4730/3 6029/469/3 2489/472/3 569/4731/3
f 1421/4735/3 4142/4740/3 6029/469/3 4139/4730/3
f 4142/4740/3 799/4739/3 1951/470/3 6029/469/3
f 4143/4742/3 6030/465/3 2718/468/3 798/4743/3
f 1422/4747/3 4146/4752/3 6030/465/3 4143/4742/3
f 4146/4752/3 635/4751/3 1787/466/3 6030/465/3
f 4155/4778/2 6033/453/2 2714/456/2 794/4779/2
f 1425/4783/2 4158/4788/2 6033/453/2 4155/4778/2
f 4158/4788/2 763/4787/2 1915/454/2 6033/453/2
f 4159/4790/2 6034/449/2 2713/452/2 793/4791/2
f 1426/4795/2 4162/4800/2 6034/449/2 4159/4790/2
f 4162/4800/2 792/4799/2 1944/450/2 6034/449/2
f 4163/4802/2 6035/445/2 2325/448/2 405/4803/2
f 1427/4807/2 4166/4812/2 6035/445/2 4163/4802/2
f 4166/4812/2 791/4811/2 1943/446/2 6035/445/2
f 4167/4814/2 6036/441/2 2710/444/2 790/4815/2
f 1428/4819/2 4170/4824/2 6036/441/2 4167/4814/2
f 4170/4824/2 764/4823/2 1916/442/2 6036/441/2
f 4171/4826/2 6037/437/2 2709/440/2 789/4827/2
f 1429/4831/2 4174/4836/2 6037/437/2 4171/4826/2
f 4174/4836/2 788/4835/2 1940/438/2 6037/437/2
f 4175/4838/2 6038/433/2 2493/436/2 573/4839/2
f 1430/4843/2 4178/4848/2 6038/433/2 4175/4838/2
f 4178/4848/2 787/4847/2 1939/434/2 6038/433/2
f 4179/4850/2 6039/429/2 2706/432/2 786/4851/2
f 1431/4855/2 4182/4860/2 6039/429/2 4179/4850/2
f 4182/4860/2 632/4859/2 1784/430/2 6039/429/2
f 4191/4886/1 6042/417/1 2702/420/1 782/4887/1
f 1434/4891/1 4194/4896/1 6042/417/1 4191/4886/1
f 4194/4896/1 767/4895/1 1919/418/1 6042/417/1
f 4195/4898/1 6043/413/1 2701/416/1 781/4899/1
f 1435/4903/1 4198/4908/1 6043/413/1 4195/4898/1
f 4198/4908/1 780/4907/1 1932/414/1 6043/413/1
f 4199/4910/1 6044/409/1 2322/412/1 402/4911/1
f 1436/4915/1 4202/4920/1 6044/409/1 4199/4910/1
f 4202/4920/1 779/4919/1 1931/410/1 6044/409/1
f 4203/4922/1 6045/405/1 2698/408/1 778/4923/1
f 1437/4927/1 4206/4932/1 6045/405/1 4203/4922/1
f 4206/4932/1 768/4931/1 1920/406/1 6045/405/1
f 4207/4934/1 6046/401/1 2697/404/1 777/4935/1
f 1438/4939/1 4210/4944/1 6046/401/1 4207/4934/1
f 4210/4944/1 776/4943/1 1928/402/1 6046/401/1
f 4211/4946/1 6047/397/1 2497/400/1 577/4947/1
f 1439/4951/1 4214/4956/1 6047/397/1 4211/4946/1
f 4214/4956/1 775/4955/1 1927/398/1 6047/397/1
f 4215/4958/1 6048/393/1 2694/396/1 774/4959/1
f 1440/4963/1 4218/4968/1 6048/393/1 4215/4958/1
f 4218/4968/1 629/4967/1 1781/394/1 6048/393/1
f 4227/4994/1 6051/381/1 2690/384/1 770/4995/1
f 1443/4999/1 4230/5004/1 6051/381/1 4227/4994/1
f 4230/5004/1 437/5003/1 1589/382/1 6051/381/1
f 4231/5006/1 6052/377/1 2689/380/1 769/5007/1
f 1444/5011/1 4234/5016/1 6052/377/1 4231/5006/1
f 4234/5016/1 576/5015/1 1728/378/1 6052/377/1
f 4235/5018/1 6053/373/1 2514/376/1 594/5019/1
f 1445/5023/1 4238/5028/1 6053/373/1 4235/5018/1
f 4238/5028/1 575/5027/1 1727/374/1 6053/373/1
f 4239/5030/2 6054/369/2 2686/372/2 766/5031/2
f 1446/5035/2 4242/5040/2 6054/369/2 4239/5030/2
f 4242/5040/2 440/5039/2 1592/370/2 6054/369/2
f 4243/5042/2 6055/365/2 2685/368/2 765/5043/2
f 1447/5047/2 4246/5052/2 6055/365/2 4243/5042/2
f 4246/5052/2 572/5051/2 1724/366/2 6055/365/2
f 4247/5054/2 6056/361/2 2517/364/2 597/5055/2
f 1448/5059/2 4250/5064/2 6056/361/2 4247/5054/2
f 4250/5064/2 571/5063/2 1723/362/2 6056/361/2
f 4251/5066/3 6057/357/3 2682/360/3 762/5067/3
f 1449/5071/3 4254/5076/3 6057/357/3 4251/5066/3
f 4254/5076/3 443/5075/3 1595/358/3 6057/357/3
f 4255/5078/3 6058/353/3 2681/356/3 761/5079/3
f 1450/5083/3 4258/5088/3 6058/353/3 4255/5078/3
f 4258/5088/3 568/5087/3 1720/354/3 6058/353/3
f 4259/5090/3 6059/349/3 2520/352/3 600/5091/3
f 1451/5095/3 4262/5100/3 6059/349/3 4259/5090/3
f 4262/5100/3 567/5099/3 1719/350/3 6059/349/3
f 4263/5102/4 6060/345/4 2678/348/4 758/5103/4
f 1452/5107/4 4266/5112/4 6060/345/4 4263/5102/4
f 4266/5112/4 446/5111/4 1598/346/4 6060/345/4
f 4267/5114/4 6061/341/4 2677/344/4 757/5115/4
f 1453/5119/4 4270/5124/4 6061/341/4 4267/5114/4
f 4270/5124/4 564/5123/4 1716/342/4 6061/341/4
f 4271/5126/4 6062/337/4 1588/340/4 436/5127/4
f 1454/5131/4 4274/5136/4 6062/337/4 4271/5126/4
f 4274/5136/4 563/5135/4 1715/338/4 6062/337/4
f 4275/5138/5 6063/333/5 2674/336/5 754/5139/5
f 1455/5143/5 4278/5148/5 6063/333/5 4275/5138/5
f 4278/5148/5 598/5147/5 2518/334/5 6063/333/5
f 4279/5150/5 6064/329/5 2673/332/5 753/5151/5
f 1456/5155/5 4282/5160/5 6064/329/5 4279/5150/5
f 4282/5160/5 560/5159/5 1712/330/5 6064/329/5
f 4283/5162/5 6065/325/5 1597/328/5 445/5163/5
f 1457/5167/5 4286/5172/5 6065/325/5 4283/5162/5
f 4286/5172/5 559/5171/5 1711/326/5 6065/325/5
f 4287/5174/6 6066/321/6 2670/324/6 750/5175/6
f 1458/5179/6 4290/5184/6 6066/321/6 4287/5174/6
f 4290/5184/6 593/5183/6 2513/322/6 6066/321/6
f 4291/5186/6 6067/317/6 2669/320/6 749/5187/6
f 1459/5191/6 4294/5196/6 6067/317/6 4291/5186/6
f 4294/5196/6 556/5195/6 1708/318/6 6067/317/6
f 4295/5198/6 6068/313/6 1598/316/6 446/5199/6
f 1460/5203/6 4298/5208/6 6068/313/6 4295/5198/6
f 4298/5208/6 555/5207/6 1707/314/6 6068/313/6
f 4299/5210/6 6069/309/6 2666/312/6 746/5211/6
f 1461/5215/6 4302/5220/6 6069/309/6 4299/5210/6
f 4302/5220/6 459/5219/6 1611/310/6 6069/309/6
f 4303/5222/6 6070/305/6 2665/308/6 745/5223/6
f 1462/5227/6 4306/5232/6 6070/305/6 4303/5222/6
f 4306/5232/6 552/5231/6 1704/306/6 6070/305/6
f 4307/5234/6 6071/301/6 1610/304/6 458/5235/6
f 1463/5239/6 4310/5244/6 6071/301/6 4307/5234/6
f 4310/5244/6 551/5243/6 1703/302/6 6071/301/6
f 4315/5258/6 6073/293/6 2661/296/6 741/5259/6
f 1465/5263/6 4318/5268/6 6073/293/6 4315/5258/6
f 4318/5268/6 548/5267/6 1700/294/6 6073/293/6
f 4319/5270/6 6074/289/6 2525/292/6 605/5271/6
f 1466/5275/6 4322/5280/6 6074/289/6 4319/5270/6
f 4322/5280/6 547/5279/6 1699/290/6 6074/289/6
f 4323/5282/6 6075/285/6 2658/288/6 738/5283/6
f 1467/5287/6 4326/5292/6 6075/285/6 4323/5282/6
f 4326/5292/6 581/5291/6 2501/286/6 6075/285/6
f 4331/5306/6 6077/277/6 2526/280/6 606/5307/6
f 1469/5311/6 4334/5316/6 6077/277/6 4331/5306/6
f 4334/5316/6 543/5315/6 1695/278/6 6077/277/6
f 4335/5318/5 6078/273/5 2654/276/5 734/5319/5
f 1470/5323/5 4338/5328/5 6078/273/5 4335/5318/5
f 4338/5328/5 463/5327/5 1615/274/5 6078/273/5
f 4339/5330/5 6079/269/5 2653/272/5 733/5331/5
f 1471/5335/5 4342/5340/5 6079/269/5 4339/5330/5
f 4342/5340/5 540/5339/5 1692/270/5 6079/269/5
f 4343/5342/5 6080/265/5 1609/268/5 457/5343/5
f 1472/5347/5 4346/5352/5 6080/265/5 4343/5342/5
f 4346/5352/5 539/5351/5 1691/266/5 6080/265/5
f 4347/5354/5 6081/261/5 2650/264/5 730/5355/5
f 1473/5359/5 4350/5364/5 6081/261/5 4347/5354/5
f 4350/5364/5 464/5363/5 1616/262/5 6081/261/5
f 4351/5366/5 6082/257/5 2649/260/5 729/5367/5
f 1474/5371/5 4354/5376/5 6082/257/5 4351/5366/5
f 4354/5376/5 536/5375/5 1688/258/5 6082/257/5
f 4355/5378/5 6083/253/5 2529/256/5 609/5379/5
f 1475/5383/5 4358/5388/5 6083/253/5 4355/5378/5
f 4358/5388/5 535/5387/5 1687/254/5 6083/253/5
f 4359/5390/5 6084/249/5 2646/252/5 726/5391/5
f 1476/5395/5 4362/5400/5 6084/249/5 4359/5390/5
f 4362/5400/5 586/5399/5 2506/250/5 6084/249/5
f 4363/5402/5 6085/245/5 2645/248/5 725/5403/5
f 1477/5407/5 4366/5412/5 6085/245/5 4363/5402/5
f 4366/5412/5 532/5411/5 1684/246/5 6085/245/5
f 4367/5414/5 6086/241/5 2530/244/5 610/5415/5
f 1478/5419/5 4370/5424/5 6086/241/5 4367/5414/5
f 4370/5424/5 531/5423/5 1683/242/5 6086/241/5
f 4371/5426/4 6087/237/4 2642/240/4 722/5427/4
f 1479/5431/4 4374/5436/4 6087/237/4 4371/5426/4
f 4374/5436/4 467/5435/4 1619/238/4 6087/237/4
f 4375/5438/4 6088/233/4 2641/236/4 721/5439/4
f 1480/5443/4 4378/5448/4 6088/233/4 4375/5438/4
f 4378/5448/4 528/5447/4 1680/234/4 6088/233/4
f 4379/5450/4 6089/229/4 1600/232/4 448/5451/4
f 1481/5455/4 4382/5460/4 6089/229/4 4379/5450/4
f 4382/5460/4 527/5459/4 1679/230/4 6089/229/4
f 4383/5462/4 6090/225/4 2638/228/4 718/5463/4
f 1482/5467/4 4386/5472/4 6090/225/4 4383/5462/4
f 4386/5472/4 468/5471/4 1620/226/4 6090/225/4
f 4387/5474/4 6091/221/4 2637/224/4 717/5475/4
f 1483/5479/4 4390/5484/4 6091/221/4 4387/5474/4
f 4390/5484/4 524/5483/4 1676/222/4 6091/221/4
f 4391/5486/4 6092/217/4 2533/220/4 613/5487/4
f 1484/5491/4 4394/5496/4 6092/217/4 4391/5486/4
f 4394/5496/4 523/5495/4 1675/218/4 6092/217/4
f 4395/5498/4 6093/213/4 2634/216/4 714/5499/4
f 1485/5503/4 4398/5508/4 6093/213/4 4395/5498/4
f 4398/5508/4 458/5507/4 1610/214/4 6093/213/4
f 4399/5510/4 6094/209/4 2633/212/4 713/5511/4
f 1486/5515/4 4402/5520/4 6094/209/4 4399/5510/4
f 4402/5520/4 520/5519/4 1672/210/4 6094/209/4
f 4403/5522/4 6095/205/4 2534/208/4 614/5523/4
f 1487/5527/4 4406/5532/4 6095/205/4 4403/5522/4
f 4406/5532/4 519/5531/4 1671/206/4 6095/205/4
f 4407/5534/3 6096/201/3 2630/204/3 710/5535/3
f 1488/5539/3 4410/5544/3 6096/201/3 4407/5534/3
f 4410/5544/3 471/5543/3 1623/202/3 6096/201/3
f 4411/5546/3 6097/197/3 2629/200/3 709/5547/3
f 1489/5551/3 4414/5556/3 6097/197/3 4411/5546/3
f 4414/5556/3 516/5555/3 1668/198/3 6097/197/3
f 4415/5558/3 6098/193/3 2508/196/3 588/5559/3
f 1490/5563/3 4418/5568/3 6098/193/3 4415/5558/3
f 4418/5568/3 515/5567/3 1667/194/3 6098/193/3
f 4419/5570/3 6099/189/3 2626/192/3 706/5571/3
f 1491/5575/3 4422/5580/3 6099/189/3 4419/5570/3
f 4422/5580/3 472/5579/3 1624/190/3 6099/189/3
f 4423/5582/3 6100/185/3 2625/188/3 705/5583/3
f 1492/5587/3 4426/5592/3 6100/185/3 4423/5582/3
f 4426/5592/3 512/5591/3 1664/186/3 6100/185/3
f 4427/5594/3 6101/181/3 2537/184/3 617/5595/3
f 1493/5599/3 4430/5604/3 6101/181/3 4427/5594/3
f 4430/5604/3 511/5603/3 1663/182/3 6101/181/3
f 4431/5606/3 6102/177/3 2622/180/3 702/5607/3
f 1494/5611/3 4434/5616/3 6102/177/3 4431/5606/3
f 4434/5616/3 455/5615/3 1607/178/3 6102/177/3
f 4435/5618/3 6103/173/3 2621/176/3 701/5619/3
f 1495/5623/3 4438/5628/3 6103/173/3 4435/5618/3
f 4438/5628/3 508/5627/3 1660/174/3 6103/173/3
f 4439/5630/3 6104/169/3 2538/172/3 618/5631/3
f 1496/5635/3 4442/5640/3 6104/169/3 4439/5630/3
f 4442/5640/3 507/5639/3 1659/170/3 6104/169/3
f 4443/5642/2 6105/165/2 2618/168/2 698/5643/2
f 1497/5647/2 4446/5652/2 6105/165/2 4443/5642/2
f 4446/5652/2 475/5651/2 1627/166/2 6105/165/2
f 4447/5654/2 6106/161/2 2617/164/2 697/5655/2
f 1498/5659/2 4450/5664/2 6106/161/2 4447/5654/2
f 4450/5664/2 504/5663/2 1656/162/2 6106/161/2
f 4451/5666/2 6107/157/2 2505/160/2 585/5667/2
f 1499/5671/2 4454/5676/2 6107/157/2 4451/5666/2
f 4454/5676/2 503/5675/2 1655/158/2 6107/157/2
f 4455/5678/2 6108/153/2 2614/156/2 694/5679/2
f 1500/5683/2 4458/5688/2 6108/153/2 4455/5678/2
f 4458/5688/2 476/5687/2 1628/154/2 6108/153/2
f 4459/5690/2 6109/149/2 2613/152/2 693/5691/2
f 1501/5695/2 4462/5700/2 6109/149/2 4459/5690/2
f 4462/5700/2 500/5699/2 1652/150/2 6109/149/2
f 4463/5702/2 6110/145/2 2541/148/2 621/5703/2
f 1502/5707/2 4466/5712/2 6110/145/2 4463/5702/2
f 4466/5712/2 499/5711/2 1651/146/2 6110/145/2
f 4467/5714/2 6111/141/2 2610/144/2 690/5715/2
f 1503/5719/2 4470/5724/2 6111/141/2 4467/5714/2
f 4470/5724/2 452/5723/2 1604/142/2 6111/141/2
f 4471/5726/2 6112/137/2 2609/140/2 689/5727/2
f 1504/5731/2 4474/5736/2 6112/137/2 4471/5726/2
f 4474/5736/2 496/5735/2 1648/138/2 6112/137/2
f 4475/5738/2 6113/133/2 2542/136/2 622/5739/2
f 1505/5743/2 4478/5748/2 6113/133/2 4475/5738/2
f 4478/5748/2 495/5747/2 1647/134/2 6113/133/2
f 4479/5750/1 6114/129/1 2606/132/1 686/5751/1
f 1506/5755/1 4482/5760/1 6114/129/1 4479/5750/1
f 4482/5760/1 479/5759/1 1631/130/1 6114/129/1
f 4483/5762/1 6115/125/1 2605/128/1 685/5763/1
f 1507/5767/1 4486/5772/1 6115/125/1 4483/5762/1
f 4486/5772/1 492/5771/1 1644/126/1 6115/125/1
f 4487/5774/1 6116/121/1 2502/124/1 582/5775/1
f 1508/5779/1 4490/5784/1 6116/121/1 4487/5774/1
f 4490/5784/1 491/5783/1 1643/122/1 6116/121/1
f 4491/5786/1 6117/117/1 2602/120/1 682/5787/1
f 1509/5791/1 4494/5796/1 6117/117/1 4491/5786/1
f 4494/5796/1 480/5795/1 1632/118/1 6117/117/1
f 4495/5798/1 6118/113/1 2601/116/1 681/5799/1
f 1510/5803/1 4498/5808/1 6118/113/1 4495/5798/1
f 4498/5808/1 488/5807/1 1640/114/1 6118/113/1
f 4499/5810/1 6119/109/1 2545/112/1 625/5811/1
f 1511/5815/1 4502/5820/1 6119/109/1 4499/5810/1
f 4502/5820/1 487/5819/1 1639/110/1 6119/109/1
f 4503/5822/1 6120/105/1 2598/108/1 678/5823/1
f 1512/5827/1 4506/5832/1 6120/105/1 4503/5822/1
f 4506/5832/1 449/5831/1 1601/106/1 6120/105/1
f 4507/5834/1 6121/101/1 2597/104/1 677/5835/1
f 1513/5839/1 4510/5844/1 6121/101/1 4507/5834/1
f 4510/5844/1 484/5843/1 1636/102/1 6121/101/1
f 4511/5846/1 6122/97/1 2546/100/1 626/5847/1
f 1514/5851/1 4514/5856/1 6122/97/1 4511/5846/1
f 4514/5856/1 483/5855/1 1635/98/1 6122/97/1
f 4515/5858/1 6123/93/1 2594/96/1 674/5859/1
f 1515/5863/1 4518/5868/1 6123/93/1 4515/5858/1
f 4518/5868/1 401/5867/1 1553/94/1 6123/93/1
f 4519/5870/1 6124/89/1 2593/92/1 673/5871/1
f 1516/5875/1 4522/5880/1 6124/89/1 4519/5870/1
f 4522/5880/1 432/5879/1 1584/90/1 6124/89/1
f 4523/5882/1 6125/85/1 2550/88/1 630/5883/1
f 1517/5887/1 4526/5892/1 6125/85/1 4523/5882/1
f 4526/5892/1 431/5891/1 1583/86/1 6125/85/1
f 4527/5894/2 6126/81/2 2590/84/2 670/5895/2
f 1518/5899/2 4530/5904/2 6126/81/2 4527/5894/2
f 4530/5904/2 404/5903/2 1556/82/2 6126/81/2
f 4531/5906/2 6127/77/2 2589/80/2 669/5907/2
f 1519/5911/2 4534/5916/2 6127/77/2 4531/5906/2
f 4534/5916/2 428/5915/2 1580/78/2 6127/77/2
f 4535/5918/2 6128/73/2 2553/76/2 633/5919/2
f 1520/5923/2 4538/5928/2 6128/73/2 4535/5918/2
f 4538/5928/2 427/5927/2 1579/74/2 6128/73/2
f 4539/5930/3 6129/69/3 2586/72/3 666/5931/3
f 1521/5935/3 4542/5940/3 6129/69/3 4539/5930/3
f 4542/5940/3 407/5939/3 1559/70/3 6129/69/3
f 4543/5942/3 6130/65/3 2585/68/3 665/5943/3
f 1522/5947/3 4546/5952/3 6130/65/3 4543/5942/3
f 4546/5952/3 424/5951/3 1576/66/3 6130/65/3
f 4547/5954/3 6131/61/3 2556/64/3 636/5955/3
f 1523/5959/3 4550/5964/3 6131/61/3 4547/5954/3
f 4550/5964/3 423/5963/3 1575/62/3 6131/61/3
f 4551/5966/4 6132/57/4 2582/60/4 662/5967/4
f 1524/5971/4 4554/5976/4 6132/57/4 4551/5966/4
f 4554/5976/4 410/5975/4 1562/58/4 6132/57/4
f 4555/5978/4 6133/53/4 2581/56/4 661/5979/4
f 1525/5983/4 4558/5988/4 6133/53/4 4555/5978/4
f 4558/5988/4 420/5987/4 1572/54/4 6133/53/4
f 4559/5990/4 6134/49/4 1552/52/4 400/5991/4
f 1526/5995/4 4562/6000/4 6134/49/4 4559/5990/4
f 4562/6000/4 419/5999/4 1571/50/4 6134/49/4
f 4563/6002/5 6135/45/5 2578/48/5 658/6003/5
f 1527/6007/5 4566/6012/5 6135/45/5 4563/6002/5
f 4566/6012/5 634/6011/5 2554/46/5 6135/45/5
f 4567/6014/5 6136/41/5 2577/44/5 657/6015/5
f 1528/6019/5 4570/6024/5 6136/41/5 4567/6014/5
f 4570/6024/5 416/6023/5 1568/42/5 6136/41/5
f 4571/6026/5 6137/37/5 1561/40/5 409/6027/5
f 1529/6031/5 4574/6036/5 6137/37/5 4571/6026/5
f 4574/6036/5 415/6035/5 1567/38/5 6137/37/5
f 4575/6038/6 6138/33/6 2574/36/6 654/6039/6
f 1530/6043/6 4578/6048/6 6138/33/6 4575/6038/6
f 4578/6048/6 629/6047/6 2549/34/6 6138/33/6
f 4579/6050/6 6139/29/6 2573/32/6 653/6051/6
f 1531/6055/6 4582/6060/6 6139/29/6 4579/6050/6
f 4582/6060/6 412/6059/6 1564/30/6 6139/29/6
f 4583/6062/6 6140/25/6 1562/28/6 410/6063/6
f 1532/6067/6 4586/6072/6 6140/25/6 4583/6062/6
f 4586/6072/6 411/6071/6 1563/26/6 6140/25/6
f 4587/6074/6 6141/21/6 1550/24/6 398/6075/6
f 1533/6079/6 4590/6084/6 6141/21/6 4587/6074/6
f 4590/6084/6 641/6083/6 2561/22/6 6141/21/6
f 4591/6086/5 6142/17/5 1549/20/5 397/6087/5
f 1534/6091/5 4594/6096/5 6142/17/5 4591/6086/5
f 4594/6096/5 646/6095/5 2566/18/5 6142/17/5
f 4595/6098/4 6143/13/4 1540/16/4 388/6099/4
f 1535/6103/4 4598/6108/4 6143/13/4 4595/6098/4
f 4598/6108/4 398/6107/4 1550/14/4 6143/13/4
f 4599/6110/3 6144/9/3 2568/12/3 648/6111/3
f 1536/6115/3 4602/6120/3 6144/9/3 4599/6110/3
f 4602/6120/3 395/6119/3 1547/10/3 6144/9/3
f 4603/6122/2 6145/5/2 2565/8/2 645/6123/2
f 1537/6127/2 4606/6132/2 6145/5/2 4603/6122/2
f 4606/6132/2 392/6131/2 1544/6/2 6145/5/2
f 4607/6134/1 6146/1/1 2562/4/1 642/6135/1
f 1538/6139/1 4610/6144/1 6146/1/1 4607/6134/1
f 4610/6144/1 389/6143/1 1541/2/1 6146/1/1
usemtl Material.002
f 6050/385/1 1923/386/1 290/387/1 2498/388/1
f 6049/389/1 1924/390/1 291/391/1 2693/392/1
f 6041/421/2 1935/422/2 286/423/2 2494/424/2
f 6040/425/2 1936/426/2 294/427/2 2705/428/2
f 6032/457/3 1947/458/3 282/459/3 2490/460/3
f 6031/461/3 1948/462/3 297/463/3 2717/464/3
f 6023/493/4 1959/494/4 278/495/4 2486/496/4
f 6022/497/4 1960/498/4 300/499/4 2729/500/4
f 5939/829/4 2071/830/4 241/831/4 2449/832/4
f 5938/833/4 2072/834/4 328/835/4 2841/836/4
f 5936/841/4 2075/842/4 160/843/4 1792/844/4
f 5935/845/4 2076/846/4 329/847/4 2845/848/4
f 5930/865/4 2083/866/4 237/867/4 2445/868/4
f 5929/869/4 2084/870/4 331/871/4 2853/872/4
f 5927/877/4 2087/878/4 133/879/4 2341/880/4
f 5926/881/4 2088/882/4 332/883/4 2857/884/4
f 5924/889/4 2091/890/4 234/891/4 2442/892/4
f 5923/893/4 2092/894/4 333/895/4 2861/896/4
f 5912/937/3 2107/938/3 229/939/3 2437/940/3
f 5911/941/3 2108/942/3 337/943/3 2877/944/3
f 5909/949/3 2111/950/3 108/951/3 2316/952/3
f 5908/953/3 2112/954/3 338/955/3 2881/956/3
f 5903/973/3 2119/974/3 225/975/3 2433/976/3
f 5902/977/3 2120/978/3 340/979/3 2889/980/3
f 5900/985/3 2123/986/3 137/987/3 2345/988/3
f 5899/989/3 2124/990/3 341/991/3 2893/992/3
f 5897/997/3 2127/998/3 222/999/3 2430/1000/3
f 5896/1001/3 2128/1002/3 342/1003/3 2897/1004/3
f 5885/1045/2 2143/1046/2 217/1047/2 2425/1048/2
f 5884/1049/2 2144/1050/2 346/1051/2 2913/1052/2
f 5882/1057/2 2147/1058/2 105/1059/2 2313/1060/2
f 5881/1061/2 2148/1062/2 347/1063/2 2917/1064/2
f 5876/1081/2 2155/1082/2 213/1083/2 2421/1084/2
f 5875/1085/2 2156/1086/2 349/1087/2 2925/1088/2
f 5873/1093/2 2159/1094/2 141/1095/2 2349/1096/2
f 5872/1097/2 2160/1098/2 350/1099/2 2929/1100/2
f 5870/1105/2 2163/1106/2 210/1107/2 2418/1108/2
f 5869/1109/2 2164/1110/2 351/1111/2 2933/1112/2
f 5858/1153/1 2179/1154/1 205/1155/1 2413/1156/1
f 5857/1157/1 2180/1158/1 355/1159/1 2949/1160/1
f 5855/1165/1 2183/1166/1 102/1167/1 2310/1168/1
f 5854/1169/1 2184/1170/1 356/1171/1 2953/1172/1
f 5849/1189/1 2191/1190/1 201/1191/1 2409/1192/1
f 5848/1193/1 2192/1194/1 358/1195/1 2961/1196/1
f 5846/1201/1 2195/1202/1 145/1203/1 2353/1204/1
f 5845/1205/1 2196/1206/1 359/1207/1 2965/1208/1
f 5843/1213/1 2199/1214/1 198/1215/1 2406/1216/1
f 5842/1217/1 2200/1218/1 360/1219/1 2969/1220/1
f 5834/1249/1 2211/1250/1 194/1251/1 2402/1252/1
f 5833/1253/1 2212/1254/1 363/1255/1 2981/1256/1
f 5825/1285/2 2223/1286/2 190/1287/2 2398/1288/2
f 5824/1289/2 2224/1290/2 366/1291/2 2993/1292/2
f 5816/1321/3 2235/1322/3 186/1323/3 2394/1324/3
f 5815/1325/3 2236/1326/3 369/1327/3 3005/1328/3
f 5807/1357/4 2247/1358/4 182/1359/4 2390/1360/4
f 5806/1361/4 2248/1362/4 372/1363/4 3017/1364/4
f 5774/1489/4 2291/1490/4 100/1491/4 1732/1492/4
f 5773/1493/4 2292/1494/4 383/1495/4 3061/1496/4
f 5771/1501/3 2295/1502/3 168/1503/3 2376/1504/3
f 5770/1505/3 2296/1506/3 384/1507/3 3065/1508/3
f 5768/1513/2 2299/1514/2 165/1515/2 2373/1516/2
f 5767/1517/2 2300/1518/2 385/1519/2 3069/1520/2
f 5765/1525/1 2303/1526/1 162/1527/1 2370/1528/1
f 5764/1529/1 2304/1530/1 386/1531/1 3073/1532/1
f 5762/1537/1 3075/1538/1 1154/1539/1 2306/1540/1
f 5761/1541/1 3076/1542/1 1155/1543/1 3077/1544/1
f 5757/1557/1 3072/1558/1 1152/1559/1 3082/1560/1
f 5754/1569/1 3071/1570/1 1151/1571/1 3086/1572/1
f 5753/1573/2 3087/1574/2 1150/1575/2 2302/1576/2
f 5752/1577/2 3088/1578/2 1158/1579/2 3089/1580/2
f 5748/1593/2 3068/1594/2 1148/1595/2 3094/1596/2
f 5745/1605/2 3067/1606/2 1147/1607/2 3098/1608/2
f 5744/1609/3 3099/1610/3 1146/1611/3 2298/1612/3
f 5743/1613/3 3100/1614/3 1161/1615/3 3101/1616/3
f 5739/1629/3 3064/1630/3 1144/1631/3 3106/1632/3
f 5736/1641/3 3063/1642/3 1143/1643/3 3110/1644/3
f 5735/1645/4 3111/1646/4 1142/1647/4 2294/1648/4
f 5734/1649/4 3112/1650/4 1164/1651/4 3113/1652/4
f 5730/1665/4 3060/1666/4 1140/1667/4 3118/1668/4
f 5727/1677/4 3059/1678/4 1139/1679/4 3122/1680/4
f 5636/2041/4 3243/2042/4 1098/2043/4 2250/2044/4
f 5635/2045/4 3244/2046/4 1197/2047/4 3245/2048/4
f 5631/2061/4 3016/2062/4 1096/2063/4 3250/2064/4
f 5628/2073/4 3015/2074/4 1095/2075/4 3254/2076/4
f 5609/2149/3 3279/2150/3 1086/2151/3 2238/2152/3
f 5608/2153/3 3280/2154/3 1206/2155/3 3281/2156/3
f 5604/2169/3 3004/2170/3 1084/2171/3 3286/2172/3
f 5601/2181/3 3003/2182/3 1083/2183/3 3290/2184/3
f 5582/2257/2 3315/2258/2 1074/2259/2 2226/2260/2
f 5581/2261/2 3316/2262/2 1215/2263/2 3317/2264/2
f 5577/2277/2 2992/2278/2 1072/2279/2 3322/2280/2
f 5574/2289/2 2991/2290/2 1071/2291/2 3326/2292/2
f 5555/2365/1 3351/2366/1 1062/2367/1 2214/2368/1
f 5554/2369/1 3352/2370/1 1224/2371/1 3353/2372/1
f 5550/2385/1 2980/2386/1 1060/2387/1 3358/2388/1
f 5547/2397/1 2979/2398/1 1059/2399/1 3362/2400/1
f 5528/2473/1 3387/2474/1 1050/2475/1 2202/2476/1
f 5527/2477/1 3388/2478/1 1233/2479/1 3389/2480/1
f 5523/2493/1 2968/2494/1 1048/2495/1 3394/2496/1
f 5520/2505/1 2967/2506/1 1047/2507/1 3398/2508/1
f 5519/2509/1 3399/2510/1 1046/2511/1 2198/2512/1
f 5518/2513/1 3400/2514/1 1236/2515/1 3401/2516/1
f 5514/2529/1 2964/2530/1 1044/2531/1 3406/2532/1
f 5511/2541/1 2963/2542/1 1043/2543/1 3410/2544/1
f 5510/2545/1 3411/2546/1 1042/2547/1 2194/2548/1
f 5509/2549/1 3412/2550/1 1239/2551/1 3413/2552/1
f 5505/2565/1 2960/2566/1 1040/2567/1 3418/2568/1
f 5502/2577/1 2959/2578/1 1039/2579/1 3422/2580/1
f 5492/2617/1 3435/2618/1 1034/2619/1 2186/2620/1
f 5491/2621/1 3436/2622/1 1245/2623/1 3437/2624/1
f 5487/2637/1 2952/2638/1 1032/2639/1 3442/2640/1
f 5484/2649/1 2951/2650/1 1031/2651/1 3446/2652/1
f 5483/2653/1 3447/2654/1 1030/2655/1 2182/2656/1
f 5482/2657/1 3448/2658/1 1248/2659/1 3449/2660/1
f 5478/2673/1 2948/2674/1 1028/2675/1 3454/2676/1
f 5475/2685/1 2947/2686/1 1027/2687/1 3458/2688/1
f 5447/2797/2 3495/2798/2 1014/2799/2 2166/2800/2
f 5446/2801/2 3496/2802/2 1260/2803/2 3497/2804/2
f 5442/2817/2 2932/2818/2 1012/2819/2 3502/2820/2
f 5439/2829/2 2931/2830/2 1011/2831/2 3506/2832/2
f 5438/2833/2 3507/2834/2 1010/2835/2 2162/2836/2
f 5437/2837/2 3508/2838/2 1263/2839/2 3509/2840/2
f 5433/2853/2 2928/2854/2 1008/2855/2 3514/2856/2
f 5430/2865/2 2927/2866/2 1007/2867/2 3518/2868/2
f 5429/2869/2 3519/2870/2 1006/2871/2 2158/2872/2
f 5428/2873/2 3520/2874/2 1266/2875/2 3521/2876/2
f 5424/2889/2 2924/2890/2 1004/2891/2 3526/2892/2
f 5421/2901/2 2923/2902/2 1003/2903/2 3530/2904/2
f 5411/2941/2 3543/2942/2 998/2943/2 2150/2944/2
f 5410/2945/2 3544/2946/2 1272/2947/2 3545/2948/2
f 5406/2961/2 2916/2962/2 996/2963/2 3550/2964/2
f 5403/2973/2 2915/2974/2 995/2975/2 3554/2976/2
f 5402/2977/2 3555/2978/2 994/2979/2 2146/2980/2
f 5401/2981/2 3556/2982/2 1275/2983/2 3557/2984/2
f 5397/2997/2 2912/2998/2 992/2999/2 3562/3000/2
f 5394/3009/2 2911/3010/2 991/3011/2 3566/3012/2
f 5366/3121/3 3603/3122/3 978/3123/3 2130/3124/3
f 5365/3125/3 3604/3126/3 1287/3127/3 3605/3128/3
f 5361/3141/3 2896/3142/3 976/3143/3 3610/3144/3
f 5358/3153/3 2895/3154/3 975/3155/3 3614/3156/3
f 5357/3157/3 3615/3158/3 974/3159/3 2126/3160/3
f 5356/3161/3 3616/3162/3 1290/3163/3 3617/3164/3
f 5352/3177/3 2892/3178/3 972/3179/3 3622/3180/3
f 5349/3189/3 2891/3190/3 971/3191/3 3626/3192/3
f 5348/3193/3 3627/3194/3 970/3195/3 2122/3196/3
f 5347/3197/3 3628/3198/3 1293/3199/3 3629/3200/3
f 5343/3213/3 2888/3214/3 968/3215/3 3634/3216/3
f 5340/3225/3 2887/3226/3 967/3227/3 3638/3228/3
f 5330/3265/3 3651/3266/3 962/3267/3 2114/3268/3
f 5329/3269/3 3652/3270/3 1299/3271/3 3653/3272/3
f 5325/3285/3 2880/3286/3 960/3287/3 3658/3288/3
f 5322/3297/3 2879/3298/3 959/3299/3 3662/3300/3
f 5321/3301/3 3663/3302/3 958/3303/3 2110/3304/3
f 5320/3305/3 3664/3306/3 1302/3307/3 3665/3308/3
f 5316/3321/3 2876/3322/3 956/3323/3 3670/3324/3
f 5313/3333/3 2875/3334/3 955/3335/3 3674/3336/3
f 5285/3445/4 3711/3446/4 942/3447/4 2094/3448/4
f 5284/3449/4 3712/3450/4 1314/3451/4 3713/3452/4
f 5280/3465/4 2860/3466/4 940/3467/4 3718/3468/4
f 5277/3477/4 2859/3478/4 939/3479/4 3722/3480/4
f 5276/3481/4 3723/3482/4 938/3483/4 2090/3484/4
f 5275/3485/4 3724/3486/4 1317/3487/4 3725/3488/4
f 5271/3501/4 2856/3502/4 936/3503/4 3730/3504/4
f 5268/3513/4 2855/3514/4 935/3515/4 3734/3516/4
f 5267/3517/4 3735/3518/4 934/3519/4 2086/3520/4
f 5266/3521/4 3736/3522/4 1320/3523/4 3737/3524/4
f 5262/3537/4 2852/3538/4 932/3539/4 3742/3540/4
f 5259/3549/4 2851/3550/4 931/3551/4 3746/3552/4
f 5249/3589/4 3759/3590/4 926/3591/4 2078/3592/4
f 5248/3593/4 3760/3594/4 1326/3595/4 3761/3596/4
f 5244/3609/4 2844/3610/4 924/3611/4 3766/3612/4
f 5241/3621/4 2843/3622/4 923/3623/4 3770/3624/4
f 5240/3625/4 3771/3626/4 922/3627/4 2074/3628/4
f 5239/3629/4 3772/3630/4 1329/3631/4 3773/3632/4
f 5235/3645/4 2840/3646/4 920/3647/4 3778/3648/4
f 5232/3657/4 2839/3658/4 919/3659/4 3782/3660/4
f 4988/4633/4 4107/4634/4 810/4635/4 1962/4636/4
f 4987/4637/4 4108/4638/4 1413/4639/4 4109/4640/4
f 4983/4653/4 2728/4654/4 808/4655/4 4114/4656/4
f 4980/4665/4 2727/4666/4 807/4667/4 4118/4668/4
f 4961/4741/3 4143/4742/3 798/4743/3 1950/4744/3
f 4960/4745/3 4144/4746/3 1422/4747/3 4145/4748/3
f 4956/4761/3 2716/4762/3 796/4763/3 4150/4764/3
f 4953/4773/3 2715/4774/3 795/4775/3 4154/4776/3
f 4934/4849/2 4179/4850/2 786/4851/2 1938/4852/2
f 4933/4853/2 4180/4854/2 1431/4855/2 4181/4856/2
f 4929/4869/2 2704/4870/2 784/4871/2 4186/4872/2
f 4926/4881/2 2703/4882/2 783/4883/2 4190/4884/2
f 4907/4957/1 4215/4958/1 774/4959/1 1926/4960/1
f 4906/4961/1 4216/4962/1 1440/4963/1 4217/4964/1
f 4902/4977/1 2692/4978/1 772/4979/1 4222/4980/1
f 4899/4989/1 2691/4990/1 771/4991/1 4226/4992/1
f 4898/4993/1 4227/4994/1 770/4995/1 1922/4996/1
f 4897/4997/1 4228/4998/1 1443/4999/1 4229/5000/1
f 4889/5029/2 4239/5030/2 766/5031/2 1918/5032/2
f 4888/5033/2 4240/5034/2 1446/5035/2 4241/5036/2
f 4880/5065/3 4251/5066/3 762/5067/3 1914/5068/3
f 4879/5069/3 4252/5070/3 1449/5071/3 4253/5072/3
f 4871/5101/4 4263/5102/4 758/5103/4 1910/5104/4
f 4870/5105/4 4264/5106/4 1452/5107/4 4265/5108/4
f 4787/5437/4 4375/5438/4 721/5439/4 1873/5440/4
f 4786/5441/4 4376/5442/4 1480/5443/4 4377/5444/4
f 4784/5449/4 4379/5450/4 448/5451/4 2368/5452/4
f 4783/5453/4 4380/5454/4 1481/5455/4 4381/5456/4
f 4778/5473/4 4387/5474/4 717/5475/4 1869/5476/4
f 4777/5477/4 4388/5478/4 1483/5479/4 4389/5480/4
f 4775/5485/4 4391/5486/4 613/5487/4 1765/5488/4
f 4774/5489/4 4392/5490/4 1484/5491/4 4393/5492/4
f 4772/5497/4 4395/5498/4 714/5499/4 1866/5500/4
f 4771/5501/4 4396/5502/4 1485/5503/4 4397/5504/4
f 4760/5545/3 4411/5546/3 709/5547/3 1861/5548/3
f 4759/5549/3 4412/5550/3 1489/5551/3 4413/5552/3
f 4757/5557/3 4415/5558/3 588/5559/3 1740/5560/3
f 4756/5561/3 4416/5562/3 1490/5563/3 4417/5564/3
f 4751/5581/3 4423/5582/3 705/5583/3 1857/5584/3
f 4750/5585/3 4424/5586/3 1492/5587/3 4425/5588/3
f 4748/5593/3 4427/5594/3 617/5595/3 1769/5596/3
f 4747/5597/3 4428/5598/3 1493/5599/3 4429/5600/3
f 4745/5605/3 4431/5606/3 702/5607/3 1854/5608/3
f 4744/5609/3 4432/5610/3 1494/5611/3 4433/5612/3
f 4733/5653/2 4447/5654/2 697/5655/2 1849/5656/2
f 4732/5657/2 4448/5658/2 1498/5659/2 4449/5660/2
f 4730/5665/2 4451/5666/2 585/5667/2 1737/5668/2
f 4729/5669/2 4452/5670/2 1499/5671/2 4453/5672/2
f 4724/5689/2 4459/5690/2 693/5691/2 1845/5692/2
f 4723/5693/2 4460/5694/2 1501/5695/2 4461/5696/2
f 4721/5701/2 4463/5702/2 621/5703/2 1773/5704/2
f 4720/5705/2 4464/5706/2 1502/5707/2 4465/5708/2
f 4718/5713/2 4467/5714/2 690/5715/2 1842/5716/2
f 4717/5717/2 4468/5718/2 1503/5719/2 4469/5720/2
f 4706/5761/1 4483/5762/1 685/5763/1 1837/5764/1
f 4705/5765/1 4484/5766/1 1507/5767/1 4485/5768/1
f 4703/5773/1 4487/5774/1 582/5775/1 1734/5776/1
f 4702/5777/1 4488/5778/1 1508/5779/1 4489/5780/1
f 4697/5797/1 4495/5798/1 681/5799/1 1833/5800/1
f 4696/5801/1 4496/5802/1 1510/5803/1 4497/5804/1
f 4694/5809/1 4499/5810/1 625/5811/1 1777/5812/1
f 4693/5813/1 4500/5814/1 1511/5815/1 4501/5816/1
f 4691/5821/1 4503/5822/1 678/5823/1 1830/5824/1
f 4690/5825/1 4504/5826/1 1512/5827/1 4505/5828/1
f 4682/5857/1 4515/5858/1 674/5859/1 1826/5860/1
f 4681/5861/1 4516/5862/1 1515/5863/1 4517/5864/1
f 4673/5893/2 4527/5894/2 670/5895/2 1822/5896/2
f 4672/5897/2 4528/5898/2 1518/5899/2 4529/5900/2
f 4664/5929/3 4539/5930/3 666/5931/3 1818/5932/3
f 4663/5933/3 4540/5934/3 1521/5935/3 4541/5936/3
f 4655/5965/4 4551/5966/4 662/5967/4 1814/5968/4
f 4654/5969/4 4552/5970/4 1524/5971/4 4553/5972/4
f 4622/6097/4 4595/6098/4 388/6099/4 2308/6100/4
f 4621/6101/4 4596/6102/4 1535/6103/4 4597/6104/4
f 4619/6109/3 4599/6110/3 648/6111/3 1800/6112/3
f 4618/6113/3 4600/6114/3 1536/6115/3 4601/6116/3
f 4616/6121/2 4603/6122/2 645/6123/2 1797/6124/2
f 4615/6125/2 4604/6126/2 1537/6127/2 4605/6128/2
f 4613/6133/1 4607/6134/1 642/6135/1 1794/6136/1
f 4612/6137/1 4608/6138/1 1538/6139/1 4609/6140/1
f 3071/1570/1 4612/6137/1 4609/6140/1 1151/1571/1
f 386/1531/1 2306/1540/1 4612/6137/1 3071/1570/1
f 2306/1540/1 1154/1539/1 4608/6138/1 4612/6137/1
f 2303/1526/1 4613/6133/1 1794/6136/1 162/1527/1
f 1151/1571/1 4609/6140/1 4613/6133/1 2303/1526/1
f 4609/6140/1 1538/6139/1 4607/6134/1 4613/6133/1
f 3067/1606/2 4615/6125/2 4605/6128/2 1147/1607/2
f 385/1519/2 2302/1576/2 4615/6125/2 3067/1606/2
f 2302/1576/2 1150/1575/2 4604/6126/2 4615/6125/2
f 2299/1514/2 4616/6121/2 1797/6124/2 165/1515/2
f 1147/1607/2 4605/6128/2 4616/6121/2 2299/1514/2
f 4605/6128/2 1537/6127/2 4603/6122/2 4616/6121/2
f 3063/1642/3 4618/6113/3 4601/6116/3 1143/1643/3
f 384/1507/3 2298/1612/3 4618/6113/3 3063/1642/3
f 2298/1612/3 1146/1611/3 4600/6114/3 4618/6113/3
f 2295/1502/3 4619/6109/3 1800/6112/3 168/1503/3
f 1143/1643/3 4601/6116/3 4619/6109/3 2295/1502/3
f 4601/6116/3 1536/6115/3 4599/6110/3 4619/6109/3
f 3059/1678/4 4621/6101/4 4597/6104/4 1139/1679/4
f 383/1495/4 2294/1648/4 4621/6101/4 3059/1678/4
f 2294/1648/4 1142/1647/4 4596/6102/4 4621/6101/4
f 2291/1490/4 4622/6097/4 2308/6100/4 100/1491/4
f 1139/1679/4 4597/6104/4 4622/6097/4 2291/1490/4
f 4597/6104/4 1535/6103/4 4595/6098/4 4622/6097/4
f 3015/2074/4 4654/5969/4 4553/5972/4 1095/2075/4
f 372/1363/4 2250/2044/4 4654/5969/4 3015/2074/4
f 2250/2044/4 1098/2043/4 4552/5970/4 4654/5969/4
f 2247/1358/4 4655/5965/4 1814/5968/4 182/1359/4
f 1095/2075/4 4553/5972/4 4655/5965/4 2247/1358/4
f 4553/5972/4 1524/5971/4 4551/5966/4 4655/5965/4
f 3003/2182/3 4663/5933/3 4541/5936/3 1083/2183/3
f 369/1327/3 2238/2152/3 4663/5933/3 3003/2182/3
f 2238/2152/3 1086/2151/3 4540/5934/3 4663/5933/3
f 2235/1322/3 4664/5929/3 1818/5932/3 186/1323/3
f 1083/2183/3 4541/5936/3 4664/5929/3 2235/1322/3
f 4541/5936/3 1521/5935/3 4539/5930/3 4664/5929/3
f 2991/2290/2 4672/5897/2 4529/5900/2 1071/2291/2
f 366/1291/2 2226/2260/2 4672/5897/2 2991/2290/2
f 2226/2260/2 1074/2259/2 4528/5898/2 4672/5897/2
f 2223/1286/2 4673/5893/2 1822/5896/2 190/1287/2
f 1071/2291/2 4529/5900/2 4673/5893/2 2223/1286/2
f 4529/5900/2 1518/5899/2 4527/5894/2 4673/5893/2
f 2979/2398/1 4681/5861/1 4517/5864/1 1059/2399/1
f 363/1255/1 2214/2368/1 4681/5861/1 2979/2398/1
f 2214/2368/1 1062/2367/1 4516/5862/1 4681/5861/1
f 2211/1250/1 4682/5857/1 1826/5860/1 194/1251/1
f 1059/2399/1 4517/5864/1 4682/5857/1 2211/1250/1
f 4517/5864/1 1515/5863/1 4515/5858/1 4682/5857/1
f 2967/2506/1 4690/5825/1 4505/5828/1 1047/2507/1
f 360/1219/1 2202/2476/1 4690/5825/1 2967/2506/1
f 2202/2476/1 1050/2475/1 4504/5826/1 4690/5825/1
f 2199/1214/1 4691/5821/1 1830/5824/1 198/1215/1
f 1047/2507/1 4505/5828/1 4691/5821/1 2199/1214/1
f 4505/5828/1 1512/5827/1 4503/5822/1 4691/5821/1
f 2963/2542/1 4693/5813/1 4501/5816/1 1043/2543/1
f 359/1207/1 2198/2512/1 4693/5813/1 2963/2542/1
f 2198/2512/1 1046/2511/1 4500/5814/1 4693/5813/1
f 2195/1202/1 4694/5809/1 1777/5812/1 145/1203/1
f 1043/2543/1 4501/5816/1 4694/5809/1 2195/1202/1
f 4501/5816/1 1511/5815/1 4499/5810/1 4694/5809/1
f 2959/2578/1 4696/5801/1 4497/5804/1 1039/2579/1
f 358/1195/1 2194/2548/1 4696/5801/1 2959/2578/1
f 2194/2548/1 1042/2547/1 4496/5802/1 4696/5801/1
f 2191/1190/1 4697/5797/1 1833/5800/1 201/1191/1
f 1039/2579/1 4497/5804/1 4697/5797/1 2191/1190/1
f 4497/5804/1 1510/5803/1 4495/5798/1 4697/5797/1
f 2951/2650/1 4702/5777/1 4489/5780/1 1031/2651/1
f 356/1171/1 2186/2620/1 4702/5777/1 2951/2650/1
f 2186/2620/1 1034/2619/1 4488/5778/1 4702/5777/1
f 2183/1166/1 4703/5773/1 1734/5776/1 102/1167/1
f 1031/2651/1 4489/5780/1 4703/5773/1 2183/1166/1
f 4489/5780/1 1508/5779/1 4487/5774/1 4703/5773/1
f 2947/2686/1 4705/5765/1 4485/5768/1 1027/2687/1
f 355/1159/1 2182/2656/1 4705/5765/1 2947/2686/1
f 2182/2656/1 1030/2655/1 4484/5766/1 4705/5765/1
f 2179/1154/1 4706/5761/1 1837/5764/1 205/1155/1
f 1027/2687/1 4485/5768/1 4706/5761/1 2179/1154/1
f 4485/5768/1 1507/5767/1 4483/5762/1 4706/5761/1
f 2931/2830/2 4717/5717/2 4469/5720/2 1011/2831/2
f 351/1111/2 2166/2800/2 4717/5717/2 2931/2830/2
f 2166/2800/2 1014/2799/2 4468/5718/2 4717/5717/2
f 2163/1106/2 4718/5713/2 1842/5716/2 210/1107/2
f 1011/2831/2 4469/5720/2 4718/5713/2 2163/1106/2
f 4469/5720/2 1503/5719/2 4467/5714/2 4718/5713/2
f 2927/2866/2 4720/5705/2 4465/5708/2 1007/2867/2
f 350/1099/2 2162/2836/2 4720/5705/2 2927/2866/2
f 2162/2836/2 1010/2835/2 4464/5706/2 4720/5705/2
f 2159/1094/2 4721/5701/2 1773/5704/2 141/1095/2
f 1007/2867/2 4465/5708/2 4721/5701/2 2159/1094/2
f 4465/5708/2 1502/5707/2 4463/5702/2 4721/5701/2
f 2923/2902/2 4723/5693/2 4461/5696/2 1003/2903/2
f 349/1087/2 2158/2872/2 4723/5693/2 2923/2902/2
f 2158/2872/2 1006/2871/2 4460/5694/2 4723/5693/2
f 2155/1082/2 4724/5689/2 1845/5692/2 213/1083/2
f 1003/2903/2 4461/5696/2 4724/5689/2 2155/1082/2
f 4461/5696/2 1501/5695/2 4459/5690/2 4724/5689/2
f 2915/2974/2 4729/5669/2 4453/5672/2 995/2975/2
f 347/1063/2 2150/2944/2 4729/5669/2 2915/2974/2
f 2150/2944/2 998/2943/2 4452/5670/2 4729/5669/2
f 2147/1058/2 4730/5665/2 1737/5668/2 105/1059/2
f 995/2975/2 4453/5672/2 4730/5665/2 2147/1058/2
f 4453/5672/2 1499/5671/2 4451/5666/2 4730/5665/2
f 2911/3010/2 4732/5657/2 4449/5660/2 991/3011/2
f 346/1051/2 2146/2980/2 4732/5657/2 2911/3010/2
f 2146/2980/2 994/2979/2 4448/5658/2 4732/5657/2
f 2143/1046/2 4733/5653/2 1849/5656/2 217/1047/2
f 991/3011/2 4449/5660/2 4733/5653/2 2143/1046/2
f 4449/5660/2 1498/5659/2 4447/5654/2 4733/5653/2
f 2895/3154/3 4744/5609/3 4433/5612/3 975/3155/3
f 342/1003/3 2130/3124/3 4744/5609/3 2895/3154/3
f 2130/3124/3 978/3123/3 4432/5610/3 4744/5609/3
f 2127/998/3 4745/5605/3 1854/5608/3 222/999/3
f 975/3155/3 4433/5612/3 4745/5605/3 2127/998/3
f 4433/5612/3 1494/5611/3 4431/5606/3 4745/5605/3
f 2891/3190/3 4747/5597/3 4429/5600/3 971/3191/3
f 341/991/3 2126/3160/3 4747/5597/3 2891/3190/3
f 2126/3160/3 974/3159/3 4428/5598/3 4747/5597/3
f 2123/986/3 4748/5593/3 1769/5596/3 137/987/3
f 971/3191/3 4429/5600/3 4748/5593/3 2123/986/3
f 4429/5600/3 1493/5599/3 4427/5594/3 4748/5593/3
f 2887/3226/3 4750/5585/3 4425/5588/3 967/3227/3
f 340/979/3 2122/3196/3 4750/5585/3 2887/3226/3
f 2122/3196/3 970/3195/3 4424/5586/3 4750/5585/3
f 2119/974/3 4751/5581/3 1857/5584/3 225/975/3
f 967/3227/3 4425/5588/3 4751/5581/3 2119/974/3
f 4425/5588/3 1492/5587/3 4423/5582/3 4751/5581/3
f 2879/3298/3 4756/5561/3 4417/5564/3 959/3299/3
f 338/955/3 2114/3268/3 4756/5561/3 2879/3298/3
f 2114/3268/3 962/3267/3 4416/5562/3 4756/5561/3
f 2111/950/3 4757/5557/3 1740/5560/3 108/951/3
f 959/3299/3 4417/5564/3 4757/5557/3 2111/950/3
f 4417/5564/3 1490/5563/3 4415/5558/3 4757/5557/3
f 2875/3334/3 4759/5549/3 4413/5552/3 955/3335/3
f 337/943/3 2110/3304/3 4759/5549/3 2875/3334/3
f 2110/3304/3 958/3303/3 4412/5550/3 4759/5549/3
f 2107/938/3 4760/5545/3 1861/5548/3 229/939/3
f 955/3335/3 4413/5552/3 4760/5545/3 2107/938/3
f 4413/5552/3 1489/5551/3 4411/5546/3 4760/5545/3
f 2859/3478/4 4771/5501/4 4397/5504/4 939/3479/4
f 333/895/4 2094/3448/4 4771/5501/4 2859/3478/4
f 2094/3448/4 942/3447/4 4396/5502/4 4771/5501/4
f 2091/890/4 4772/5497/4 1866/5500/4 234/891/4
f 939/3479/4 4397/5504/4 4772/5497/4 2091/890/4
f 4397/5504/4 1485/5503/4 4395/5498/4 4772/5497/4
f 2855/3514/4 4774/5489/4 4393/5492/4 935/3515/4
f 332/883/4 2090/3484/4 4774/5489/4 2855/3514/4
f 2090/3484/4 938/3483/4 4392/5490/4 4774/5489/4
f 2087/878/4 4775/5485/4 1765/5488/4 133/879/4
f 935/3515/4 4393/5492/4 4775/5485/4 2087/878/4
f 4393/5492/4 1484/5491/4 4391/5486/4 4775/5485/4
f 2851/3550/4 4777/5477/4 4389/5480/4 931/3551/4
f 331/871/4 2086/3520/4 4777/5477/4 2851/3550/4
f 2086/3520/4 934/3519/4 4388/5478/4 4777/5477/4
f 2083/866/4 4778/5473/4 1869/5476/4 237/867/4
f 931/3551/4 4389/5480/4 4778/5473/4 2083/866/4
f 4389/5480/4 1483/5479/4 4387/5474/4 4778/5473/4
f 2843/3622/4 4783/5453/4 4381/5456/4 923/3623/4
f 329/847/4 2078/3592/4 4783/5453/4 2843/3622/4
f 2078/3592/4 926/3591/4 4380/5454/4 4783/5453/4
f 2075/842/4 4784/5449/4 2368/5452/4 160/843/4
f 923/3623/4 4381/5456/4 4784/5449/4 2075/842/4
f 4381/5456/4 1481/5455/4 4379/5450/4 4784/5449/4
f 2839/3658/4 4786/5441/4 4377/5444/4 919/3659/4
f 328/835/4 2074/3628/4 4786/5441/4 2839/3658/4
f 2074/3628/4 922/3627/4 4376/5442/4 4786/5441/4
f 2071/830/4 4787/5437/4 1873/5440/4 241/831/4
f 919/3659/4 4377/5444/4 4787/5437/4 2071/830/4
f 4377/5444/4 1480/5443/4 4375/5438/4 4787/5437/4
f 2727/4666/4 4870/5105/4 4265/5108/4 807/4667/4
f 300/499/4 1962/4636/4 4870/5105/4 2727/4666/4
f 1962/4636/4 810/4635/4 4264/5106/4 4870/5105/4
f 1959/494/4 4871/5101/4 1910/5104/4 278/495/4
f 807/4667/4 4265/5108/4 4871/5101/4 1959/494/4
f 4265/5108/4 1452/5107/4 4263/5102/4 4871/5101/4
f 2715/4774/3 4879/5069/3 4253/5072/3 795/4775/3
f 297/463/3 1950/4744/3 4879/5069/3 2715/4774/3
f 1950/4744/3 798/4743/3 4252/5070/3 4879/5069/3
f 1947/458/3 4880/5065/3 1914/5068/3 282/459/3
f 795/4775/3 4253/5072/3 4880/5065/3 1947/458/3
f 4253/5072/3 1449/5071/3 4251/5066/3 4880/5065/3
f 2703/4882/2 4888/5033/2 4241/5036/2 783/4883/2
f 294/427/2 1938/4852/2 4888/5033/2 2703/4882/2
f 1938/4852/2 786/4851/2 4240/5034/2 4888/5033/2
f 1935/422/2 4889/5029/2 1918/5032/2 286/423/2
f 783/4883/2 4241/5036/2 4889/5029/2 1935/422/2
f 4241/5036/2 1446/5035/2 4239/5030/2 4889/5029/2
f 2691/4990/1 4897/4997/1 4229/5000/1 771/4991/1
f 291/391/1 1926/4960/1 4897/4997/1 2691/4990/1
f 1926/4960/1 774/4959/1 4228/4998/1 4897/4997/1
f 1923/386/1 4898/4993/1 1922/4996/1 290/387/1
f 771/4991/1 4229/5000/1 4898/4993/1 1923/386/1
f 4229/5000/1 1443/4999/1 4227/4994/1 4898/4993/1
f 4224/4986/1 4899/4989/1 4226/4992/1 1442/4987/1
f 773/4971/1 2693/392/1 4899/4989/1 4224/4986/1
f 2693/392/1 291/391/1 2691/4990/1 4899/4989/1
f 4220/4974/1 4902/4977/1 4222/4980/1 1441/4975/1
f 482/2391/1 2402/1252/1 4902/4977/1 4220/4974/1
f 2402/1252/1 194/1251/1 2692/4978/1 4902/4977/1
f 2692/4978/1 4906/4961/1 4217/4964/1 772/4979/1
f 194/1251/1 1826/5860/1 4906/4961/1 2692/4978/1
f 1826/5860/1 674/5859/1 4216/4962/1 4906/4961/1
f 1924/390/1 4907/4957/1 1926/4960/1 291/391/1
f 772/4979/1 4217/4964/1 4907/4957/1 1924/390/1
f 4217/4964/1 1440/4963/1 4215/4958/1 4907/4957/1
f 4188/4878/2 4926/4881/2 4190/4884/2 1433/4879/2
f 785/4863/2 2705/428/2 4926/4881/2 4188/4878/2
f 2705/428/2 294/427/2 2703/4882/2 4926/4881/2
f 4184/4866/2 4929/4869/2 4186/4872/2 1432/4867/2
f 478/2283/2 2398/1288/2 4929/4869/2 4184/4866/2
f 2398/1288/2 190/1287/2 2704/4870/2 4929/4869/2
f 2704/4870/2 4933/4853/2 4181/4856/2 784/4871/2
f 190/1287/2 1822/5896/2 4933/4853/2 2704/4870/2
f 1822/5896/2 670/5895/2 4180/4854/2 4933/4853/2
f 1936/426/2 4934/4849/2 1938/4852/2 294/427/2
f 784/4871/2 4181/4856/2 4934/4849/2 1936/426/2
f 4181/4856/2 1431/4855/2 4179/4850/2 4934/4849/2
f 4152/4770/3 4953/4773/3 4154/4776/3 1424/4771/3
f 797/4755/3 2717/464/3 4953/4773/3 4152/4770/3
f 2717/464/3 297/463/3 2715/4774/3 4953/4773/3
f 4148/4758/3 4956/4761/3 4150/4764/3 1423/4759/3
f 474/2175/3 2394/1324/3 4956/4761/3 4148/4758/3
f 2394/1324/3 186/1323/3 2716/4762/3 4956/4761/3
f 2716/4762/3 4960/4745/3 4145/4748/3 796/4763/3
f 186/1323/3 1818/5932/3 4960/4745/3 2716/4762/3
f 1818/5932/3 666/5931/3 4144/4746/3 4960/4745/3
f 1948/462/3 4961/4741/3 1950/4744/3 297/463/3
f 796/4763/3 4145/4748/3 4961/4741/3 1948/462/3
f 4145/4748/3 1422/4747/3 4143/4742/3 4961/4741/3
f 4116/4662/4 4980/4665/4 4118/4668/4 1415/4663/4
f 809/4647/4 2729/500/4 4980/4665/4 4116/4662/4
f 2729/500/4 300/499/4 2727/4666/4 4980/4665/4
f 4112/4650/4 4983/4653/4 4114/4656/4 1414/4651/4
f 470/2067/4 2390/1360/4 4983/4653/4 4112/4650/4
f 2390/1360/4 182/1359/4 2728/4654/4 4983/4653/4
f 2728/4654/4 4987/4637/4 4109/4640/4 808/4655/4
f 182/1359/4 1814/5968/4 4987/4637/4 2728/4654/4
f 1814/5968/4 662/5967/4 4108/4638/4 4987/4637/4
f 1960/498/4 4988/4633/4 1962/4636/4 300/499/4
f 808/4655/4 4109/4640/4 4988/4633/4 1960/498/4
f 4109/4640/4 1413/4639/4 4107/4634/4 4988/4633/4
f 3780/3654/4 5232/3657/4 3782/3660/4 1331/3655/4
f 921/3639/4 2841/836/4 5232/3657/4 3780/3654/4
f 2841/836/4 328/835/4 2839/3658/4 5232/3657/4
f 3776/3642/4 5235/3645/4 3778/3648/4 1330/3643/4
f 421/3507/4 2341/880/4 5235/3645/4 3776/3642/4
f 2341/880/4 133/879/4 2840/3646/4 5235/3645/4
f 2840/3646/4 5239/3629/4 3773/3632/4 920/3647/4
f 133/879/4 1765/5488/4 5239/3629/4 2840/3646/4
f 1765/5488/4 613/5487/4 3772/3630/4 5239/3629/4
f 2072/834/4 5240/3625/4 2074/3628/4 328/835/4
f 920/3647/4 3773/3632/4 5240/3625/4 2072/834/4
f 3773/3632/4 1329/3631/4 3771/3626/4 5240/3625/4
f 3768/3618/4 5241/3621/4 3770/3624/4 1328/3619/4
f 925/3603/4 2845/848/4 5241/3621/4 3768/3618/4
f 2845/848/4 329/847/4 2843/3622/4 5241/3621/4
f 3764/3606/4 5244/3609/4 3766/3612/4 1327/3607/4
f 529/3651/4 2449/832/4 5244/3609/4 3764/3606/4
f 2449/832/4 241/831/4 2844/3610/4 5244/3609/4
f 2844/3610/4 5248/3593/4 3761/3596/4 924/3611/4
f 241/831/4 1873/5440/4 5248/3593/4 2844/3610/4
f 1873/5440/4 721/5439/4 3760/3594/4 5248/3593/4
f 2076/846/4 5249/3589/4 2078/3592/4 329/847/4
f 924/3611/4 3761/3596/4 5249/3589/4 2076/846/4
f 3761/3596/4 1326/3595/4 3759/3590/4 5249/3589/4
f 3744/3546/4 5259/3549/4 3746/3552/4 1322/3547/4
f 933/3531/4 2853/872/4 5259/3549/4 3744/3546/4
f 2853/872/4 331/871/4 2851/3550/4 5259/3549/4
f 3740/3534/4 5262/3537/4 3742/3540/4 1321/3535/4
f 396/3291/4 2316/952/4 5262/3537/4 3740/3534/4
f 2316/952/4 108/951/4 2852/3538/4 5262/3537/4
f 2852/3538/4 5266/3521/4 3737/3524/4 932/3539/4
f 108/951/4 1740/5560/4 5266/3521/4 2852/3538/4
f 1740/5560/4 588/5559/4 3736/3522/4 5266/3521/4
f 2084/870/4 5267/3517/4 2086/3520/4 331/871/4
f 932/3539/4 3737/3524/4 5267/3517/4 2084/870/4
f 3737/3524/4 1320/3523/4 3735/3518/4 5267/3517/4
f 3732/3510/4 5268/3513/4 3734/3516/4 1319/3511/4
f 937/3495/4 2857/884/4 5268/3513/4 3732/3510/4
f 2857/884/4 332/883/4 2855/3514/4 5268/3513/4
f 3728/3498/4 5271/3501/4 3730/3504/4 1318/3499/4
f 525/3543/4 2445/868/4 5271/3501/4 3728/3498/4
f 2445/868/4 237/867/4 2856/3502/4 5271/3501/4
f 2856/3502/4 5275/3485/4 3725/3488/4 936/3503/4
f 237/867/4 1869/5476/4 5275/3485/4 2856/3502/4
f 1869/5476/4 717/5475/4 3724/3486/4 5275/3485/4
f 2088/882/4 5276/3481/4 2090/3484/4 332/883/4
f 936/3503/4 3725/3488/4 5276/3481/4 2088/882/4
f 3725/3488/4 1317/3487/4 3723/3482/4 5276/3481/4
f 3720/3474/4 5277/3477/4 3722/3480/4 1316/3475/4
f 941/3459/4 2861/896/4 5277/3477/4 3720/3474/4
f 2861/896/4 333/895/4 2859/3478/4 5277/3477/4
f 3716/3462/4 5280/3465/4 3718/3468/4 1315/3463/4
f 456/1635/4 2376/1504/4 5280/3465/4 3716/3462/4
f 2376/1504/4 168/1503/4 2860/3466/4 5280/3465/4
f 2860/3466/4 5284/3449/4 3713/3452/4 940/3467/4
f 168/1503/4 1800/6112/4 5284/3449/4 2860/3466/4
f 1800/6112/4 648/6111/4 3712/3450/4 5284/3449/4
f 2092/894/4 5285/3445/4 2094/3448/4 333/895/4
f 940/3467/4 3713/3452/4 5285/3445/4 2092/894/4
f 3713/3452/4 1314/3451/4 3711/3446/4 5285/3445/4
f 3672/3330/3 5313/3333/3 3674/3336/3 1304/3331/3
f 957/3315/3 2877/944/3 5313/3333/3 3672/3330/3
f 2877/944/3 337/943/3 2875/3334/3 5313/3333/3
f 3668/3318/3 5316/3321/3 3670/3324/3 1303/3319/3
f 425/3183/3 2345/988/3 5316/3321/3 3668/3318/3
f 2345/988/3 137/987/3 2876/3322/3 5316/3321/3
f 2876/3322/3 5320/3305/3 3665/3308/3 956/3323/3
f 137/987/3 1769/5596/3 5320/3305/3 2876/3322/3
f 1769/5596/3 617/5595/3 3664/3306/3 5320/3305/3
f 2108/942/3 5321/3301/3 2110/3304/3 337/943/3
f 956/3323/3 3665/3308/3 5321/3301/3 2108/942/3
f 3665/3308/3 1302/3307/3 3663/3302/3 5321/3301/3
f 3660/3294/3 5322/3297/3 3662/3300/3 1301/3295/3
f 961/3279/3 2881/956/3 5322/3297/3 3660/3294/3
f 2881/956/3 338/955/3 2879/3298/3 5322/3297/3
f 3656/3282/3 5325/3285/3 3658/3288/3 1300/3283/3
f 517/3327/3 2437/940/3 5325/3285/3 3656/3282/3
f 2437/940/3 229/939/3 2880/3286/3 5325/3285/3
f 2880/3286/3 5329/3269/3 3653/3272/3 960/3287/3
f 229/939/3 1861/5548/3 5329/3269/3 2880/3286/3
f 1861/5548/3 709/5547/3 3652/3270/3 5329/3269/3
f 2112/954/3 5330/3265/3 2114/3268/3 338/955/3
f 960/3287/3 3653/3272/3 5330/3265/3 2112/954/3
f 3653/3272/3 1299/3271/3 3651/3266/3 5330/3265/3
f 3636/3222/3 5340/3225/3 3638/3228/3 1295/3223/3
f 969/3207/3 2889/980/3 5340/3225/3 3636/3222/3
f 2889/980/3 340/979/3 2887/3226/3 5340/3225/3
f 3632/3210/3 5343/3213/3 3634/3216/3 1294/3211/3
f 393/2967/3 2313/1060/3 5343/3213/3 3632/3210/3
f 2313/1060/3 105/1059/3 2888/3214/3 5343/3213/3
f 2888/3214/3 5347/3197/3 3629/3200/3 968/3215/3
f 105/1059/3 1737/5668/3 5347/3197/3 2888/3214/3
f 1737/5668/3 585/5667/3 3628/3198/3 5347/3197/3
f 2120/978/3 5348/3193/3 2122/3196/3 340/979/3
f 968/3215/3 3629/3200/3 5348/3193/3 2120/978/3
f 3629/3200/3 1293/3199/3 3627/3194/3 5348/3193/3
f 3624/3186/3 5349/3189/3 3626/3192/3 1292/3187/3
f 973/3171/3 2893/992/3 5349/3189/3 3624/3186/3
f 2893/992/3 341/991/3 2891/3190/3 5349/3189/3
f 3620/3174/3 5352/3177/3 3622/3180/3 1291/3175/3
f 513/3219/3 2433/976/3 5352/3177/3 3620/3174/3
f 2433/976/3 225/975/3 2892/3178/3 5352/3177/3
f 2892/3178/3 5356/3161/3 3617/3164/3 972/3179/3
f 225/975/3 1857/5584/3 5356/3161/3 2892/3178/3
f 1857/5584/3 705/5583/3 3616/3162/3 5356/3161/3
f 2124/990/3 5357/3157/3 2126/3160/3 341/991/3
f 972/3179/3 3617/3164/3 5357/3157/3 2124/990/3
f 3617/3164/3 1290/3163/3 3615/3158/3 5357/3157/3
f 3612/3150/3 5358/3153/3 3614/3156/3 1289/3151/3
f 977/3135/3 2897/1004/3 5358/3153/3 3612/3150/3
f 2897/1004/3 342/1003/3 2895/3154/3 5358/3153/3
f 3608/3138/3 5361/3141/3 3610/3144/3 1288/3139/3
f 453/1599/3 2373/1516/3 5361/3141/3 3608/3138/3
f 2373/1516/3 165/1515/3 2896/3142/3 5361/3141/3
f 2896/3142/3 5365/3125/3 3605/3128/3 976/3143/3
f 165/1515/3 1797/6124/3 5365/3125/3 2896/3142/3
f 1797/6124/3 645/6123/3 3604/3126/3 5365/3125/3
f 2128/1002/3 5366/3121/3 2130/3124/3 342/1003/3
f 976/3143/3 3605/3128/3 5366/3121/3 2128/1002/3
f 3605/3128/3 1287/3127/3 3603/3122/3 5366/3121/3
f 3564/3006/2 5394/3009/2 3566/3012/2 1277/3007/2
f 993/2991/2 2913/1052/2 5394/3009/2 3564/3006/2
f 2913/1052/2 346/1051/2 2911/3010/2 5394/3009/2
f 3560/2994/2 5397/2997/2 3562/3000/2 1276/2995/2
f 429/2859/2 2349/1096/2 5397/2997/2 3560/2994/2
f 2349/1096/2 141/1095/2 2912/2998/2 5397/2997/2
f 2912/2998/2 5401/2981/2 3557/2984/2 992/2999/2
f 141/1095/2 1773/5704/2 5401/2981/2 2912/2998/2
f 1773/5704/2 621/5703/2 3556/2982/2 5401/2981/2
f 2144/1050/2 5402/2977/2 2146/2980/2 346/1051/2
f 992/2999/2 3557/2984/2 5402/2977/2 2144/1050/2
f 3557/2984/2 1275/2983/2 3555/2978/2 5402/2977/2
f 3552/2970/2 5403/2973/2 3554/2976/2 1274/2971/2
f 997/2955/2 2917/1064/2 5403/2973/2 3552/2970/2
f 2917/1064/2 347/1063/2 2915/2974/2 5403/2973/2
f 3548/2958/2 5406/2961/2 3550/2964/2 1273/2959/2
f 505/3003/2 2425/1048/2 5406/2961/2 3548/2958/2
f 2425/1048/2 217/1047/2 2916/2962/2 5406/2961/2
f 2916/2962/2 5410/2945/2 3545/2948/2 996/2963/2
f 217/1047/2 1849/5656/2 5410/2945/2 2916/2962/2
f 1849/5656/2 697/5655/2 3544/2946/2 5410/2945/2
f 2148/1062/2 5411/2941/2 2150/2944/2 347/1063/2
f 996/2963/2 3545/2948/2 5411/2941/2 2148/1062/2
f 3545/2948/2 1272/2947/2 3543/2942/2 5411/2941/2
f 3528/2898/2 5421/2901/2 3530/2904/2 1268/2899/2
f 1005/2883/2 2925/1088/2 5421/2901/2 3528/2898/2
f 2925/1088/2 349/1087/2 2923/2902/2 5421/2901/2
f 3524/2886/2 5424/2889/2 3526/2892/2 1267/2887/2
f 390/2643/2 2310/1168/2 5424/2889/2 3524/2886/2
f 2310/1168/2 102/1167/2 2924/2890/2 5424/2889/2
f 2924/2890/2 5428/2873/2 3521/2876/2 1004/2891/2
f 102/1167/2 1734/5776/2 5428/2873/2 2924/2890/2
f 1734/5776/2 582/5775/2 3520/2874/2 5428/2873/2
f 2156/1086/2 5429/2869/2 2158/2872/2 349/1087/2
f 1004/2891/2 3521/2876/2 5429/2869/2 2156/1086/2
f 3521/2876/2 1266/2875/2 3519/2870/2 5429/2869/2
f 3516/2862/2 5430/2865/2 3518/2868/2 1265/2863/2
f 1009/2847/2 2929/1100/2 5430/2865/2 3516/2862/2
f 2929/1100/2 350/1099/2 2927/2866/2 5430/2865/2
f 3512/2850/2 5433/2853/2 3514/2856/2 1264/2851/2
f 501/2895/2 2421/1084/2 5433/2853/2 3512/2850/2
f 2421/1084/2 213/1083/2 2928/2854/2 5433/2853/2
f 2928/2854/2 5437/2837/2 3509/2840/2 1008/2855/2
f 213/1083/2 1845/5692/2 5437/2837/2 2928/2854/2
f 1845/5692/2 693/5691/2 3508/2838/2 5437/2837/2
f 2160/1098/2 5438/2833/2 2162/2836/2 350/1099/2
f 1008/2855/2 3509/2840/2 5438/2833/2 2160/1098/2
f 3509/2840/2 1263/2839/2 3507/2834/2 5438/2833/2
f 3504/2826/2 5439/2829/2 3506/2832/2 1262/2827/2
f 1013/2811/2 2933/1112/2 5439/2829/2 3504/2826/2
f 2933/1112/2 351/1111/2 2931/2830/2 5439/2829/2
f 3500/2814/2 5442/2817/2 3502/2820/2 1261/2815/2
f 450/1563/2 2370/1528/2 5442/2817/2 3500/2814/2
f 2370/1528/2 162/1527/2 2932/2818/2 5442/2817/2
f 2932/2818/2 5446/2801/2 3497/2804/2 1012/2819/2
f 162/1527/2 1794/6136/2 5446/2801/2 2932/2818/2
f 1794/6136/2 642/6135/2 3496/2802/2 5446/2801/2
f 2164/1110/2 5447/2797/2 2166/2800/2 351/1111/2
f 1012/2819/2 3497/2804/2 5447/2797/2 2164/1110/2
f 3497/2804/2 1260/2803/2 3495/2798/2 5447/2797/2
f 3456/2682/1 5475/2685/1 3458/2688/1 1250/2683/1
f 1029/2667/1 2949/1160/1 5475/2685/1 3456/2682/1
f 2949/1160/1 355/1159/1 2947/2686/1 5475/2685/1
f 3452/2670/1 5478/2673/1 3454/2676/1 1249/2671/1
f 433/2535/1 2353/1204/1 5478/2673/1 3452/2670/1
f 2353/1204/1 145/1203/1 2948/2674/1 5478/2673/1
f 2948/2674/1 5482/2657/1 3449/2660/1 1028/2675/1
f 145/1203/1 1777/5812/1 5482/2657/1 2948/2674/1
f 1777/5812/1 625/5811/1 3448/2658/1 5482/2657/1
f 2180/1158/1 5483/2653/1 2182/2656/1 355/1159/1
f 1028/2675/1 3449/2660/1 5483/2653/1 2180/1158/1
f 3449/2660/1 1248/2659/1 3447/2654/1 5483/2653/1
f 3444/2646/1 5484/2649/1 3446/2652/1 1247/2647/1
f 1033/2631/1 2953/1172/1 5484/2649/1 3444/2646/1
f 2953/1172/1 356/1171/1 2951/2650/1 5484/2649/1
f 3440/2634/1 5487/2637/1 3442/2640/1 1246/2635/1
f 493/2679/1 2413/1156/1 5487/2637/1 3440/2634/1
f 2413/1156/1 205/1155/1 2952/2638/1 5487/2637/1
f 2952/2638/1 5491/2621/1 3437/2624/1 1032/2639/1
f 205/1155/1 1837/5764/1 5491/2621/1 2952/2638/1
f 1837/5764/1 685/5763/1 3436/2622/1 5491/2621/1
f 2184/1170/1 5492/2617/1 2186/2620/1 356/1171/1
f 1032/2639/1 3437/2624/1 5492/2617/1 2184/1170/1
f 3437/2624/1 1245/2623/1 3435/2618/1 5492/2617/1
f 3420/2574/1 5502/2577/1 3422/2580/1 1241/2575/1
f 1041/2559/1 2961/1196/1 5502/2577/1 3420/2574/1
f 2961/1196/1 358/1195/1 2959/2578/1 5502/2577/1
f 3416/2562/1 5505/2565/1 3418/2568/1 1240/2563/1
f 640/6336/1 1792/6337/1 5505/2565/1 3416/2562/1
f 1792/6337/1 160/6338/1 2960/2566/1 5505/2565/1
f 2960/2566/1 5509/2549/1 3413/2552/1 1040/2567/1
f 160/6338/1 2368/6346/1 5509/2549/1 2960/2566/1
f 2368/6346/1 448/6344/1 3412/2550/1 5509/2549/1
f 2192/1194/1 5510/2545/1 2194/2548/1 358/1195/1
f 1040/2567/1 3413/2552/1 5510/2545/1 2192/1194/1
f 3413/2552/1 1239/2551/1 3411/2546/1 5510/2545/1
f 3408/2538/1 5511/2541/1 3410/2544/1 1238/2539/1
f 1045/2523/1 2965/1208/1 5511/2541/1 3408/2538/1
f 2965/1208/1 359/1207/1 2963/2542/1 5511/2541/1
f 3404/2526/1 5514/2529/1 3406/2532/1 1237/2527/1
f 489/2571/1 2409/1192/1 5514/2529/1 3404/2526/1
f 2409/1192/1 201/1191/1 2964/2530/1 5514/2529/1
f 2964/2530/1 5518/2513/1 3401/2516/1 1044/2531/1
f 201/1191/1 1833/5800/1 5518/2513/1 2964/2530/1
f 1833/5800/1 681/5799/1 3400/2514/1 5518/2513/1
f 2196/1206/1 5519/2509/1 2198/2512/1 359/1207/1
f 1044/2531/1 3401/2516/1 5519/2509/1 2196/1206/1
f 3401/2516/1 1236/2515/1 3399/2510/1 5519/2509/1
f 3396/2502/1 5520/2505/1 3398/2508/1 1235/2503/1
f 1049/2487/1 2969/1220/1 5520/2505/1 3396/2502/1
f 2969/1220/1 360/1219/1 2967/2506/1 5520/2505/1
f 3392/2490/1 5523/2493/1 3394/2496/1 1234/2491/1
f 580/6354/1 1732/6355/1 5523/2493/1 3392/2490/1
f 1732/6355/1 100/6356/1 2968/2494/1 5523/2493/1
f 2968/2494/1 5527/2477/1 3389/2480/1 1048/2495/1
f 100/6356/1 2308/6362/1 5527/2477/1 2968/2494/1
f 2308/6362/1 388/6359/1 3388/2478/1 5527/2477/1
f 2200/1218/1 5528/2473/1 2202/2476/1 360/1219/1
f 1048/2495/1 3389/2480/1 5528/2473/1 2200/1218/1
f 3389/2480/1 1233/2479/1 3387/2474/1 5528/2473/1
f 3360/2394/1 5547/2397/1 3362/2400/1 1226/2395/1
f 1061/2379/1 2981/1256/1 5547/2397/1 3360/2394/1
f 2981/1256/1 363/1255/1 2979/2398/1 5547/2397/1
f 3356/2382/1 5550/2385/1 3358/2388/1 1225/2383/1
f 486/2499/1 2406/1216/1 5550/2385/1 3356/2382/1
f 2406/1216/1 198/1215/1 2980/2386/1 5550/2385/1
f 2980/2386/1 5554/2369/1 3353/2372/1 1060/2387/1
f 198/1215/1 1830/5824/1 5554/2369/1 2980/2386/1
f 1830/5824/1 678/5823/1 3352/2370/1 5554/2369/1
f 2212/1254/1 5555/2365/1 2214/2368/1 363/1255/1
f 1060/2387/1 3353/2372/1 5555/2365/1 2212/1254/1
f 3353/2372/1 1224/2371/1 3351/2366/1 5555/2365/1
f 3324/2286/2 5574/2289/2 3326/2292/2 1217/2287/2
f 1073/2271/2 2993/1292/2 5574/2289/2 3324/2286/2
f 2993/1292/2 366/1291/2 2991/2290/2 5574/2289/2
f 3320/2274/2 5577/2277/2 3322/2280/2 1216/2275/2
f 498/2823/2 2418/1108/2 5577/2277/2 3320/2274/2
f 2418/1108/2 210/1107/2 2992/2278/2 5577/2277/2
f 2992/2278/2 5581/2261/2 3317/2264/2 1072/2279/2
f 210/1107/2 1842/5716/2 5581/2261/2 2992/2278/2
f 1842/5716/2 690/5715/2 3316/2262/2 5581/2261/2
f 2224/1290/2 5582/2257/2 2226/2260/2 366/1291/2
f 1072/2279/2 3317/2264/2 5582/2257/2 2224/1290/2
f 3317/2264/2 1215/2263/2 3315/2258/2 5582/2257/2
f 3288/2178/3 5601/2181/3 3290/2184/3 1208/2179/3
f 1085/2163/3 3005/1328/3 5601/2181/3 3288/2178/3
f 3005/1328/3 369/1327/3 3003/2182/3 5601/2181/3
f 3284/2166/3 5604/2169/3 3286/2172/3 1207/2167/3
f 510/3147/3 2430/1000/3 5604/2169/3 3284/2166/3
f 2430/1000/3 222/999/3 3004/2170/3 5604/2169/3
f 3004/2170/3 5608/2153/3 3281/2156/3 1084/2171/3
f 222/999/3 1854/5608/3 5608/2153/3 3004/2170/3
f 1854/5608/3 702/5607/3 3280/2154/3 5608/2153/3
f 2236/1326/3 5609/2149/3 2238/2152/3 369/1327/3
f 1084/2171/3 3281/2156/3 5609/2149/3 2236/1326/3
f 3281/2156/3 1206/2155/3 3279/2150/3 5609/2149/3
f 3252/2070/4 5628/2073/4 3254/2076/4 1199/2071/4
f 1097/2055/4 3017/1364/4 5628/2073/4 3252/2070/4
f 3017/1364/4 372/1363/4 3015/2074/4 5628/2073/4
f 3248/2058/4 5631/2061/4 3250/2064/4 1198/2059/4
f 522/3471/4 2442/892/4 5631/2061/4 3248/2058/4
f 2442/892/4 234/891/4 3016/2062/4 5631/2061/4
f 3016/2062/4 5635/2045/4 3245/2048/4 1096/2063/4
f 234/891/4 1866/5500/4 5635/2045/4 3016/2062/4
f 1866/5500/4 714/5499/4 3244/2046/4 5635/2045/4
f 2248/1362/4 5636/2041/4 2250/2044/4 372/1363/4
f 1096/2063/4 3245/2048/4 5636/2041/4 2248/1362/4
f 3245/2048/4 1197/2047/4 3243/2042/4 5636/2041/4
f 3120/1674/4 5727/1677/4 3122/1680/4 1166/1675/4
f 1141/1659/4 3061/1496/4 5727/1677/4 3120/1674/4
f 3061/1496/4 383/1495/4 3059/1678/4 5727/1677/4
f 3116/1662/4 5730/1665/4 3118/1668/4 1165/1663/4
f 566/4659/4 2486/496/4 5730/1665/4 3116/1662/4
f 2486/496/4 278/495/4 3060/1666/4 5730/1665/4
f 3060/1666/4 5734/1649/4 3113/1652/4 1140/1667/4
f 278/495/4 1910/5104/4 5734/1649/4 3060/1666/4
f 1910/5104/4 758/5103/4 3112/1650/4 5734/1649/4
f 2292/1494/4 5735/1645/4 2294/1648/4 383/1495/4
f 1140/1667/4 3113/1652/4 5735/1645/4 2292/1494/4
f 3113/1652/4 1164/1651/4 3111/1646/4 5735/1645/4
f 3108/1638/3 5736/1641/3 3110/1644/3 1163/1639/3
f 1145/1623/3 3065/1508/3 5736/1641/3 3108/1638/3
f 3065/1508/3 384/1507/3 3063/1642/3 5736/1641/3
f 3104/1626/3 5739/1629/3 3106/1632/3 1162/1627/3
f 570/4767/3 2490/460/3 5739/1629/3 3104/1626/3
f 2490/460/3 282/459/3 3064/1630/3 5739/1629/3
f 3064/1630/3 5743/1613/3 3101/1616/3 1144/1631/3
f 282/459/3 1914/5068/3 5743/1613/3 3064/1630/3
f 1914/5068/3 762/5067/3 3100/1614/3 5743/1613/3
f 2296/1506/3 5744/1609/3 2298/1612/3 384/1507/3
f 1144/1631/3 3101/1616/3 5744/1609/3 2296/1506/3
f 3101/1616/3 1161/1615/3 3099/1610/3 5744/1609/3
f 3096/1602/2 5745/1605/2 3098/1608/2 1160/1603/2
f 1149/1587/2 3069/1520/2 5745/1605/2 3096/1602/2
f 3069/1520/2 385/1519/2 3067/1606/2 5745/1605/2
f 3092/1590/2 5748/1593/2 3094/1596/2 1159/1591/2
f 574/4875/2 2494/424/2 5748/1593/2 3092/1590/2
f 2494/424/2 286/423/2 3068/1594/2 5748/1593/2
f 3068/1594/2 5752/1577/2 3089/1580/2 1148/1595/2
f 286/423/2 1918/5032/2 5752/1577/2 3068/1594/2
f 1918/5032/2 766/5031/2 3088/1578/2 5752/1577/2
f 2300/1518/2 5753/1573/2 2302/1576/2 385/1519/2
f 1148/1595/2 3089/1580/2 5753/1573/2 2300/1518/2
f 3089/1580/2 1158/1579/2 3087/1574/2 5753/1573/2
f 3084/1566/1 5754/1569/1 3086/1572/1 1157/1567/1
f 1153/1551/1 3073/1532/1 5754/1569/1 3084/1566/1
f 3073/1532/1 386/1531/1 3071/1570/1 5754/1569/1
f 3080/1554/1 5757/1557/1 3082/1560/1 1156/1555/1
f 578/4983/1 2498/388/1 5757/1557/1 3080/1554/1
f 2498/388/1 290/387/1 3072/1558/1 5757/1557/1
f 3072/1558/1 5761/1541/1 3077/1544/1 1152/1559/1
f 290/387/1 1922/4996/1 5761/1541/1 3072/1558/1
f 1922/4996/1 770/4995/1 3076/1542/1 5761/1541/1
f 2304/1530/1 5762/1537/1 2306/1540/1 386/1531/1
f 1152/1559/1 3077/1544/1 5762/1537/1 2304/1530/1
f 3077/1544/1 1155/1543/1 3075/1538/1 5762/1537/1
f 3079/1550/1 5764/1529/1 3073/1532/1 1153/1551/1
f 1156/1555/1 3082/1560/1 5764/1529/1 3079/1550/1
f 3082/1560/1 1152/1559/1 2304/1530/1 5764/1529/1
f 3083/1562/1 5765/1525/1 2370/1528/1 450/1563/1
f 1157/1567/1 3086/1572/1 5765/1525/1 3083/1562/1
f 3086/1572/1 1151/1571/1 2303/1526/1 5765/1525/1
f 3091/1586/2 5767/1517/2 3069/1520/2 1149/1587/2
f 1159/1591/2 3094/1596/2 5767/1517/2 3091/1586/2
f 3094/1596/2 1148/1595/2 2300/1518/2 5767/1517/2
f 3095/1598/2 5768/1513/2 2373/1516/2 453/1599/2
f 1160/1603/2 3098/1608/2 5768/1513/2 3095/1598/2
f 3098/1608/2 1147/1607/2 2299/1514/2 5768/1513/2
f 3103/1622/3 5770/1505/3 3065/1508/3 1145/1623/3
f 1162/1627/3 3106/1632/3 5770/1505/3 3103/1622/3
f 3106/1632/3 1144/1631/3 2296/1506/3 5770/1505/3
f 3107/1634/3 5771/1501/3 2376/1504/3 456/1635/3
f 1163/1639/3 3110/1644/3 5771/1501/3 3107/1634/3
f 3110/1644/3 1143/1643/3 2295/1502/3 5771/1501/3
f 3115/1658/4 5773/1493/4 3061/1496/4 1141/1659/4
f 1165/1663/4 3118/1668/4 5773/1493/4 3115/1658/4
f 3118/1668/4 1140/1667/4 2292/1494/4 5773/1493/4
f 3119/1670/4 5774/1489/4 1732/1492/4 580/1671/4
f 1166/1675/4 3122/1680/4 5774/1489/4 3119/1670/4
f 3122/1680/4 1139/1679/4 2291/1490/4 5774/1489/4
f 3247/2054/4 5806/1361/4 3017/1364/4 1097/2055/4
f 1198/2059/4 3250/2064/4 5806/1361/4 3247/2054/4
f 3250/2064/4 1096/2063/4 2248/1362/4 5806/1361/4
f 3251/2066/4 5807/1357/4 2390/1360/4 470/2067/4
f 1199/2071/4 3254/2076/4 5807/1357/4 3251/2066/4
f 3254/2076/4 1095/2075/4 2247/1358/4 5807/1357/4
f 3283/2162/3 5815/1325/3 3005/1328/3 1085/2163/3
f 1207/2167/3 3286/2172/3 5815/1325/3 3283/2162/3
f 3286/2172/3 1084/2171/3 2236/1326/3 5815/1325/3
f 3287/2174/3 5816/1321/3 2394/1324/3 474/2175/3
f 1208/2179/3 3290/2184/3 5816/1321/3 3287/2174/3
f 3290/2184/3 1083/2183/3 2235/1322/3 5816/1321/3
f 3319/2270/2 5824/1289/2 2993/1292/2 1073/2271/2
f 1216/2275/2 3322/2280/2 5824/1289/2 3319/2270/2
f 3322/2280/2 1072/2279/2 2224/1290/2 5824/1289/2
f 3323/2282/2 5825/1285/2 2398/1288/2 478/2283/2
f 1217/2287/2 3326/2292/2 5825/1285/2 3323/2282/2
f 3326/2292/2 1071/2291/2 2223/1286/2 5825/1285/2
f 3355/2378/1 5833/1253/1 2981/1256/1 1061/2379/1
f 1225/2383/1 3358/2388/1 5833/1253/1 3355/2378/1
f 3358/2388/1 1060/2387/1 2212/1254/1 5833/1253/1
f 3359/2390/1 5834/1249/1 2402/1252/1 482/2391/1
f 1226/2395/1 3362/2400/1 5834/1249/1 3359/2390/1
f 3362/2400/1 1059/2399/1 2211/1250/1 5834/1249/1
f 3391/2486/1 5842/1217/1 2969/1220/1 1049/2487/1
f 1234/2491/1 3394/2496/1 5842/1217/1 3391/2486/1
f 3394/2496/1 1048/2495/1 2200/1218/1 5842/1217/1
f 3395/2498/1 5843/1213/1 2406/1216/1 486/2499/1
f 1235/2503/1 3398/2508/1 5843/1213/1 3395/2498/1
f 3398/2508/1 1047/2507/1 2199/1214/1 5843/1213/1
f 3403/2522/1 5845/1205/1 2965/1208/1 1045/2523/1
f 1237/2527/1 3406/2532/1 5845/1205/1 3403/2522/1
f 3406/2532/1 1044/2531/1 2196/1206/1 5845/1205/1
f 3407/2534/1 5846/1201/1 2353/1204/1 433/2535/1
f 1238/2539/1 3410/2544/1 5846/1201/1 3407/2534/1
f 3410/2544/1 1043/2543/1 2195/1202/1 5846/1201/1
f 3415/2558/1 5848/1193/1 2961/1196/1 1041/2559/1
f 1240/2563/1 3418/2568/1 5848/1193/1 3415/2558/1
f 3418/2568/1 1040/2567/1 2192/1194/1 5848/1193/1
f 3419/2570/1 5849/1189/1 2409/1192/1 489/2571/1
f 1241/2575/1 3422/2580/1 5849/1189/1 3419/2570/1
f 3422/2580/1 1039/2579/1 2191/1190/1 5849/1189/1
f 3439/2630/1 5854/1169/1 2953/1172/1 1033/2631/1
f 1246/2635/1 3442/2640/1 5854/1169/1 3439/2630/1
f 3442/2640/1 1032/2639/1 2184/1170/1 5854/1169/1
f 3443/2642/1 5855/1165/1 2310/1168/1 390/2643/1
f 1247/2647/1 3446/2652/1 5855/1165/1 3443/2642/1
f 3446/2652/1 1031/2651/1 2183/1166/1 5855/1165/1
f 3451/2666/1 5857/1157/1 2949/1160/1 1029/2667/1
f 1249/2671/1 3454/2676/1 5857/1157/1 3451/2666/1
f 3454/2676/1 1028/2675/1 2180/1158/1 5857/1157/1
f 3455/2678/1 5858/1153/1 2413/1156/1 493/2679/1
f 1250/2683/1 3458/2688/1 5858/1153/1 3455/2678/1
f 3458/2688/1 1027/2687/1 2179/1154/1 5858/1153/1
f 3499/2810/2 5869/1109/2 2933/1112/2 1013/2811/2
f 1261/2815/2 3502/2820/2 5869/1109/2 3499/2810/2
f 3502/2820/2 1012/2819/2 2164/1110/2 5869/1109/2
f 3503/2822/2 5870/1105/2 2418/1108/2 498/2823/2
f 1262/2827/2 3506/2832/2 5870/1105/2 3503/2822/2
f 3506/2832/2 1011/2831/2 2163/1106/2 5870/1105/2
f 3511/2846/2 5872/1097/2 2929/1100/2 1009/2847/2
f 1264/2851/2 3514/2856/2 5872/1097/2 3511/2846/2
f 3514/2856/2 1008/2855/2 2160/1098/2 5872/1097/2
f 3515/2858/2 5873/1093/2 2349/1096/2 429/2859/2
f 1265/2863/2 3518/2868/2 5873/1093/2 3515/2858/2
f 3518/2868/2 1007/2867/2 2159/1094/2 5873/1093/2
f 3523/2882/2 5875/1085/2 2925/1088/2 1005/2883/2
f 1267/2887/2 3526/2892/2 5875/1085/2 3523/2882/2
f 3526/2892/2 1004/2891/2 2156/1086/2 5875/1085/2
f 3527/2894/2 5876/1081/2 2421/1084/2 501/2895/2
f 1268/2899/2 3530/2904/2 5876/1081/2 3527/2894/2
f 3530/2904/2 1003/2903/2 2155/1082/2 5876/1081/2
f 3547/2954/2 5881/1061/2 2917/1064/2 997/2955/2
f 1273/2959/2 3550/2964/2 5881/1061/2 3547/2954/2
f 3550/2964/2 996/2963/2 2148/1062/2 5881/1061/2
f 3551/2966/2 5882/1057/2 2313/1060/2 393/2967/2
f 1274/2971/2 3554/2976/2 5882/1057/2 3551/2966/2
f 3554/2976/2 995/2975/2 2147/1058/2 5882/1057/2
f 3559/2990/2 5884/1049/2 2913/1052/2 993/2991/2
f 1276/2995/2 3562/3000/2 5884/1049/2 3559/2990/2
f 3562/3000/2 992/2999/2 2144/1050/2 5884/1049/2
f 3563/3002/2 5885/1045/2 2425/1048/2 505/3003/2
f 1277/3007/2 3566/3012/2 5885/1045/2 3563/3002/2
f 3566/3012/2 991/3011/2 2143/1046/2 5885/1045/2
f 3607/3134/3 5896/1001/3 2897/1004/3 977/3135/3
f 1288/3139/3 3610/3144/3 5896/1001/3 3607/3134/3
f 3610/3144/3 976/3143/3 2128/1002/3 5896/1001/3
f 3611/3146/3 5897/997/3 2430/1000/3 510/3147/3
f 1289/3151/3 3614/3156/3 5897/997/3 3611/3146/3
f 3614/3156/3 975/3155/3 2127/998/3 5897/997/3
f 3619/3170/3 5899/989/3 2893/992/3 973/3171/3
f 1291/3175/3 3622/3180/3 5899/989/3 3619/3170/3
f 3622/3180/3 972/3179/3 2124/990/3 5899/989/3
f 3623/3182/3 5900/985/3 2345/988/3 425/3183/3
f 1292/3187/3 3626/3192/3 5900/985/3 3623/3182/3
f 3626/3192/3 971/3191/3 2123/986/3 5900/985/3
f 3631/3206/3 5902/977/3 2889/980/3 969/3207/3
f 1294/3211/3 3634/3216/3 5902/977/3 3631/3206/3
f 3634/3216/3 968/3215/3 2120/978/3 5902/977/3
f 3635/3218/3 5903/973/3 2433/976/3 513/3219/3
f 1295/3223/3 3638/3228/3 5903/973/3 3635/3218/3
f 3638/3228/3 967/3227/3 2119/974/3 5903/973/3
f 3655/3278/3 5908/953/3 2881/956/3 961/3279/3
f 1300/3283/3 3658/3288/3 5908/953/3 3655/3278/3
f 3658/3288/3 960/3287/3 2112/954/3 5908/953/3
f 3659/3290/3 5909/949/3 2316/952/3 396/3291/3
f 1301/3295/3 3662/3300/3 5909/949/3 3659/3290/3
f 3662/3300/3 959/3299/3 2111/950/3 5909/949/3
f 3667/3314/3 5911/941/3 2877/944/3 957/3315/3
f 1303/3319/3 3670/3324/3 5911/941/3 3667/3314/3
f 3670/3324/3 956/3323/3 2108/942/3 5911/941/3
f 3671/3326/3 5912/937/3 2437/940/3 517/3327/3
f 1304/3331/3 3674/3336/3 5912/937/3 3671/3326/3
f 3674/3336/3 955/3335/3 2107/938/3 5912/937/3
f 3715/3458/4 5923/893/4 2861/896/4 941/3459/4
f 1315/3463/4 3718/3468/4 5923/893/4 3715/3458/4
f 3718/3468/4 940/3467/4 2092/894/4 5923/893/4
f 3719/3470/4 5924/889/4 2442/892/4 522/3471/4
f 1316/3475/4 3722/3480/4 5924/889/4 3719/3470/4
f 3722/3480/4 939/3479/4 2091/890/4 5924/889/4
f 3727/3494/4 5926/881/4 2857/884/4 937/3495/4
f 1318/3499/4 3730/3504/4 5926/881/4 3727/3494/4
f 3730/3504/4 936/3503/4 2088/882/4 5926/881/4
f 3731/3506/4 5927/877/4 2341/880/4 421/3507/4
f 1319/3511/4 3734/3516/4 5927/877/4 3731/3506/4
f 3734/3516/4 935/3515/4 2087/878/4 5927/877/4
f 3739/3530/4 5929/869/4 2853/872/4 933/3531/4
f 1321/3535/4 3742/3540/4 5929/869/4 3739/3530/4
f 3742/3540/4 932/3539/4 2084/870/4 5929/869/4
f 3743/3542/4 5930/865/4 2445/868/4 525/3543/4
f 1322/3547/4 3746/3552/4 5930/865/4 3743/3542/4
f 3746/3552/4 931/3551/4 2083/866/4 5930/865/4
f 3763/3602/4 5935/845/4 2845/848/4 925/3603/4
f 1327/3607/4 3766/3612/4 5935/845/4 3763/3602/4
f 3766/3612/4 924/3611/4 2076/846/4 5935/845/4
f 3767/3614/4 5936/841/4 1792/844/4 640/3615/4
f 1328/3619/4 3770/3624/4 5936/841/4 3767/3614/4
f 3770/3624/4 923/3623/4 2075/842/4 5936/841/4
f 3775/3638/4 5938/833/4 2841/836/4 921/3639/4
f 1330/3643/4 3778/3648/4 5938/833/4 3775/3638/4
f 3778/3648/4 920/3647/4 2072/834/4 5938/833/4
f 3779/3650/4 5939/829/4 2449/832/4 529/3651/4
f 1331/3655/4 3782/3660/4 5939/829/4 3779/3650/4
f 3782/3660/4 919/3659/4 2071/830/4 5939/829/4
f 4111/4646/4 6022/497/4 2729/500/4 809/4647/4
f 1414/4651/4 4114/4656/4 6022/497/4 4111/4646/4
f 4114/4656/4 808/4655/4 1960/498/4 6022/497/4
f 4115/4658/4 6023/493/4 2486/496/4 566/4659/4
f 1415/4663/4 4118/4668/4 6023/493/4 4115/4658/4
f 4118/4668/4 807/4667/4 1959/494/4 6023/493/4
f 4147/4754/3 6031/461/3 2717/464/3 797/4755/3
f 1423/4759/3 4150/4764/3 6031/461/3 4147/4754/3
f 4150/4764/3 796/4763/3 1948/462/3 6031/461/3
f 4151/4766/3 6032/457/3 2490/460/3 570/4767/3
f 1424/4771/3 4154/4776/3 6032/457/3 4151/4766/3
f 4154/4776/3 795/4775/3 1947/458/3 6032/457/3
f 4183/4862/2 6040/425/2 2705/428/2 785/4863/2
f 1432/4867/2 4186/4872/2 6040/425/2 4183/4862/2
f 4186/4872/2 784/4871/2 1936/426/2 6040/425/2
f 4187/4874/2 6041/421/2 2494/424/2 574/4875/2
f 1433/4879/2 4190/4884/2 6041/421/2 4187/4874/2
f 4190/4884/2 783/4883/2 1935/422/2 6041/421/2
f 4219/4970/1 6049/389/1 2693/392/1 773/4971/1
f 1441/4975/1 4222/4980/1 6049/389/1 4219/4970/1
f 4222/4980/1 772/4979/1 1924/390/1 6049/389/1
f 4223/4982/1 6050/385/1 2498/388/1 578/4983/1
f 1442/4987/1 4226/4992/1 6050/385/1 4223/4982/1
f 4226/4992/1 771/4991/1 1923/386/1 6050/385/1
usemtl Material.003
f 6076/281/6 1696/282/6 90/283/6 2657/284/6
f 6072/297/6 1612/298/6 52/299/6 2662/300/6
f 5978/673/6 2019/674/6 258/675/6 2466/676/6
f 5975/685/6 2023/686/6 257/687/6 2465/688/6
f 5971/701/6 2028/702/6 317/703/6 2797/704/6
f 5970/705/6 1887/706/6 255/707/6 2798/708/6
f 5788/1433/6 2272/1434/6 378/1435/6 3041/1436/6
f 5784/1449/6 1756/1450/6 124/1451/6 3046/1452/6
f 5698/1793/6 3160/1794/6 1176/1795/6 3161/1796/6
f 5697/1797/6 2524/1798/6 604/1799/6 3162/1800/6
f 5687/1837/6 3175/1838/6 1121/1839/6 2273/1840/6
f 5686/1841/6 3176/1842/6 1180/1843/6 3177/1844/6
f 5685/1845/6 3040/1846/6 1120/1847/6 3178/1848/6
f 5141/4021/6 3903/4022/6 878/4023/6 2030/4024/6
f 5140/4025/6 3904/4026/6 1362/4027/6 3905/4028/6
f 5139/4029/6 2655/4030/6 735/4031/6 3906/4032/6
f 5138/4033/6 3907/4034/6 877/4035/6 2029/4036/6
f 5137/4037/6 3908/4038/6 1363/4039/6 3909/4040/6
f 5136/4041/6 2796/4042/6 876/4043/6 3910/4044/6
f 5126/4081/6 3923/4082/6 545/4083/6 1697/4084/6
f 5125/4085/6 3924/4086/6 1367/4087/6 3925/4088/6
f 5124/4089/6 2791/4090/6 871/4091/6 3926/4092/6
f 5117/4117/6 3935/4118/6 546/4119/6 1698/4120/6
f 5116/4121/6 3936/4122/6 1370/4123/6 3937/4124/6
f 5115/4125/6 2787/4126/6 867/4127/6 3938/4128/6
f 4835/5245/6 4311/5246/6 742/5247/6 1894/5248/6
f 4834/5249/6 4312/5250/6 1464/5251/6 4313/5252/6
f 4833/5253/6 2380/5254/6 460/5255/6 4314/5256/6
f 4823/5293/6 4327/5294/6 737/5295/6 1889/5296/6
f 4822/5297/6 4328/5298/6 1468/5299/6 4329/5300/6
f 4821/5301/6 2464/5302/6 544/5303/6 4330/5304/6
f 4328/5298/6 4821/5301/6 4330/5304/6 1468/5299/6
f 874/4059/6 2794/696/6 4821/5301/6 4328/5298/6
f 2794/696/6 256/695/6 2464/5302/6 4821/5301/6
f 2791/4090/6 4822/5297/6 4329/5300/6 871/4091/6
f 316/691/6 2026/4060/6 4822/5297/6 2791/4090/6
f 2026/4060/6 874/4059/6 4328/5298/6 4822/5297/6
f 2023/686/6 4823/5293/6 1889/5296/6 257/687/6
f 871/4091/6 4329/5300/6 4823/5293/6 2023/686/6
f 4329/5300/6 1468/5299/6 4327/5294/6 4823/5293/6
f 4312/5250/6 4833/5253/6 4314/5256/6 1464/5251/6
f 858/4203/6 2778/648/6 4833/5253/6 4312/5250/6
f 2778/648/6 172/647/6 2380/5254/6 4833/5253/6
f 2775/4234/6 4834/5249/6 4313/5252/6 855/4235/6
f 312/643/6 2010/4204/6 4834/5249/6 2775/4234/6
f 2010/4204/6 858/4203/6 4312/5250/6 4834/5249/6
f 2007/638/6 4835/5245/6 1894/5248/6 262/639/6
f 855/4235/6 4313/5252/6 4835/5245/6 2007/638/6
f 4313/5252/6 1464/5251/6 4311/5246/6 4835/5245/6
f 3936/4122/6 5115/4125/6 3938/4128/6 1370/4123/6
f 869/4107/6 2789/680/6 5115/4125/6 3936/4122/6
f 2789/680/6 315/679/6 2787/4126/6 5115/4125/6
f 2464/5302/6 5116/4121/6 3937/4124/6 544/5303/6
f 256/695/6 2021/4108/6 5116/4121/6 2464/5302/6
f 2021/4108/6 869/4107/6 3936/4122/6 5116/4121/6
f 1696/282/6 5117/4117/6 1698/4120/6 90/283/6
f 544/5303/6 3937/4124/6 5117/4117/6 1696/282/6
f 3937/4124/6 1370/4123/6 3935/4118/6 5117/4117/6
f 3924/4086/6 5124/4089/6 3926/4092/6 1367/4087/6
f 873/4071/6 2793/692/6 5124/4089/6 3924/4086/6
f 2793/692/6 316/691/6 2791/4090/6 5124/4089/6
f 2380/5254/6 5125/4085/6 3925/4088/6 460/5255/6
f 172/647/6 2025/4072/6 5125/4085/6 2380/5254/6
f 2025/4072/6 873/4071/6 3924/4086/6 5125/4085/6
f 1612/298/6 5126/4081/6 1697/4084/6 52/299/6
f 460/5255/6 3925/4088/6 5126/4081/6 1612/298/6
f 3925/4088/6 1367/4087/6 3923/4082/6 5126/4081/6
f 3908/4038/6 5136/4041/6 3910/4044/6 1363/4039/6
f 545/4083/6 2465/688/6 5136/4041/6 3908/4038/6
f 2465/688/6 257/687/6 2796/4042/6 5136/4041/6
f 2524/1798/6 5137/4037/6 3909/4040/6 604/1799/6
f 52/299/6 1697/4084/6 5137/4037/6 2524/1798/6
f 1697/4084/6 545/4083/6 3908/4038/6 5137/4037/6
f 1756/1450/6 5138/4033/6 2029/4036/6 124/1451/6
f 604/1799/6 3909/4040/6 5138/4033/6 1756/1450/6
f 3909/4040/6 1363/4039/6 3907/4034/6 5138/4033/6
f 3904/4026/6 5139/4029/6 3906/4032/6 1362/4027/6
f 737/5295/6 2657/284/6 5139/4029/6 3904/4026/6
f 2657/284/6 90/283/6 2655/4030/6 5139/4029/6
f 2796/4042/6 5140/4025/6 3905/4028/6 876/4043/6
f 257/687/6 1889/5296/6 5140/4025/6 2796/4042/6
f 1889/5296/6 737/5295/6 3904/4026/6 5140/4025/6
f 2028/702/6 5141/4021/6 2030/4024/6 317/703/6
f 876/4043/6 3905/4028/6 5141/4021/6 2028/702/6
f 3905/4028/6 1362/4027/6 3903/4022/6 5141/4021/6
f 3176/1842/6 5685/1845/6 3178/1848/6 1180/1843/6
f 546/4119/6 2466/676/6 5685/1845/6 3176/1842/6
f 2466/676/6 258/675/6 3040/1846/6 5685/1845/6
f 2655/4030/6 5686/1841/6 3177/1844/6 735/4031/6
f 90/283/6 1698/4120/6 5686/1841/6 2655/4030/6
f 1698/4120/6 546/4119/6 3176/1842/6 5686/1841/6
f 1887/706/6 5687/1837/6 2273/1840/6 255/707/6
f 735/4031/6 3177/1844/6 5687/1837/6 1887/706/6
f 3177/1844/6 1180/1843/6 3175/1838/6 5687/1837/6
f 3160/1794/6 5697/1797/6 3162/1800/6 1176/1795/6
f 742/5247/6 2662/300/6 5697/1797/6 3160/1794/6
f 2662/300/6 52/299/6 2524/1798/6 5697/1797/6
f 3044/1810/6 5698/1793/6 3161/1796/6 1124/1811/6
f 262/639/6 1894/5248/6 5698/1793/6 3044/1810/6
f 1894/5248/6 742/5247/6 3160/1794/6 5698/1793/6
f 3159/1790/6 5784/1449/6 3046/1452/6 1126/1791/6
f 1176/1795/6 3162/1800/6 5784/1449/6 3159/1790/6
f 3162/1800/6 604/1799/6 1756/1450/6 5784/1449/6
f 3175/1838/6 5788/1433/6 3041/1436/6 1121/1839/6
f 1180/1843/6 3178/1848/6 5788/1433/6 3175/1838/6
f 3178/1848/6 1120/1847/6 2272/1434/6 5788/1433/6
f 3903/4022/6 5970/705/6 2798/708/6 878/4023/6
f 1362/4027/6 3906/4032/6 5970/705/6 3903/4022/6
f 3906/4032/6 735/4031/6 1887/706/6 5970/705/6
f 3907/4034/6 5971/701/6 2797/704/6 877/4035/6
f 1363/4039/6 3910/4044/6 5971/701/6 3907/4034/6
f 3910/4044/6 876/4043/6 2028/702/6 5971/701/6
f 3923/4082/6 5975/685/6 2465/688/6 545/4083/6
f 1367/4087/6 3926/4092/6 5975/685/6 3923/4082/6
f 3926/4092/6 871/4091/6 2023/686/6 5975/685/6
f 3935/4118/6 5978/673/6 2466/676/6 546/4119/6
f 1370/4123/6 3938/4128/6 5978/673/6 3935/4118/6
f 3938/4128/6 867/4127/6 2019/674/6 5978/673/6
f 4311/5246/6 6072/297/6 2662/300/6 742/5247/6
f 1464/5251/6 4314/5256/6 6072/297/6 4311/5246/6
f 4314/5256/6 460/5255/6 1612/298/6 6072/297/6
f 4327/5294/6 6076/281/6 2657/284/6 737/5295/6
f 1468/5299/6 4330/5304/6 6076/281/6 4327/5294/6
f 4330/5304/6 544/5303/6 1696/282/6 6076/281/6
usemtl Material.004
f 5987/637/6 2007/638/6 262/639/6 2470/640/6
f 5986/641/6 2008/642/6 312/643/6 2777/644/6
f 5985/645/6 1804/646/6 172/647/6 2778/648/6
f 5977/677/6 2020/678/6 315/679/6 2789/680/6
f 5974/689/6 2024/690/6 316/691/6 2793/692/6
f 5973/693/6 1888/694/6 256/695/6 2794/696/6
f 5699/1789/6 3159/1790/6 1126/1791/6 2278/1792/6
f 5694/1809/6 3044/1810/6 1124/1811/6 3166/1812/6
f 5132/4057/6 3915/4058/6 874/4059/6 2026/4060/6
f 5129/4069/6 3919/4070/6 873/4071/6 2025/4072/6
f 5120/4105/6 3931/4106/6 869/4107/6 2021/4108/6
f 5096/4201/6 3963/4202/6 858/4203/6 2010/4204/6
f 5088/4233/6 2775/4234/6 855/4235/6 3974/4236/6
f 1126/1791/6 3046/1452/6 4632/6057/6 4580/6054/6
f 3046/1452/6 124/1451/6 2332/6058/6 4632/6057/6
f 2278/1792/6 1126/1791/6 4580/6054/6 4633/6053/6
f 378/1435/6 2274/1828/6 4636/6041/6 3039/1858/6
f 878/4023/6 2798/708/6 4818/5313/6 4332/5310/6
f 2798/708/6 255/707/6 2463/5314/6 4818/5313/6
f 317/703/6 2030/4024/6 4819/5309/6 2795/4054/6
f 2030/4024/6 878/4023/6 4332/5310/6 4819/5309/6
f 2787/4126/6 4825/5285/6 4325/5288/6 867/4127/6
f 315/679/6 2022/4096/6 4825/5285/6 2787/4126/6
f 2019/674/6 4826/5281/6 1890/5284/6 258/675/6
f 867/4127/6 4325/5288/6 4826/5281/6 2019/674/6
f 2777/644/6 312/643/6 2775/4234/6 5088/4233/6
f 2008/642/6 5096/4201/6 2010/4204/6 312/643/6
f 1888/694/6 5120/4105/6 2021/4108/6 256/695/6
f 2020/678/6 5123/4093/6 2022/4096/6 315/679/6
f 1804/646/6 5129/4069/6 2025/4072/6 172/647/6
f 2024/690/6 5132/4057/6 2026/4060/6 316/691/6
f 877/4035/6 2797/704/6 5133/4053/6 3912/4050/6
f 2797/704/6 317/703/6 2795/4054/6 5133/4053/6
f 124/1451/6 2029/4036/6 5134/4049/6 2332/6058/6
f 2029/4036/6 877/4035/6 3912/4050/6 5134/4049/6
f 1121/1839/6 3041/1436/6 5682/1857/6 3180/1854/6
f 3041/1436/6 378/1435/6 3039/1858/6 5682/1857/6
f 255/707/6 2273/1840/6 5683/1853/6 2463/5314/6
f 2273/1840/6 1121/1839/6 3180/1854/6 5683/1853/6
f 3040/1846/6 5689/1829/6 3173/1832/6 1120/1847/6
f 258/675/6 1890/5284/6 5689/1829/6 3040/1846/6
f 2272/1434/6 5690/1825/6 2274/1828/6 378/1435/6
f 1120/1847/6 3173/1832/6 5690/1825/6 2272/1434/6
f 2470/640/6 262/639/6 3044/1810/6 5694/1809/6
f 1124/1811/6 3161/1796/6 5699/1789/6 2276/1446/6
f 3161/1796/6 1176/1795/6 3159/1790/6 5699/1789/6
f 3915/4058/6 5973/693/6 2794/696/6 874/4059/6
f 3919/4070/6 5974/689/6 2793/692/6 873/4071/6
f 3931/4106/6 5977/677/6 2789/680/6 869/4107/6
f 3963/4202/6 5985/645/6 2778/648/6 858/4203/6
f 3974/4236/6 855/4235/6 2007/638/6 5987/637/6
o Text
v -0.111429 0.455173 -0.059172
v -0.111073 0.455173 -0.059443
v -0.110719 0.455173 -0.059704
v -0.110367 0.455173 -0.059951
v -0.110017 0.455173 -0.060182
v -0.109668 0.455173 -0.060395
v -0.109319 0.455173 -0.060587
v -0.108969 0.455173 -0.060757
v -0.108618 0.455173 -0.060900
v -0.108265 0.455173 -0.061016
v -0.107909 0.455173 -0.061102
v -0.107550 0.455173 -0.061156
v -0.107186 0.455173 -0.061174
v -0.106907 0.455173 -0.061162
v -0.106621 0.455173 -0.061129
v -0.106331 0.455173 -0.061076
v -0.106035 0.455173 -0.061006
v -0.105735 0.455173 -0.060919
v -0.105431 0.455173 -0.060819
v -0.105122 0.455173 -0.060707
v -0.104811 0.455173 -0.060585
v -0.104497 0.455173 -0.060455
v -0.104180 0.455173 -0.060320
v -0.103861 0.455173 -0.060180
v -0.103540 0.455173 -0.060038
v -0.103226 0.455173 -0.059897
v -0.102909 0.455173 -0.059757
v -0.102591 0.455173 -0.059621
v -0.102273 0.455173 -0.059492
v -0.101956 0.455173 -0.059370
v -0.101639 0.455173 -0.059258
v -0.101325 0.455173 -0.059157
v -0.101013 0.455173 -0.059071
v -0.100704 0.455173 -0.059000
v -0.100399 0.455173 -0.058947
v -0.100100 0.455173 -0.058914
v -0.099805 0.455173 -0.058903
v -0.099416 0.455173 -0.058920
v -0.099028 0.455173 -0.058972
v -0.098640 0.455173 -0.059055
v -0.098256 0.455173 -0.059166
v -0.097875 0.455173 -0.059304
v -0.097500 0.455173 -0.059467
v -0.097132 0.455173 -0.059651
v -0.096773 0.455173 -0.059855
v -0.096422 0.455173 -0.060075
v -0.096083 0.455173 -0.060310
v -0.095756 0.455173 -0.060558
v -0.095442 0.455173 -0.060815
v -0.095442 0.455173 -0.063295
v -0.095769 0.455173 -0.063036
v -0.096107 0.455173 -0.062784
v -0.096453 0.455173 -0.062541
v -0.096806 0.455173 -0.062312
v -0.097163 0.455173 -0.062097
v -0.097523 0.455173 -0.061902
v -0.097883 0.455173 -0.061729
v -0.098242 0.455173 -0.061580
v -0.098598 0.455173 -0.061459
v -0.098949 0.455173 -0.061369
v -0.099292 0.455173 -0.061313
v -0.099626 0.455173 -0.061293
v -0.099905 0.455173 -0.061305
v -0.100188 0.455173 -0.061338
v -0.100476 0.455173 -0.061391
v -0.100768 0.455173 -0.061462
v -0.101064 0.455173 -0.061548
v -0.101363 0.455173 -0.061648
v -0.101665 0.455173 -0.061760
v -0.101970 0.455173 -0.061882
v -0.102277 0.455173 -0.062012
v -0.102587 0.455173 -0.062148
v -0.102899 0.455173 -0.062287
v -0.103212 0.455173 -0.062429
v -0.103526 0.455173 -0.062570
v -0.103841 0.455173 -0.062710
v -0.104157 0.455173 -0.062846
v -0.104473 0.455173 -0.062976
v -0.104790 0.455173 -0.063098
v -0.105106 0.455173 -0.063210
v -0.105421 0.455173 -0.063310
v -0.105735 0.455173 -0.063396
v -0.106048 0.455173 -0.063467
v -0.106360 0.455173 -0.063520
v -0.106669 0.455173 -0.063553
v -0.106977 0.455173 -0.063564
v -0.107379 0.455173 -0.063547
v -0.107778 0.455173 -0.063497
v -0.108173 0.455173 -0.063417
v -0.108563 0.455173 -0.063308
v -0.108948 0.455173 -0.063172
v -0.109326 0.455173 -0.063012
v -0.109698 0.455173 -0.062829
v -0.110063 0.455173 -0.062626
v -0.110419 0.455173 -0.062405
v -0.110766 0.455173 -0.062167
v -0.111103 0.455173 -0.061916
v -0.111429 0.455173 -0.061652
v -0.128881 0.455173 -0.059172
v -0.128524 0.455173 -0.059443
v -0.128170 0.455173 -0.059704
v -0.127819 0.455173 -0.059951
v -0.127469 0.455173 -0.060182
v -0.127119 0.455173 -0.060395
v -0.126770 0.455173 -0.060587
v -0.126421 0.455173 -0.060757
v -0.126070 0.455173 -0.060900
v -0.125716 0.455173 -0.061016
v -0.125361 0.455173 -0.061102
v -0.125001 0.455173 -0.061156
v -0.124637 0.455173 -0.061174
v -0.124358 0.455173 -0.061162
v -0.124073 0.455173 -0.061129
v -0.123782 0.455173 -0.061076
v -0.123486 0.455173 -0.061006
v -0.123186 0.455173 -0.060919
v -0.122882 0.455173 -0.060819
v -0.122574 0.455173 -0.060707
v -0.122262 0.455173 -0.060585
v -0.121948 0.455173 -0.060455
v -0.121631 0.455173 -0.060320
v -0.121312 0.455173 -0.060180
v -0.120992 0.455173 -0.060038
v -0.120677 0.455173 -0.059897
v -0.120360 0.455173 -0.059757
v -0.120043 0.455173 -0.059621
v -0.119725 0.455173 -0.059492
v -0.119407 0.455173 -0.059370
v -0.119091 0.455173 -0.059258
v -0.118776 0.455173 -0.059157
v -0.118464 0.455173 -0.059071
v -0.118155 0.455173 -0.059000
v -0.117851 0.455173 -0.058947
v -0.117551 0.455173 -0.058914
v -0.117256 0.455173 -0.058903
v -0.116868 0.455173 -0.058920
v -0.116479 0.455173 -0.058972
v -0.116092 0.455173 -0.059055
v -0.115707 0.455173 -0.059166
v -0.115327 0.455173 -0.059304
v -0.114952 0.455173 -0.059467
v -0.114584 0.455173 -0.059651
v -0.114224 0.455173 -0.059855
v -0.113874 0.455173 -0.060075
v -0.113534 0.455173 -0.060310
v -0.113207 0.455173 -0.060558
v -0.112894 0.455173 -0.060815
v -0.112894 0.455173 -0.063295
v -0.113221 0.455173 -0.063036
v -0.113558 0.455173 -0.062784
v -0.113905 0.455173 -0.062541
v -0.114257 0.455173 -0.062312
v -0.114614 0.455173 -0.062097
v -0.114974 0.455173 -0.061902
v -0.115335 0.455173 -0.061729
v -0.115694 0.455173 -0.061580
v -0.116050 0.455173 -0.061459
v -0.116400 0.455173 -0.061369
v -0.116743 0.455173 -0.061313
v -0.117077 0.455173 -0.061293
v -0.117356 0.455173 -0.061305
v -0.117640 0.455173 -0.061338
v -0.117927 0.455173 -0.061391
v -0.118219 0.455173 -0.061462
v -0.118515 0.455173 -0.061548
v -0.118814 0.455173 -0.061648
v -0.119116 0.455173 -0.061760
v -0.119421 0.455173 -0.061882
v -0.119729 0.455173 -0.062012
v -0.120038 0.455173 -0.062148
v -0.120350 0.455173 -0.062287
v -0.120663 0.455173 -0.062429
v -0.120977 0.455173 -0.062570
v -0.121293 0.455173 -0.062710
v -0.121609 0.455173 -0.062846
v -0.121925 0.455173 -0.062976
v -0.122241 0.455173 -0.063098
v -0.122557 0.455173 -0.063210
v -0.122872 0.455173 -0.063310
v -0.123186 0.455173 -0.063396
v -0.123500 0.455173 -0.063467
v -0.123811 0.455173 -0.063520
v -0.124121 0.455173 -0.063553
v -0.124428 0.455173 -0.063564
v -0.124830 0.455173 -0.063547
v -0.125229 0.455173 -0.063497
v -0.125624 0.455173 -0.063417
v -0.126014 0.455173 -0.063308
v -0.126399 0.455173 -0.063172
v -0.126778 0.455173 -0.063012
v -0.127150 0.455173 -0.062829
v -0.127514 0.455173 -0.062626
v -0.127870 0.455173 -0.062405
v -0.128217 0.455173 -0.062167
v -0.128554 0.455173 -0.061916
v -0.128881 0.455173 -0.061652
v -0.093978 0.455173 -0.089054
v -0.093621 0.455173 -0.089326
v -0.093267 0.455173 -0.089586
v -0.092916 0.455173 -0.089833
v -0.092566 0.455173 -0.090065
v -0.092217 0.455173 -0.090278
v -0.091868 0.455173 -0.090470
v -0.091518 0.455173 -0.090639
v -0.091167 0.455173 -0.090783
v -0.090814 0.455173 -0.090899
v -0.090458 0.455173 -0.090985
v -0.090098 0.455173 -0.091038
v -0.089735 0.455173 -0.091056
v -0.089455 0.455173 -0.091045
v -0.089170 0.455173 -0.091012
v -0.088879 0.455173 -0.090959
v -0.088584 0.455173 -0.090888
v -0.088284 0.455173 -0.090802
v -0.087979 0.455173 -0.090701
v -0.087671 0.455173 -0.090589
v -0.087360 0.455173 -0.090467
v -0.087045 0.455173 -0.090338
v -0.086729 0.455173 -0.090202
v -0.086410 0.455173 -0.090062
v -0.086089 0.455173 -0.089921
v -0.085774 0.455173 -0.089779
v -0.085458 0.455173 -0.089639
v -0.085140 0.455173 -0.089504
v -0.084822 0.455173 -0.089374
v -0.084504 0.455173 -0.089252
v -0.084188 0.455173 -0.089140
v -0.083873 0.455173 -0.089040
v -0.083561 0.455173 -0.088953
v -0.083253 0.455173 -0.088883
v -0.082948 0.455173 -0.088830
v -0.082648 0.455173 -0.088797
v -0.082354 0.455173 -0.088785
v -0.081965 0.455173 -0.088803
v -0.081576 0.455173 -0.088854
v -0.081189 0.455173 -0.088937
v -0.080804 0.455173 -0.089049
v -0.080424 0.455173 -0.089187
v -0.080049 0.455173 -0.089349
v -0.079681 0.455173 -0.089533
v -0.079321 0.455173 -0.089737
v -0.078971 0.455173 -0.089958
v -0.078632 0.455173 -0.090193
v -0.078305 0.455173 -0.090440
v -0.077991 0.455173 -0.090698
v -0.077991 0.455173 -0.093178
v -0.078318 0.455173 -0.092919
v -0.078656 0.455173 -0.092666
v -0.079002 0.455173 -0.092424
v -0.079355 0.455173 -0.092194
v -0.079712 0.455173 -0.091980
v -0.080072 0.455173 -0.091785
v -0.080432 0.455173 -0.091611
v -0.080791 0.455173 -0.091462
v -0.081147 0.455173 -0.091342
v -0.081497 0.455173 -0.091251
v -0.081841 0.455173 -0.091195
v -0.082175 0.455173 -0.091176
v -0.082453 0.455173 -0.091187
v -0.082737 0.455173 -0.091220
v -0.083025 0.455173 -0.091273
v -0.083317 0.455173 -0.091344
v -0.083612 0.455173 -0.091430
v -0.083911 0.455173 -0.091531
v -0.084214 0.455173 -0.091643
v -0.084519 0.455173 -0.091765
v -0.084826 0.455173 -0.091894
v -0.085136 0.455173 -0.092030
v -0.085447 0.455173 -0.092170
v -0.085760 0.455173 -0.092311
v -0.086075 0.455173 -0.092453
v -0.086390 0.455173 -0.092593
v -0.086706 0.455173 -0.092728
v -0.087022 0.455173 -0.092858
v -0.087338 0.455173 -0.092980
v -0.087654 0.455173 -0.093092
v -0.087969 0.455173 -0.093192
v -0.088284 0.455173 -0.093279
v -0.088597 0.455173 -0.093349
v -0.088908 0.455173 -0.093402
v -0.089218 0.455173 -0.093435
v -0.089526 0.455173 -0.093447
v -0.089928 0.455173 -0.093430
v -0.090326 0.455173 -0.093380
v -0.090721 0.455173 -0.093299
v -0.091112 0.455173 -0.093190
v -0.091496 0.455173 -0.093054
v -0.091875 0.455173 -0.092894
v -0.092247 0.455173 -0.092711
v -0.092611 0.455173 -0.092508
v -0.092967 0.455173 -0.092287
v -0.093314 0.455173 -0.092050
v -0.093651 0.455173 -0.091798
v -0.093978 0.455173 -0.091534
v -0.111429 0.455173 -0.089054
v -0.111073 0.455173 -0.089326
v -0.110719 0.455173 -0.089586
v -0.110367 0.455173 -0.089833
v -0.110017 0.455173 -0.090065
v -0.109668 0.455173 -0.090278
v -0.109319 0.455173 -0.090470
v -0.108969 0.455173 -0.090639
v -0.108618 0.455173 -0.090783
v -0.108265 0.455173 -0.090899
v -0.107909 0.455173 -0.090985
v -0.107550 0.455173 -0.091038
v -0.107186 0.455173 -0.091056
v -0.106907 0.455173 -0.091045
v -0.106621 0.455173 -0.091012
v -0.106331 0.455173 -0.090959
v -0.106035 0.455173 -0.090888
v -0.105735 0.455173 -0.090802
v -0.105431 0.455173 -0.090701
v -0.105122 0.455173 -0.090589
v -0.104811 0.455173 -0.090467
v -0.104497 0.455173 -0.090338
v -0.104180 0.455173 -0.090202
v -0.103861 0.455173 -0.090062
v -0.103540 0.455173 -0.089921
v -0.103226 0.455173 -0.089779
v -0.102909 0.455173 -0.089639
v -0.102591 0.455173 -0.089504
v -0.102273 0.455173 -0.089374
v -0.101956 0.455173 -0.089252
v -0.101639 0.455173 -0.089140
v -0.101325 0.455173 -0.089040
v -0.101013 0.455173 -0.088953
v -0.100704 0.455173 -0.088883
v -0.100399 0.455173 -0.088830
v -0.100100 0.455173 -0.088797
v -0.099805 0.455173 -0.088785
v -0.099416 0.455173 -0.088803
v -0.099028 0.455173 -0.088854
v -0.098640 0.455173 -0.088937
v -0.098256 0.455173 -0.089049
v -0.097875 0.455173 -0.089187
v -0.097500 0.455173 -0.089349
v -0.097132 0.455173 -0.089533
v -0.096773 0.455173 -0.089737
v -0.096422 0.455173 -0.089958
v -0.096083 0.455173 -0.090193
v -0.095756 0.455173 -0.090440
v -0.095442 0.455173 -0.090698
v -0.095442 0.455173 -0.093178
v -0.095769 0.455173 -0.092919
v -0.096107 0.455173 -0.092666
v -0.096453 0.455173 -0.092424
v -0.096806 0.455173 -0.092194
v -0.097163 0.455173 -0.091980
v -0.097523 0.455173 -0.091785
v -0.097883 0.455173 -0.091611
v -0.098242 0.455173 -0.091462
v -0.098598 0.455173 -0.091342
v -0.098949 0.455173 -0.091251
v -0.099292 0.455173 -0.091195
v -0.099626 0.455173 -0.091176
v -0.099905 0.455173 -0.091187
v -0.100188 0.455173 -0.091220
v -0.100476 0.455173 -0.091273
v -0.100768 0.455173 -0.091344
v -0.101064 0.455173 -0.091430
v -0.101363 0.455173 -0.091531
v -0.101665 0.455173 -0.091643
v -0.101970 0.455173 -0.091765
v -0.102277 0.455173 -0.091894
v -0.102587 0.455173 -0.092030
v -0.102899 0.455173 -0.092170
v -0.103212 0.455173 -0.092311
v -0.103526 0.455173 -0.092453
v -0.103841 0.455173 -0.092593
v -0.104157 0.455173 -0.092728
v -0.104473 0.455173 -0.092858
v -0.104790 0.455173 -0.092980
v -0.105106 0.455173 -0.093092
v -0.105421 0.455173 -0.093192
v -0.105735 0.455173 -0.093279
v -0.106048 0.455173 -0.093349
v -0.106360 0.455173 -0.093402
v -0.106669 0.455173 -0.093435
v -0.106977 0.455173 -0.093447
v -0.107379 0.455173 -0.093430
v -0.107778 0.455173 -0.093380
v -0.108173 0.455173 -0.093299
v -0.108563 0.455173 -0.093190
v -0.108948 0.455173 -0.093054
v -0.109326 0.455173 -0.092894
v -0.109698 0.455173 -0.092711
v -0.110063 0.455173 -0.092508
v -0.110419 0.455173 -0.092287
v -0.110766 0.455173 -0.092050
v -0.111103 0.455173 -0.091798
v -0.111429 0.455173 -0.091534
v -0.128881 0.455173 -0.089054
v -0.128524 0.455173 -0.089326
v -0.128170 0.455173 -0.089586
v -0.127819 0.455173 -0.089833
v -0.127469 0.455173 -0.090065
v -0.127119 0.455173 -0.090278
v -0.126770 0.455173 -0.090470
v -0.126421 0.455173 -0.090639
v -0.126070 0.455173 -0.090783
v -0.125716 0.455173 -0.090899
v -0.125361 0.455173 -0.090985
v -0.125001 0.455173 -0.091038
v -0.124637 0.455173 -0.091056
v -0.124358 0.455173 -0.091045
v -0.124073 0.455173 -0.091012
v -0.123782 0.455173 -0.090959
v -0.123486 0.455173 -0.090888
v -0.123186 0.455173 -0.090802
v -0.122882 0.455173 -0.090701
v -0.122574 0.455173 -0.090589
v -0.122262 0.455173 -0.090467
v -0.121948 0.455173 -0.090338
v -0.121631 0.455173 -0.090202
v -0.121312 0.455173 -0.090062
v -0.120992 0.455173 -0.089921
v -0.120677 0.455173 -0.089779
v -0.120360 0.455173 -0.089639
v -0.120043 0.455173 -0.089504
v -0.119725 0.455173 -0.089374
v -0.119407 0.455173 -0.089252
v -0.119091 0.455173 -0.089140
v -0.118776 0.455173 -0.089040
v -0.118464 0.455173 -0.088953
v -0.118155 0.455173 -0.088883
v -0.117851 0.455173 -0.088830
v -0.117551 0.455173 -0.088797
v -0.117256 0.455173 -0.088785
v -0.116868 0.455173 -0.088803
v -0.116479 0.455173 -0.088854
v -0.116092 0.455173 -0.088937
v -0.115707 0.455173 -0.089049
v -0.115327 0.455173 -0.089187
v -0.114952 0.455173 -0.089349
v -0.114584 0.455173 -0.089533
v -0.114224 0.455173 -0.089737
v -0.113874 0.455173 -0.089958
v -0.113534 0.455173 -0.090193
v -0.113207 0.455173 -0.090440
v -0.112894 0.455173 -0.090698
v -0.112894 0.455173 -0.093178
v -0.113221 0.455173 -0.092919
v -0.113558 0.455173 -0.092666
v -0.113905 0.455173 -0.092424
v -0.114257 0.455173 -0.092194
v -0.114614 0.455173 -0.091980
v -0.114974 0.455173 -0.091785
v -0.115335 0.455173 -0.091611
v -0.115694 0.455173 -0.091462
v -0.116050 0.455173 -0.091342
v -0.116400 0.455173 -0.091251
v -0.116743 0.455173 -0.091195
v -0.117077 0.455173 -0.091176
v -0.117356 0.455173 -0.091187
v -0.117640 0.455173 -0.091220
v -0.117927 0.455173 -0.091273
v -0.118219 0.455173 -0.091344
v -0.118515 0.455173 -0.091430
v -0.118814 0.455173 -0.091531
v -0.119116 0.455173 -0.091643
v -0.119421 0.455173 -0.091765
v -0.119729 0.455173 -0.091894
v -0.120038 0.455173 -0.092030
v -0.120350 0.455173 -0.092170
v -0.120663 0.455173 -0.092311
v -0.120977 0.455173 -0.092453
v -0.121293 0.455173 -0.092593
v -0.121609 0.455173 -0.092728
v -0.121925 0.455173 -0.092858
v -0.122241 0.455173 -0.092980
v -0.122557 0.455173 -0.093092
v -0.122872 0.455173 -0.093192
v -0.123186 0.455173 -0.093279
v -0.123500 0.455173 -0.093349
v -0.123811 0.455173 -0.093402
v -0.124121 0.455173 -0.093435
v -0.124428 0.455173 -0.093447
v -0.124830 0.455173 -0.093430
v -0.125229 0.455173 -0.093380
v -0.125624 0.455173 -0.093299
v -0.126014 0.455173 -0.093190
v -0.126399 0.455173 -0.093054
v -0.126778 0.455173 -0.092894
v -0.127150 0.455173 -0.092711
v -0.127514 0.455173 -0.092508
v -0.127870 0.455173 -0.092287
v -0.128217 0.455173 -0.092050
v -0.128554 0.455173 -0.091798
v -0.128881 0.455173 -0.091534
v -0.076527 0.455173 -0.118937
v -0.076170 0.455173 -0.119208
v -0.075816 0.455173 -0.119469
v -0.075465 0.455173 -0.119716
v -0.075115 0.455173 -0.119947
v -0.074765 0.455173 -0.120160
v -0.074416 0.455173 -0.120352
v -0.074067 0.455173 -0.120521
v -0.073716 0.455173 -0.120665
v -0.073363 0.455173 -0.120781
v -0.073007 0.455173 -0.120867
v -0.072647 0.455173 -0.120920
v -0.072283 0.455173 -0.120939
v -0.072004 0.455173 -0.120927
v -0.071719 0.455173 -0.120894
v -0.071428 0.455173 -0.120841
v -0.071132 0.455173 -0.120770
v -0.070832 0.455173 -0.120684
v -0.070528 0.455173 -0.120584
v -0.070220 0.455173 -0.120472
v -0.069908 0.455173 -0.120350
v -0.069594 0.455173 -0.120220
v -0.069277 0.455173 -0.120084
v -0.068958 0.455173 -0.119945
v -0.068638 0.455173 -0.119803
v -0.068323 0.455173 -0.119661
v -0.068006 0.455173 -0.119522
v -0.067689 0.455173 -0.119386
v -0.067371 0.455173 -0.119256
v -0.067053 0.455173 -0.119134
v -0.066737 0.455173 -0.119022
v -0.066422 0.455173 -0.118922
v -0.066110 0.455173 -0.118836
v -0.065801 0.455173 -0.118765
v -0.065497 0.455173 -0.118712
v -0.065197 0.455173 -0.118679
v -0.064903 0.455173 -0.118668
v -0.064514 0.455173 -0.118685
v -0.064125 0.455173 -0.118737
v -0.063738 0.455173 -0.118819
v -0.063353 0.455173 -0.118931
v -0.062973 0.455173 -0.119069
v -0.062598 0.455173 -0.119232
v -0.062230 0.455173 -0.119416
v -0.061870 0.455173 -0.119619
v -0.061520 0.455173 -0.119840
v -0.061180 0.455173 -0.120075
v -0.060853 0.455173 -0.120323
v -0.060540 0.455173 -0.120580
v -0.060540 0.455173 -0.123060
v -0.060867 0.455173 -0.122801
v -0.061204 0.455173 -0.122549
v -0.061551 0.455173 -0.122306
v -0.061903 0.455173 -0.122076
v -0.062260 0.455173 -0.121862
v -0.062620 0.455173 -0.121667
v -0.062981 0.455173 -0.121494
v -0.063340 0.455173 -0.121345
v -0.063696 0.455173 -0.121224
v -0.064046 0.455173 -0.121134
v -0.064389 0.455173 -0.121078
v -0.064723 0.455173 -0.121058
v -0.065002 0.455173 -0.121070
v -0.065286 0.455173 -0.121103
v -0.065573 0.455173 -0.121156
v -0.065865 0.455173 -0.121226
v -0.066161 0.455173 -0.121313
v -0.066460 0.455173 -0.121413
v -0.066762 0.455173 -0.121525
v -0.067067 0.455173 -0.121647
v -0.067375 0.455173 -0.121777
v -0.067685 0.455173 -0.121912
v -0.067996 0.455173 -0.122052
v -0.068309 0.455173 -0.122194
v -0.068623 0.455173 -0.122335
v -0.068939 0.455173 -0.122475
v -0.069255 0.455173 -0.122611
v -0.069571 0.455173 -0.122740
v -0.069887 0.455173 -0.122862
v -0.070203 0.455173 -0.122974
v -0.070518 0.455173 -0.123075
v -0.070833 0.455173 -0.123161
v -0.071146 0.455173 -0.123232
v -0.071457 0.455173 -0.123285
v -0.071767 0.455173 -0.123318
v -0.072074 0.455173 -0.123329
v -0.072476 0.455173 -0.123312
v -0.072875 0.455173 -0.123262
v -0.073270 0.455173 -0.123182
v -0.073660 0.455173 -0.123072
v -0.074045 0.455173 -0.122937
v -0.074424 0.455173 -0.122776
v -0.074796 0.455173 -0.122594
v -0.075160 0.455173 -0.122391
v -0.075516 0.455173 -0.122169
v -0.075863 0.455173 -0.121932
v -0.076200 0.455173 -0.121680
v -0.076527 0.455173 -0.121417
v -0.093978 0.455173 -0.118937
v -0.093621 0.455173 -0.119208
v -0.093267 0.455173 -0.119469
v -0.092916 0.455173 -0.119716
v -0.092566 0.455173 -0.119947
v -0.092217 0.455173 -0.120160
v -0.091868 0.455173 -0.120352
v -0.091518 0.455173 -0.120521
v -0.091167 0.455173 -0.120665
v -0.090814 0.455173 -0.120781
v -0.090458 0.455173 -0.120867
v -0.090098 0.455173 -0.120920
v -0.089735 0.455173 -0.120939
v -0.089455 0.455173 -0.120927
v -0.089170 0.455173 -0.120894
v -0.088879 0.455173 -0.120841
v -0.088584 0.455173 -0.120770
v -0.088284 0.455173 -0.120684
v -0.087979 0.455173 -0.120584
v -0.087671 0.455173 -0.120472
v -0.087360 0.455173 -0.120350
v -0.087045 0.455173 -0.120220
v -0.086729 0.455173 -0.120084
v -0.086410 0.455173 -0.119945
v -0.086089 0.455173 -0.119803
v -0.085774 0.455173 -0.119661
v -0.085458 0.455173 -0.119522
v -0.085140 0.455173 -0.119386
v -0.084822 0.455173 -0.119256
v -0.084504 0.455173 -0.119134
v -0.084188 0.455173 -0.119022
v -0.083873 0.455173 -0.118922
v -0.083561 0.455173 -0.118836
v -0.083253 0.455173 -0.118765
v -0.082948 0.455173 -0.118712
v -0.082648 0.455173 -0.118679
v -0.082354 0.455173 -0.118668
v -0.081965 0.455173 -0.118685
v -0.081576 0.455173 -0.118737
v -0.081189 0.455173 -0.118819
v -0.080804 0.455173 -0.118931
v -0.080424 0.455173 -0.119069
v -0.080049 0.455173 -0.119232
v -0.079681 0.455173 -0.119416
v -0.079321 0.455173 -0.119619
v -0.078971 0.455173 -0.119840
v -0.078632 0.455173 -0.120075
v -0.078305 0.455173 -0.120323
v -0.077991 0.455173 -0.120580
v -0.077991 0.455173 -0.123060
v -0.078318 0.455173 -0.122801
v -0.078656 0.455173 -0.122549
v -0.079002 0.455173 -0.122306
v -0.079355 0.455173 -0.122076
v -0.079712 0.455173 -0.121862
v -0.080072 0.455173 -0.121667
v -0.080432 0.455173 -0.121494
v -0.080791 0.455173 -0.121345
v -0.081147 0.455173 -0.121224
v -0.081497 0.455173 -0.121134
v -0.081841 0.455173 -0.121078
v -0.082175 0.455173 -0.121058
v -0.082453 0.455173 -0.121070
v -0.082737 0.455173 -0.121103
v -0.083025 0.455173 -0.121156
v -0.083317 0.455173 -0.121226
v -0.083612 0.455173 -0.121313
v -0.083911 0.455173 -0.121413
v -0.084214 0.455173 -0.121525
v -0.084519 0.455173 -0.121647
v -0.084826 0.455173 -0.121777
v -0.085136 0.455173 -0.121912
v -0.085447 0.455173 -0.122052
v -0.085760 0.455173 -0.122194
v -0.086075 0.455173 -0.122335
v -0.086390 0.455173 -0.122475
v -0.086706 0.455173 -0.122611
v -0.087022 0.455173 -0.122740
v -0.087338 0.455173 -0.122862
v -0.087654 0.455173 -0.122974
v -0.087969 0.455173 -0.123075
v -0.088284 0.455173 -0.123161
v -0.088597 0.455173 -0.123232
v -0.088908 0.455173 -0.123285
v -0.089218 0.455173 -0.123318
v -0.089526 0.455173 -0.123329
v -0.089928 0.455173 -0.123312
v -0.090326 0.455173 -0.123262
v -0.090721 0.455173 -0.123182
v -0.091112 0.455173 -0.123072
v -0.091496 0.455173 -0.122937
v -0.091875 0.455173 -0.122776
v -0.092247 0.455173 -0.122594
v -0.092611 0.455173 -0.122391
v -0.092967 0.455173 -0.122169
v -0.093314 0.455173 -0.121932
v -0.093651 0.455173 -0.121680
v -0.093978 0.455173 -0.121417
v -0.111429 0.455173 -0.118937
v -0.111073 0.455173 -0.119208
v -0.110719 0.455173 -0.119469
v -0.110367 0.455173 -0.119716
v -0.110017 0.455173 -0.119947
v -0.109668 0.455173 -0.120160
v -0.109319 0.455173 -0.120352
v -0.108969 0.455173 -0.120521
v -0.108618 0.455173 -0.120665
v -0.108265 0.455173 -0.120781
v -0.107909 0.455173 -0.120867
v -0.107550 0.455173 -0.120920
v -0.107186 0.455173 -0.120939
v -0.106907 0.455173 -0.120927
v -0.106621 0.455173 -0.120894
v -0.106331 0.455173 -0.120841
v -0.106035 0.455173 -0.120770
v -0.105735 0.455173 -0.120684
v -0.105431 0.455173 -0.120584
v -0.105122 0.455173 -0.120472
v -0.104811 0.455173 -0.120350
v -0.104497 0.455173 -0.120220
v -0.104180 0.455173 -0.120084
v -0.103861 0.455173 -0.119945
v -0.103540 0.455173 -0.119803
v -0.103226 0.455173 -0.119661
v -0.102909 0.455173 -0.119522
v -0.102591 0.455173 -0.119386
v -0.102273 0.455173 -0.119256
v -0.101956 0.455173 -0.119134
v -0.101639 0.455173 -0.119022
v -0.101325 0.455173 -0.118922
v -0.101013 0.455173 -0.118836
v -0.100704 0.455173 -0.118765
v -0.100399 0.455173 -0.118712
v -0.100100 0.455173 -0.118679
v -0.099805 0.455173 -0.118668
v -0.099416 0.455173 -0.118685
v -0.099028 0.455173 -0.118737
v -0.098640 0.455173 -0.118819
v -0.098256 0.455173 -0.118931
v -0.097875 0.455173 -0.119069
v -0.097500 0.455173 -0.119232
v -0.097132 0.455173 -0.119416
v -0.096773 0.455173 -0.119619
v -0.096422 0.455173 -0.119840
v -0.096083 0.455173 -0.120075
v -0.095756 0.455173 -0.120323
v -0.095442 0.455173 -0.120580
v -0.095442 0.455173 -0.123060
v -0.095769 0.455173 -0.122801
v -0.096107 0.455173 -0.122549
v -0.096453 0.455173 -0.122306
v -0.096806 0.455173 -0.122076
v -0.097163 0.455173 -0.121862
v -0.097523 0.455173 -0.121667
v -0.097883 0.455173 -0.121494
v -0.098242 0.455173 -0.121345
v -0.098598 0.455173 -0.121224
v -0.098949 0.455173 -0.121134
v -0.099292 0.455173 -0.121078
v -0.099626 0.455173 -0.121058
v -0.099905 0.455173 -0.121070
v -0.100188 0.455173 -0.121103
v -0.100476 0.455173 -0.121156
v -0.100768 0.455173 -0.121226
v -0.101064 0.455173 -0.121313
v -0.101363 0.455173 -0.121413
v -0.101665 0.455173 -0.121525
v -0.101970 0.455173 -0.121647
v -0.102277 0.455173 -0.121777
v -0.102587 0.455173 -0.121912
v -0.102899 0.455173 -0.122052
v -0.103212 0.455173 -0.122194
v -0.103526 0.455173 -0.122335
v -0.103841 0.455173 -0.122475
v -0.104157 0.455173 -0.122611
v -0.104473 0.455173 -0.122740
v -0.104790 0.455173 -0.122862
v -0.105106 0.455173 -0.122974
v -0.105421 0.455173 -0.123075
v -0.105735 0.455173 -0.123161
v -0.106048 0.455173 -0.123232
v -0.106360 0.455173 -0.123285
v -0.106669 0.455173 -0.123318
v -0.106977 0.455173 -0.123329
v -0.107379 0.455173 -0.123312
v -0.107778 0.455173 -0.123262
v -0.108173 0.455173 -0.123182
v -0.108563 0.455173 -0.123072
v -0.108948 0.455173 -0.122937
v -0.109326 0.455173 -0.122776
v -0.109698 0.455173 -0.122594
v -0.110063 0.455173 -0.122391
v -0.110419 0.455173 -0.122169
v -0.110766 0.455173 -0.121932
v -0.111103 0.455173 -0.121680
v -0.111429 0.455173 -0.121417
v -0.128881 0.455173 -0.118937
v -0.128524 0.455173 -0.119208
v -0.128170 0.455173 -0.119469
v -0.127819 0.455173 -0.119716
v -0.127469 0.455173 -0.119947
v -0.127119 0.455173 -0.120160
v -0.126770 0.455173 -0.120352
v -0.126421 0.455173 -0.120521
v -0.126070 0.455173 -0.120665
v -0.125716 0.455173 -0.120781
v -0.125361 0.455173 -0.120867
v -0.125001 0.455173 -0.120920
v -0.124637 0.455173 -0.120939
v -0.124358 0.455173 -0.120927
v -0.124073 0.455173 -0.120894
v -0.123782 0.455173 -0.120841
v -0.123486 0.455173 -0.120770
v -0.123186 0.455173 -0.120684
v -0.122882 0.455173 -0.120584
v -0.122574 0.455173 -0.120472
v -0.122262 0.455173 -0.120350
v -0.121948 0.455173 -0.120220
v -0.121631 0.455173 -0.120084
v -0.121312 0.455173 -0.119945
v -0.120992 0.455173 -0.119803
v -0.120677 0.455173 -0.119661
v -0.120360 0.455173 -0.119522
v -0.120043 0.455173 -0.119386
v -0.119725 0.455173 -0.119256
v -0.119407 0.455173 -0.119134
v -0.119091 0.455173 -0.119022
v -0.118776 0.455173 -0.118922
v -0.118464 0.455173 -0.118836
v -0.118155 0.455173 -0.118765
v -0.117851 0.455173 -0.118712
v -0.117551 0.455173 -0.118679
v -0.117256 0.455173 -0.118668
v -0.116868 0.455173 -0.118685
v -0.116479 0.455173 -0.118737
v -0.116092 0.455173 -0.118819
v -0.115707 0.455173 -0.118931
v -0.115327 0.455173 -0.119069
v -0.114952 0.455173 -0.119232
v -0.114584 0.455173 -0.119416
v -0.114224 0.455173 -0.119619
v -0.113874 0.455173 -0.119840
v -0.113534 0.455173 -0.120075
v -0.113207 0.455173 -0.120323
v -0.112894 0.455173 -0.120580
v -0.112894 0.455173 -0.123060
v -0.113221 0.455173 -0.122801
v -0.113558 0.455173 -0.122549
v -0.113905 0.455173 -0.122306
v -0.114257 0.455173 -0.122076
v -0.114614 0.455173 -0.121862
v -0.114974 0.455173 -0.121667
v -0.115335 0.455173 -0.121494
v -0.115694 0.455173 -0.121345
v -0.116050 0.455173 -0.121224
v -0.116400 0.455173 -0.121134
v -0.116743 0.455173 -0.121078
v -0.117077 0.455173 -0.121058
v -0.117356 0.455173 -0.121070
v -0.117640 0.455173 -0.121103
v -0.117927 0.455173 -0.121156
v -0.118219 0.455173 -0.121226
v -0.118515 0.455173 -0.121313
v -0.118814 0.455173 -0.121413
v -0.119116 0.455173 -0.121525
v -0.119421 0.455173 -0.121647
v -0.119729 0.455173 -0.121777
v -0.120038 0.455173 -0.121912
v -0.120350 0.455173 -0.122052
v -0.120663 0.455173 -0.122194
v -0.120977 0.455173 -0.122335
v -0.121293 0.455173 -0.122475
v -0.121609 0.455173 -0.122611
v -0.121925 0.455173 -0.122740
v -0.122241 0.455173 -0.122862
v -0.122557 0.455173 -0.122974
v -0.122872 0.455173 -0.123075
v -0.123186 0.455173 -0.123161
v -0.123500 0.455173 -0.123232
v -0.123811 0.455173 -0.123285
v -0.124121 0.455173 -0.123318
v -0.124428 0.455173 -0.123329
v -0.124830 0.455173 -0.123312
v -0.125229 0.455173 -0.123262
v -0.125624 0.455173 -0.123182
v -0.126014 0.455173 -0.123072
v -0.126399 0.455173 -0.122937
v -0.126778 0.455173 -0.122776
v -0.127150 0.455173 -0.122594
v -0.127514 0.455173 -0.122391
v -0.127870 0.455173 -0.122169
v -0.128217 0.455173 -0.121932
v -0.128554 0.455173 -0.121680
v -0.128881 0.455173 -0.121417
vn -0.0000 1.0000 -0.0000
vt 0.886598 0.000000
vt 0.865979 0.000000
vt 0.876289 0.000000
vt 0.855670 0.000000
vt 0.896907 0.000000
vt 0.845361 0.000000
vt 0.907216 0.000000
vt 0.835052 0.000000
vt 0.917526 0.000000
vt 0.824742 0.000000
vt 0.814433 0.000000
vt 0.927835 0.000000
vt 0.515464 0.000000
vt 0.494845 0.000000
vt 0.505155 0.000000
vt 0.804124 0.000000
vt 0.938144 0.000000
vt 0.793814 0.000000
vt 0.525773 0.000000
vt 0.948454 0.000000
vt 0.783505 0.000000
vt 0.773196 0.000000
vt 0.958763 0.000000
vt 0.536082 0.000000
vt 0.762887 0.000000
vt 0.969072 0.000000
vt 0.752577 0.000000
vt 0.546392 0.000000
vt 0.742268 0.000000
vt 0.979381 0.000000
vt 0.556701 0.000000
vt 0.731959 0.000000
vt 0.989691 0.000000
vt 0.721649 0.000000
vt 0.567010 0.000000
vt 0.711340 0.000000
vt 1.000000 0.000000
vt 0.577320 0.000000
vt 0.701031 0.000000
vt 0.690722 0.000000
vt 0.587629 0.000000
vt 0.000000 0.000000
vt 0.010309 0.000000
vt 0.020619 0.000000
vt 0.030928 0.000000
vt 0.041237 0.000000
vt 0.051546 0.000000
vt 0.061856 0.000000
vt 0.072165 0.000000
vt 0.082474 0.000000
vt 0.092784 0.000000
vt 0.103093 0.000000
vt 0.113402 0.000000
vt 0.680412 0.000000
vt 0.597938 0.000000
vt 0.123711 0.000000
vt 0.670103 0.000000
vt 0.659794 0.000000
vt 0.608247 0.000000
vt 0.649485 0.000000
vt 0.618557 0.000000
vt 0.639175 0.000000
vt 0.628866 0.000000
vt 0.134021 0.000000
vt 0.144330 0.000000
vt 0.154639 0.000000
vt 0.164948 0.000000
vt 0.175258 0.000000
vt 0.185567 0.000000
vt 0.195876 0.000000
vt 0.484536 0.000000
vt 0.206186 0.000000
vt 0.216495 0.000000
vt 0.474227 0.000000
vt 0.226804 0.000000
vt 0.237113 0.000000
vt 0.463918 0.000000
vt 0.247423 0.000000
vt 0.453608 0.000000
vt 0.257732 0.000000
vt 0.268041 0.000000
vt 0.443299 0.000000
vt 0.278351 0.000000
vt 0.432990 0.000000
vt 0.288660 0.000000
vt 0.298969 0.000000
vt 0.422680 0.000000
vt 0.309278 0.000000
vt 0.412371 0.000000
vt 0.319588 0.000000
vt 0.402062 0.000000
vt 0.329897 0.000000
vt 0.340206 0.000000
vt 0.391753 0.000000
vt 0.350515 0.000000
vt 0.381443 0.000000
vt 0.360825 0.000000
vt 0.371134 0.000000
s 0
usemtl Material.005
f 6233/6370/7 6231/6371/7 6232/6372/7
f 6233/6370/7 6230/6373/7 6231/6371/7
f 6234/6374/7 6230/6373/7 6233/6370/7
f 6234/6374/7 6229/6375/7 6230/6373/7
f 6235/6376/7 6229/6375/7 6234/6374/7
f 6235/6376/7 6228/6377/7 6229/6375/7
f 6236/6378/7 6228/6377/7 6235/6376/7
f 6236/6378/7 6227/6379/7 6228/6377/7
f 6236/6378/7 6226/6380/7 6227/6379/7
f 6237/6381/7 6226/6380/7 6236/6378/7
f 6197/6382/7 6195/6383/7 6196/6384/7
f 6237/6381/7 6225/6385/7 6226/6380/7
f 6238/6386/7 6225/6385/7 6237/6381/7
f 6238/6386/7 6224/6387/7 6225/6385/7
f 6198/6388/7 6195/6383/7 6197/6382/7
f 6239/6389/7 6224/6387/7 6238/6386/7
f 6239/6389/7 6223/6390/7 6224/6387/7
f 6239/6389/7 6222/6391/7 6223/6390/7
f 6240/6392/7 6222/6391/7 6239/6389/7
f 6199/6393/7 6195/6383/7 6198/6388/7
f 6240/6392/7 6221/6394/7 6222/6391/7
f 6241/6395/7 6221/6394/7 6240/6392/7
f 6241/6395/7 6220/6396/7 6221/6394/7
f 6200/6397/7 6195/6383/7 6199/6393/7
f 6241/6395/7 6219/6398/7 6220/6396/7
f 6242/6399/7 6219/6398/7 6241/6395/7
f 6201/6400/7 6195/6383/7 6200/6397/7
f 6242/6399/7 6218/6401/7 6219/6398/7
f 6243/6402/7 6218/6401/7 6242/6399/7
f 6243/6402/7 6217/6403/7 6218/6401/7
f 6202/6404/7 6195/6383/7 6201/6400/7
f 6243/6402/7 6216/6405/7 6217/6403/7
f 6244/6406/7 6216/6405/7 6243/6402/7
f 6203/6407/7 6195/6383/7 6202/6404/7
f 6244/6406/7 6215/6408/7 6216/6405/7
f 6244/6406/7 6214/6409/7 6215/6408/7
f 6204/6410/7 6195/6383/7 6203/6407/7
f 6147/6411/7 6148/6412/7 6244/6406/7
f 6148/6412/7 6149/6413/7 6244/6406/7
f 6149/6413/7 6150/6414/7 6244/6406/7
f 6150/6414/7 6151/6415/7 6244/6406/7
f 6151/6415/7 6152/6416/7 6244/6406/7
f 6152/6416/7 6153/6417/7 6244/6406/7
f 6153/6417/7 6154/6418/7 6244/6406/7
f 6154/6418/7 6155/6419/7 6244/6406/7
f 6155/6419/7 6156/6420/7 6244/6406/7
f 6156/6420/7 6157/6421/7 6244/6406/7
f 6157/6421/7 6158/6422/7 6244/6406/7
f 6158/6422/7 6214/6409/7 6244/6406/7
f 6158/6422/7 6213/6423/7 6214/6409/7
f 6205/6424/7 6195/6383/7 6204/6410/7
f 6158/6422/7 6159/6425/7 6213/6423/7
f 6159/6425/7 6212/6426/7 6213/6423/7
f 6159/6425/7 6211/6427/7 6212/6426/7
f 6206/6428/7 6195/6383/7 6205/6424/7
f 6159/6425/7 6210/6429/7 6211/6427/7
f 6207/6430/7 6195/6383/7 6206/6428/7
f 6159/6425/7 6209/6431/7 6210/6429/7
f 6208/6432/7 6195/6383/7 6207/6430/7
f 6159/6425/7 6208/6432/7 6209/6431/7
f 6159/6425/7 6195/6383/7 6208/6432/7
f 6160/6433/7 6195/6383/7 6159/6425/7
f 6161/6434/7 6195/6383/7 6160/6433/7
f 6162/6435/7 6195/6383/7 6161/6434/7
f 6163/6436/7 6195/6383/7 6162/6435/7
f 6164/6437/7 6195/6383/7 6163/6436/7
f 6165/6438/7 6195/6383/7 6164/6437/7
f 6166/6439/7 6195/6383/7 6165/6438/7
f 6166/6439/7 6194/6440/7 6195/6383/7
f 6167/6441/7 6194/6440/7 6166/6439/7
f 6168/6442/7 6194/6440/7 6167/6441/7
f 6168/6442/7 6193/6443/7 6194/6440/7
f 6169/6444/7 6193/6443/7 6168/6442/7
f 6170/6445/7 6193/6443/7 6169/6444/7
f 6170/6445/7 6192/6446/7 6193/6443/7
f 6171/6447/7 6192/6446/7 6170/6445/7
f 6171/6447/7 6191/6448/7 6192/6446/7
f 6172/6449/7 6191/6448/7 6171/6447/7
f 6173/6450/7 6191/6448/7 6172/6449/7
f 6173/6450/7 6190/6451/7 6191/6448/7
f 6174/6452/7 6190/6451/7 6173/6450/7
f 6174/6452/7 6189/6453/7 6190/6451/7
f 6175/6454/7 6189/6453/7 6174/6452/7
f 6176/6455/7 6189/6453/7 6175/6454/7
f 6176/6455/7 6188/6456/7 6189/6453/7
f 6177/6457/7 6188/6456/7 6176/6455/7
f 6177/6457/7 6187/6458/7 6188/6456/7
f 6178/6459/7 6187/6458/7 6177/6457/7
f 6178/6459/7 6186/6460/7 6187/6458/7
f 6179/6461/7 6186/6460/7 6178/6459/7
f 6180/6462/7 6186/6460/7 6179/6461/7
f 6180/6462/7 6185/6463/7 6186/6460/7
f 6181/6464/7 6185/6463/7 6180/6462/7
f 6181/6464/7 6184/6465/7 6185/6463/7
f 6182/6466/7 6184/6465/7 6181/6464/7
f 6182/6466/7 6183/6467/7 6184/6465/7
f 6331/6370/7 6329/6371/7 6330/6372/7
f 6331/6370/7 6328/6373/7 6329/6371/7
f 6332/6374/7 6328/6373/7 6331/6370/7
f 6332/6374/7 6327/6375/7 6328/6373/7
f 6333/6376/7 6327/6375/7 6332/6374/7
f 6333/6376/7 6326/6377/7 6327/6375/7
f 6334/6378/7 6326/6377/7 6333/6376/7
f 6334/6378/7 6325/6379/7 6326/6377/7
f 6334/6378/7 6324/6380/7 6325/6379/7
f 6335/6381/7 6324/6380/7 6334/6378/7
f 6295/6382/7 6293/6383/7 6294/6384/7
f 6335/6381/7 6323/6385/7 6324/6380/7
f 6336/6386/7 6323/6385/7 6335/6381/7
f 6336/6386/7 6322/6387/7 6323/6385/7
f 6296/6388/7 6293/6383/7 6295/6382/7
f 6337/6389/7 6322/6387/7 6336/6386/7
f 6337/6389/7 6321/6390/7 6322/6387/7
f 6337/6389/7 6320/6391/7 6321/6390/7
f 6338/6392/7 6320/6391/7 6337/6389/7
f 6297/6393/7 6293/6383/7 6296/6388/7
f 6338/6392/7 6319/6394/7 6320/6391/7
f 6339/6395/7 6319/6394/7 6338/6392/7
f 6339/6395/7 6318/6396/7 6319/6394/7
f 6298/6397/7 6293/6383/7 6297/6393/7
f 6339/6395/7 6317/6398/7 6318/6396/7
f 6340/6399/7 6317/6398/7 6339/6395/7
f 6299/6400/7 6293/6383/7 6298/6397/7
f 6340/6399/7 6316/6401/7 6317/6398/7
f 6341/6402/7 6316/6401/7 6340/6399/7
f 6341/6402/7 6315/6403/7 6316/6401/7
f 6300/6404/7 6293/6383/7 6299/6400/7
f 6341/6402/7 6314/6405/7 6315/6403/7
f 6342/6406/7 6314/6405/7 6341/6402/7
f 6301/6407/7 6293/6383/7 6300/6404/7
f 6342/6406/7 6313/6408/7 6314/6405/7
f 6342/6406/7 6312/6409/7 6313/6408/7
f 6302/6410/7 6293/6383/7 6301/6407/7
f 6245/6411/7 6246/6412/7 6342/6406/7
f 6246/6412/7 6247/6413/7 6342/6406/7
f 6247/6413/7 6248/6414/7 6342/6406/7
f 6248/6414/7 6249/6415/7 6342/6406/7
f 6249/6415/7 6250/6416/7 6342/6406/7
f 6250/6416/7 6251/6417/7 6342/6406/7
f 6251/6417/7 6252/6418/7 6342/6406/7
f 6252/6418/7 6253/6419/7 6342/6406/7
f 6253/6419/7 6254/6420/7 6342/6406/7
f 6254/6420/7 6255/6421/7 6342/6406/7
f 6255/6421/7 6256/6422/7 6342/6406/7
f 6256/6422/7 6312/6409/7 6342/6406/7
f 6256/6422/7 6311/6423/7 6312/6409/7
f 6303/6424/7 6293/6383/7 6302/6410/7
f 6256/6422/7 6257/6425/7 6311/6423/7
f 6257/6425/7 6310/6426/7 6311/6423/7
f 6257/6425/7 6309/6427/7 6310/6426/7
f 6304/6428/7 6293/6383/7 6303/6424/7
f 6257/6425/7 6308/6429/7 6309/6427/7
f 6305/6430/7 6293/6383/7 6304/6428/7
f 6257/6425/7 6307/6431/7 6308/6429/7
f 6306/6432/7 6293/6383/7 6305/6430/7
f 6257/6425/7 6306/6432/7 6307/6431/7
f 6257/6425/7 6293/6383/7 6306/6432/7
f 6258/6433/7 6293/6383/7 6257/6425/7
f 6259/6434/7 6293/6383/7 6258/6433/7
f 6260/6435/7 6293/6383/7 6259/6434/7
f 6261/6436/7 6293/6383/7 6260/6435/7
f 6262/6437/7 6293/6383/7 6261/6436/7
f 6263/6438/7 6293/6383/7 6262/6437/7
f 6264/6439/7 6293/6383/7 6263/6438/7
f 6264/6439/7 6292/6440/7 6293/6383/7
f 6265/6441/7 6292/6440/7 6264/6439/7
f 6266/6442/7 6292/6440/7 6265/6441/7
f 6266/6442/7 6291/6443/7 6292/6440/7
f 6267/6444/7 6291/6443/7 6266/6442/7
f 6268/6445/7 6291/6443/7 6267/6444/7
f 6268/6445/7 6290/6446/7 6291/6443/7
f 6269/6447/7 6290/6446/7 6268/6445/7
f 6269/6447/7 6289/6448/7 6290/6446/7
f 6270/6449/7 6289/6448/7 6269/6447/7
f 6271/6450/7 6289/6448/7 6270/6449/7
f 6271/6450/7 6288/6451/7 6289/6448/7
f 6272/6452/7 6288/6451/7 6271/6450/7
f 6272/6452/7 6287/6453/7 6288/6451/7
f 6273/6454/7 6287/6453/7 6272/6452/7
f 6274/6455/7 6287/6453/7 6273/6454/7
f 6274/6455/7 6286/6456/7 6287/6453/7
f 6275/6457/7 6286/6456/7 6274/6455/7
f 6275/6457/7 6285/6458/7 6286/6456/7
f 6276/6459/7 6285/6458/7 6275/6457/7
f 6276/6459/7 6284/6460/7 6285/6458/7
f 6277/6461/7 6284/6460/7 6276/6459/7
f 6278/6462/7 6284/6460/7 6277/6461/7
f 6278/6462/7 6283/6463/7 6284/6460/7
f 6279/6464/7 6283/6463/7 6278/6462/7
f 6279/6464/7 6282/6465/7 6283/6463/7
f 6280/6466/7 6282/6465/7 6279/6464/7
f 6280/6466/7 6281/6467/7 6282/6465/7
f 6429/6370/7 6427/6371/7 6428/6372/7
f 6429/6370/7 6426/6373/7 6427/6371/7
f 6430/6374/7 6426/6373/7 6429/6370/7
f 6430/6374/7 6425/6375/7 6426/6373/7
f 6431/6376/7 6425/6375/7 6430/6374/7
f 6431/6376/7 6424/6377/7 6425/6375/7
f 6432/6378/7 6424/6377/7 6431/6376/7
f 6432/6378/7 6423/6379/7 6424/6377/7
f 6432/6378/7 6422/6380/7 6423/6379/7
f 6433/6381/7 6422/6380/7 6432/6378/7
f 6393/6382/7 6391/6383/7 6392/6384/7
f 6433/6381/7 6421/6385/7 6422/6380/7
f 6434/6386/7 6421/6385/7 6433/6381/7
f 6434/6386/7 6420/6387/7 6421/6385/7
f 6394/6388/7 6391/6383/7 6393/6382/7
f 6435/6389/7 6420/6387/7 6434/6386/7
f 6435/6389/7 6419/6390/7 6420/6387/7
f 6435/6389/7 6418/6391/7 6419/6390/7
f 6436/6392/7 6418/6391/7 6435/6389/7
f 6395/6393/7 6391/6383/7 6394/6388/7
f 6436/6392/7 6417/6394/7 6418/6391/7
f 6437/6395/7 6417/6394/7 6436/6392/7
f 6437/6395/7 6416/6396/7 6417/6394/7
f 6396/6397/7 6391/6383/7 6395/6393/7
f 6437/6395/7 6415/6398/7 6416/6396/7
f 6438/6399/7 6415/6398/7 6437/6395/7
f 6397/6400/7 6391/6383/7 6396/6397/7
f 6438/6399/7 6414/6401/7 6415/6398/7
f 6439/6402/7 6414/6401/7 6438/6399/7
f 6439/6402/7 6413/6403/7 6414/6401/7
f 6398/6404/7 6391/6383/7 6397/6400/7
f 6439/6402/7 6412/6405/7 6413/6403/7
f 6440/6406/7 6412/6405/7 6439/6402/7
f 6399/6407/7 6391/6383/7 6398/6404/7
f 6440/6406/7 6411/6408/7 6412/6405/7
f 6440/6406/7 6410/6409/7 6411/6408/7
f 6400/6410/7 6391/6383/7 6399/6407/7
f 6343/6411/7 6344/6412/7 6440/6406/7
f 6344/6412/7 6345/6413/7 6440/6406/7
f 6345/6413/7 6346/6414/7 6440/6406/7
f 6346/6414/7 6347/6415/7 6440/6406/7
f 6347/6415/7 6348/6416/7 6440/6406/7
f 6348/6416/7 6349/6417/7 6440/6406/7
f 6349/6417/7 6350/6418/7 6440/6406/7
f 6350/6418/7 6351/6419/7 6440/6406/7
f 6351/6419/7 6352/6420/7 6440/6406/7
f 6352/6420/7 6353/6421/7 6440/6406/7
f 6353/6421/7 6354/6422/7 6440/6406/7
f 6354/6422/7 6410/6409/7 6440/6406/7
f 6354/6422/7 6409/6423/7 6410/6409/7
f 6401/6424/7 6391/6383/7 6400/6410/7
f 6354/6422/7 6355/6425/7 6409/6423/7
f 6355/6425/7 6408/6426/7 6409/6423/7
f 6355/6425/7 6407/6427/7 6408/6426/7
f 6402/6428/7 6391/6383/7 6401/6424/7
f 6355/6425/7 6406/6429/7 6407/6427/7
f 6403/6430/7 6391/6383/7 6402/6428/7
f 6355/6425/7 6405/6431/7 6406/6429/7
f 6404/6432/7 6391/6383/7 6403/6430/7
f 6355/6425/7 6404/6432/7 6405/6431/7
f 6355/6425/7 6391/6383/7 6404/6432/7
f 6356/6433/7 6391/6383/7 6355/6425/7
f 6357/6434/7 6391/6383/7 6356/6433/7
f 6358/6435/7 6391/6383/7 6357/6434/7
f 6359/6436/7 6391/6383/7 6358/6435/7
f 6360/6437/7 6391/6383/7 6359/6436/7
f 6361/6438/7 6391/6383/7 6360/6437/7
f 6362/6439/7 6391/6383/7 6361/6438/7
f 6362/6439/7 6390/6440/7 6391/6383/7
f 6363/6441/7 6390/6440/7 6362/6439/7
f 6364/6442/7 6390/6440/7 6363/6441/7
f 6364/6442/7 6389/6443/7 6390/6440/7
f 6365/6444/7 6389/6443/7 6364/6442/7
f 6366/6445/7 6389/6443/7 6365/6444/7
f 6366/6445/7 6388/6446/7 6389/6443/7
f 6367/6447/7 6388/6446/7 6366/6445/7
f 6367/6447/7 6387/6448/7 6388/6446/7
f 6368/6449/7 6387/6448/7 6367/6447/7
f 6369/6450/7 6387/6448/7 6368/6449/7
f 6369/6450/7 6386/6451/7 6387/6448/7
f 6370/6452/7 6386/6451/7 6369/6450/7
f 6370/6452/7 6385/6453/7 6386/6451/7
f 6371/6454/7 6385/6453/7 6370/6452/7
f 6372/6455/7 6385/6453/7 6371/6454/7
f 6372/6455/7 6384/6456/7 6385/6453/7
f 6373/6457/7 6384/6456/7 6372/6455/7
f 6373/6457/7 6383/6458/7 6384/6456/7
f 6374/6459/7 6383/6458/7 6373/6457/7
f 6374/6459/7 6382/6460/7 6383/6458/7
f 6375/6461/7 6382/6460/7 6374/6459/7
f 6376/6462/7 6382/6460/7 6375/6461/7
f 6376/6462/7 6381/6463/7 6382/6460/7
f 6377/6464/7 6381/6463/7 6376/6462/7
f 6377/6464/7 6380/6465/7 6381/6463/7
f 6378/6466/7 6380/6465/7 6377/6464/7
f 6378/6466/7 6379/6467/7 6380/6465/7
f 6527/6370/7 6525/6371/7 6526/6372/7
f 6527/6370/7 6524/6373/7 6525/6371/7
f 6528/6374/7 6524/6373/7 6527/6370/7
f 6528/6374/7 6523/6375/7 6524/6373/7
f 6529/6376/7 6523/6375/7 6528/6374/7
f 6529/6376/7 6522/6377/7 6523/6375/7
f 6530/6378/7 6522/6377/7 6529/6376/7
f 6530/6378/7 6521/6379/7 6522/6377/7
f 6530/6378/7 6520/6380/7 6521/6379/7
f 6531/6381/7 6520/6380/7 6530/6378/7
f 6491/6382/7 6489/6383/7 6490/6384/7
f 6531/6381/7 6519/6385/7 6520/6380/7
f 6532/6386/7 6519/6385/7 6531/6381/7
f 6532/6386/7 6518/6387/7 6519/6385/7
f 6492/6388/7 6489/6383/7 6491/6382/7
f 6533/6389/7 6518/6387/7 6532/6386/7
f 6533/6389/7 6517/6390/7 6518/6387/7
f 6533/6389/7 6516/6391/7 6517/6390/7
f 6534/6392/7 6516/6391/7 6533/6389/7
f 6493/6393/7 6489/6383/7 6492/6388/7
f 6534/6392/7 6515/6394/7 6516/6391/7
f 6535/6395/7 6515/6394/7 6534/6392/7
f 6535/6395/7 6514/6396/7 6515/6394/7
f 6494/6397/7 6489/6383/7 6493/6393/7
f 6535/6395/7 6513/6398/7 6514/6396/7
f 6536/6399/7 6513/6398/7 6535/6395/7
f 6495/6400/7 6489/6383/7 6494/6397/7
f 6536/6399/7 6512/6401/7 6513/6398/7
f 6537/6402/7 6512/6401/7 6536/6399/7
f 6537/6402/7 6511/6403/7 6512/6401/7
f 6496/6404/7 6489/6383/7 6495/6400/7
f 6537/6402/7 6510/6405/7 6511/6403/7
f 6538/6406/7 6510/6405/7 6537/6402/7
f 6497/6407/7 6489/6383/7 6496/6404/7
f 6538/6406/7 6509/6408/7 6510/6405/7
f 6538/6406/7 6508/6409/7 6509/6408/7
f 6498/6410/7 6489/6383/7 6497/6407/7
f 6441/6411/7 6442/6412/7 6538/6406/7
f 6442/6412/7 6443/6413/7 6538/6406/7
f 6443/6413/7 6444/6414/7 6538/6406/7
f 6444/6414/7 6445/6415/7 6538/6406/7
f 6445/6415/7 6446/6416/7 6538/6406/7
f 6446/6416/7 6447/6417/7 6538/6406/7
f 6447/6417/7 6448/6418/7 6538/6406/7
f 6448/6418/7 6449/6419/7 6538/6406/7
f 6449/6419/7 6450/6420/7 6538/6406/7
f 6450/6420/7 6451/6421/7 6538/6406/7
f 6451/6421/7 6452/6422/7 6538/6406/7
f 6452/6422/7 6508/6409/7 6538/6406/7
f 6452/6422/7 6507/6423/7 6508/6409/7
f 6499/6424/7 6489/6383/7 6498/6410/7
f 6452/6422/7 6453/6425/7 6507/6423/7
f 6453/6425/7 6506/6426/7 6507/6423/7
f 6453/6425/7 6505/6427/7 6506/6426/7
f 6500/6428/7 6489/6383/7 6499/6424/7
f 6453/6425/7 6504/6429/7 6505/6427/7
f 6501/6430/7 6489/6383/7 6500/6428/7
f 6453/6425/7 6503/6431/7 6504/6429/7
f 6502/6432/7 6489/6383/7 6501/6430/7
f 6453/6425/7 6502/6432/7 6503/6431/7
f 6453/6425/7 6489/6383/7 6502/6432/7
f 6454/6433/7 6489/6383/7 6453/6425/7
f 6455/6434/7 6489/6383/7 6454/6433/7
f 6456/6435/7 6489/6383/7 6455/6434/7
f 6457/6436/7 6489/6383/7 6456/6435/7
f 6458/6437/7 6489/6383/7 6457/6436/7
f 6459/6438/7 6489/6383/7 6458/6437/7
f 6460/6439/7 6489/6383/7 6459/6438/7
f 6460/6439/7 6488/6440/7 6489/6383/7
f 6461/6441/7 6488/6440/7 6460/6439/7
f 6462/6442/7 6488/6440/7 6461/6441/7
f 6462/6442/7 6487/6443/7 6488/6440/7
f 6463/6444/7 6487/6443/7 6462/6442/7
f 6464/6445/7 6487/6443/7 6463/6444/7
f 6464/6445/7 6486/6446/7 6487/6443/7
f 6465/6447/7 6486/6446/7 6464/6445/7
f 6465/6447/7 6485/6448/7 6486/6446/7
f 6466/6449/7 6485/6448/7 6465/6447/7
f 6467/6450/7 6485/6448/7 6466/6449/7
f 6467/6450/7 6484/6451/7 6485/6448/7
f 6468/6452/7 6484/6451/7 6467/6450/7
f 6468/6452/7 6483/6453/7 6484/6451/7
f 6469/6454/7 6483/6453/7 6468/6452/7
f 6470/6455/7 6483/6453/7 6469/6454/7
f 6470/6455/7 6482/6456/7 6483/6453/7
f 6471/6457/7 6482/6456/7 6470/6455/7
f 6471/6457/7 6481/6458/7 6482/6456/7
f 6472/6459/7 6481/6458/7 6471/6457/7
f 6472/6459/7 6480/6460/7 6481/6458/7
f 6473/6461/7 6480/6460/7 6472/6459/7
f 6474/6462/7 6480/6460/7 6473/6461/7
f 6474/6462/7 6479/6463/7 6480/6460/7
f 6475/6464/7 6479/6463/7 6474/6462/7
f 6475/6464/7 6478/6465/7 6479/6463/7
f 6476/6466/7 6478/6465/7 6475/6464/7
f 6476/6466/7 6477/6467/7 6478/6465/7
f 6625/6370/7 6623/6371/7 6624/6372/7
f 6625/6370/7 6622/6373/7 6623/6371/7
f 6626/6374/7 6622/6373/7 6625/6370/7
f 6626/6374/7 6621/6375/7 6622/6373/7
f 6627/6376/7 6621/6375/7 6626/6374/7
f 6627/6376/7 6620/6377/7 6621/6375/7
f 6628/6378/7 6620/6377/7 6627/6376/7
f 6628/6378/7 6619/6379/7 6620/6377/7
f 6628/6378/7 6618/6380/7 6619/6379/7
f 6629/6381/7 6618/6380/7 6628/6378/7
f 6589/6382/7 6587/6383/7 6588/6384/7
f 6629/6381/7 6617/6385/7 6618/6380/7
f 6630/6386/7 6617/6385/7 6629/6381/7
f 6630/6386/7 6616/6387/7 6617/6385/7
f 6590/6388/7 6587/6383/7 6589/6382/7
f 6631/6389/7 6616/6387/7 6630/6386/7
f 6631/6389/7 6615/6390/7 6616/6387/7
f 6631/6389/7 6614/6391/7 6615/6390/7
f 6632/6392/7 6614/6391/7 6631/6389/7
f 6591/6393/7 6587/6383/7 6590/6388/7
f 6632/6392/7 6613/6394/7 6614/6391/7
f 6633/6395/7 6613/6394/7 6632/6392/7
f 6633/6395/7 6612/6396/7 6613/6394/7
f 6592/6397/7 6587/6383/7 6591/6393/7
f 6633/6395/7 6611/6398/7 6612/6396/7
f 6634/6399/7 6611/6398/7 6633/6395/7
f 6593/6400/7 6587/6383/7 6592/6397/7
f 6634/6399/7 6610/6401/7 6611/6398/7
f 6635/6402/7 6610/6401/7 6634/6399/7
f 6635/6402/7 6609/6403/7 6610/6401/7
f 6594/6404/7 6587/6383/7 6593/6400/7
f 6635/6402/7 6608/6405/7 6609/6403/7
f 6636/6406/7 6608/6405/7 6635/6402/7
f 6595/6407/7 6587/6383/7 6594/6404/7
f 6636/6406/7 6607/6408/7 6608/6405/7
f 6636/6406/7 6606/6409/7 6607/6408/7
f 6596/6410/7 6587/6383/7 6595/6407/7
f 6539/6411/7 6540/6412/7 6636/6406/7
f 6540/6412/7 6541/6413/7 6636/6406/7
f 6541/6413/7 6542/6414/7 6636/6406/7
f 6542/6414/7 6543/6415/7 6636/6406/7
f 6543/6415/7 6544/6416/7 6636/6406/7
f 6544/6416/7 6545/6417/7 6636/6406/7
f 6545/6417/7 6546/6418/7 6636/6406/7
f 6546/6418/7 6547/6419/7 6636/6406/7
f 6547/6419/7 6548/6420/7 6636/6406/7
f 6548/6420/7 6549/6421/7 6636/6406/7
f 6549/6421/7 6550/6422/7 6636/6406/7
f 6550/6422/7 6606/6409/7 6636/6406/7
f 6550/6422/7 6605/6423/7 6606/6409/7
f 6597/6424/7 6587/6383/7 6596/6410/7
f 6550/6422/7 6551/6425/7 6605/6423/7
f 6551/6425/7 6604/6426/7 6605/6423/7
f 6551/6425/7 6603/6427/7 6604/6426/7
f 6598/6428/7 6587/6383/7 6597/6424/7
f 6551/6425/7 6602/6429/7 6603/6427/7
f 6599/6430/7 6587/6383/7 6598/6428/7
f 6551/6425/7 6601/6431/7 6602/6429/7
f 6600/6432/7 6587/6383/7 6599/6430/7
f 6551/6425/7 6600/6432/7 6601/6431/7
f 6551/6425/7 6587/6383/7 6600/6432/7
f 6552/6433/7 6587/6383/7 6551/6425/7
f 6553/6434/7 6587/6383/7 6552/6433/7
f 6554/6435/7 6587/6383/7 6553/6434/7
f 6555/6436/7 6587/6383/7 6554/6435/7
f 6556/6437/7 6587/6383/7 6555/6436/7
f 6557/6438/7 6587/6383/7 6556/6437/7
f 6558/6439/7 6587/6383/7 6557/6438/7
f 6558/6439/7 6586/6440/7 6587/6383/7
f 6559/6441/7 6586/6440/7 6558/6439/7
f 6560/6442/7 6586/6440/7 6559/6441/7
f 6560/6442/7 6585/6443/7 6586/6440/7
f 6561/6444/7 6585/6443/7 6560/6442/7
f 6562/6445/7 6585/6443/7 6561/6444/7
f 6562/6445/7 6584/6446/7 6585/6443/7
f 6563/6447/7 6584/6446/7 6562/6445/7
f 6563/6447/7 6583/6448/7 6584/6446/7
f 6564/6449/7 6583/6448/7 6563/6447/7
f 6565/6450/7 6583/6448/7 6564/6449/7
f 6565/6450/7 6582/6451/7 6583/6448/7
f 6566/6452/7 6582/6451/7 6565/6450/7
f 6566/6452/7 6581/6453/7 6582/6451/7
f 6567/6454/7 6581/6453/7 6566/6452/7
f 6568/6455/7 6581/6453/7 6567/6454/7
f 6568/6455/7 6580/6456/7 6581/6453/7
f 6569/6457/7 6580/6456/7 6568/6455/7
f 6569/6457/7 6579/6458/7 6580/6456/7
f 6570/6459/7 6579/6458/7 6569/6457/7
f 6570/6459/7 6578/6460/7 6579/6458/7
f 6571/6461/7 6578/6460/7 6570/6459/7
f 6572/6462/7 6578/6460/7 6571/6461/7
f 6572/6462/7 6577/6463/7 6578/6460/7
f 6573/6464/7 6577/6463/7 6572/6462/7
f 6573/6464/7 6576/6465/7 6577/6463/7
f 6574/6466/7 6576/6465/7 6573/6464/7
f 6574/6466/7 6575/6467/7 6576/6465/7
f 6723/6370/7 6721/6371/7 6722/6372/7
f 6723/6370/7 6720/6373/7 6721/6371/7
f 6724/6374/7 6720/6373/7 6723/6370/7
f 6724/6374/7 6719/6375/7 6720/6373/7
f 6725/6376/7 6719/6375/7 6724/6374/7
f 6725/6376/7 6718/6377/7 6719/6375/7
f 6726/6378/7 6718/6377/7 6725/6376/7
f 6726/6378/7 6717/6379/7 6718/6377/7
f 6726/6378/7 6716/6380/7 6717/6379/7
f 6727/6381/7 6716/6380/7 6726/6378/7
f 6687/6382/7 6685/6383/7 6686/6384/7
f 6727/6381/7 6715/6385/7 6716/6380/7
f 6728/6386/7 6715/6385/7 6727/6381/7
f 6728/6386/7 6714/6387/7 6715/6385/7
f 6688/6388/7 6685/6383/7 6687/6382/7
f 6729/6389/7 6714/6387/7 6728/6386/7
f 6729/6389/7 6713/6390/7 6714/6387/7
f 6729/6389/7 6712/6391/7 6713/6390/7
f 6730/6392/7 6712/6391/7 6729/6389/7
f 6689/6393/7 6685/6383/7 6688/6388/7
f 6730/6392/7 6711/6394/7 6712/6391/7
f 6731/6395/7 6711/6394/7 6730/6392/7
f 6731/6395/7 6710/6396/7 6711/6394/7
f 6690/6397/7 6685/6383/7 6689/6393/7
f 6731/6395/7 6709/6398/7 6710/6396/7
f 6732/6399/7 6709/6398/7 6731/6395/7
f 6691/6400/7 6685/6383/7 6690/6397/7
f 6732/6399/7 6708/6401/7 6709/6398/7
f 6733/6402/7 6708/6401/7 6732/6399/7
f 6733/6402/7 6707/6403/7 6708/6401/7
f 6692/6404/7 6685/6383/7 6691/6400/7
f 6733/6402/7 6706/6405/7 6707/6403/7
f 6734/6406/7 6706/6405/7 6733/6402/7
f 6693/6407/7 6685/6383/7 6692/6404/7
f 6734/6406/7 6705/6408/7 6706/6405/7
f 6734/6406/7 6704/6409/7 6705/6408/7
f 6694/6410/7 6685/6383/7 6693/6407/7
f 6637/6411/7 6638/6412/7 6734/6406/7
f 6638/6412/7 6639/6413/7 6734/6406/7
f 6639/6413/7 6640/6414/7 6734/6406/7
f 6640/6414/7 6641/6415/7 6734/6406/7
f 6641/6415/7 6642/6416/7 6734/6406/7
f 6642/6416/7 6643/6417/7 6734/6406/7
f 6643/6417/7 6644/6418/7 6734/6406/7
f 6644/6418/7 6645/6419/7 6734/6406/7
f 6645/6419/7 6646/6420/7 6734/6406/7
f 6646/6420/7 6647/6421/7 6734/6406/7
f 6647/6421/7 6648/6422/7 6734/6406/7
f 6648/6422/7 6704/6409/7 6734/6406/7
f 6648/6422/7 6703/6423/7 6704/6409/7
f 6695/6424/7 6685/6383/7 6694/6410/7
f 6648/6422/7 6649/6425/7 6703/6423/7
f 6649/6425/7 6702/6426/7 6703/6423/7
f 6649/6425/7 6701/6427/7 6702/6426/7
f 6696/6428/7 6685/6383/7 6695/6424/7
f 6649/6425/7 6700/6429/7 6701/6427/7
f 6697/6430/7 6685/6383/7 6696/6428/7
f 6649/6425/7 6699/6431/7 6700/6429/7
f 6698/6432/7 6685/6383/7 6697/6430/7
f 6649/6425/7 6698/6432/7 6699/6431/7
f 6649/6425/7 6685/6383/7 6698/6432/7
f 6650/6433/7 6685/6383/7 6649/6425/7
f 6651/6434/7 6685/6383/7 6650/6433/7
f 6652/6435/7 6685/6383/7 6651/6434/7
f 6653/6436/7 6685/6383/7 6652/6435/7
f 6654/6437/7 6685/6383/7 6653/6436/7
f 6655/6438/7 6685/6383/7 6654/6437/7
f 6656/6439/7 6685/6383/7 6655/6438/7
f 6656/6439/7 6684/6440/7 6685/6383/7
f 6657/6441/7 6684/6440/7 6656/6439/7
f 6658/6442/7 6684/6440/7 6657/6441/7
f 6658/6442/7 6683/6443/7 6684/6440/7
f 6659/6444/7 6683/6443/7 6658/6442/7
f 6660/6445/7 6683/6443/7 6659/6444/7
f 6660/6445/7 6682/6446/7 6683/6443/7
f 6661/6447/7 6682/6446/7 6660/6445/7
f 6661/6447/7 6681/6448/7 6682/6446/7
f 6662/6449/7 6681/6448/7 6661/6447/7
f 6663/6450/7 6681/6448/7 6662/6449/7
f 6663/6450/7 6680/6451/7 6681/6448/7
f 6664/6452/7 6680/6451/7 6663/6450/7
f 6664/6452/7 6679/6453/7 6680/6451/7
f 6665/6454/7 6679/6453/7 6664/6452/7
f 6666/6455/7 6679/6453/7 6665/6454/7
f 6666/6455/7 6678/6456/7 6679/6453/7
f 6667/6457/7 6678/6456/7 6666/6455/7
f 6667/6457/7 6677/6458/7 6678/6456/7
f 6668/6459/7 6677/6458/7 6667/6457/7
f 6668/6459/7 6676/6460/7 6677/6458/7
f 6669/6461/7 6676/6460/7 6668/6459/7
f 6670/6462/7 6676/6460/7 6669/6461/7
f 6670/6462/7 6675/6463/7 6676/6460/7
f 6671/6464/7 6675/6463/7 6670/6462/7
f 6671/6464/7 6674/6465/7 6675/6463/7
f 6672/6466/7 6674/6465/7 6671/6464/7
f 6672/6466/7 6673/6467/7 6674/6465/7
f 6821/6370/7 6819/6371/7 6820/6372/7
f 6821/6370/7 6818/6373/7 6819/6371/7
f 6822/6374/7 6818/6373/7 6821/6370/7
f 6822/6374/7 6817/6375/7 6818/6373/7
f 6823/6376/7 6817/6375/7 6822/6374/7
f 6823/6376/7 6816/6377/7 6817/6375/7
f 6824/6378/7 6816/6377/7 6823/6376/7
f 6824/6378/7 6815/6379/7 6816/6377/7
f 6824/6378/7 6814/6380/7 6815/6379/7
f 6825/6381/7 6814/6380/7 6824/6378/7
f 6785/6382/7 6783/6383/7 6784/6384/7
f 6825/6381/7 6813/6385/7 6814/6380/7
f 6826/6386/7 6813/6385/7 6825/6381/7
f 6826/6386/7 6812/6387/7 6813/6385/7
f 6786/6388/7 6783/6383/7 6785/6382/7
f 6827/6389/7 6812/6387/7 6826/6386/7
f 6827/6389/7 6811/6390/7 6812/6387/7
f 6827/6389/7 6810/6391/7 6811/6390/7
f 6828/6392/7 6810/6391/7 6827/6389/7
f 6787/6393/7 6783/6383/7 6786/6388/7
f 6828/6392/7 6809/6394/7 6810/6391/7
f 6829/6395/7 6809/6394/7 6828/6392/7
f 6829/6395/7 6808/6396/7 6809/6394/7
f 6788/6397/7 6783/6383/7 6787/6393/7
f 6829/6395/7 6807/6398/7 6808/6396/7
f 6830/6399/7 6807/6398/7 6829/6395/7
f 6789/6400/7 6783/6383/7 6788/6397/7
f 6830/6399/7 6806/6401/7 6807/6398/7
f 6831/6402/7 6806/6401/7 6830/6399/7
f 6831/6402/7 6805/6403/7 6806/6401/7
f 6790/6404/7 6783/6383/7 6789/6400/7
f 6831/6402/7 6804/6405/7 6805/6403/7
f 6832/6406/7 6804/6405/7 6831/6402/7
f 6791/6407/7 6783/6383/7 6790/6404/7
f 6832/6406/7 6803/6408/7 6804/6405/7
f 6832/6406/7 6802/6409/7 6803/6408/7
f 6792/6410/7 6783/6383/7 6791/6407/7
f 6735/6411/7 6736/6412/7 6832/6406/7
f 6736/6412/7 6737/6413/7 6832/6406/7
f 6737/6413/7 6738/6414/7 6832/6406/7
f 6738/6414/7 6739/6415/7 6832/6406/7
f 6739/6415/7 6740/6416/7 6832/6406/7
f 6740/6416/7 6741/6417/7 6832/6406/7
f 6741/6417/7 6742/6418/7 6832/6406/7
f 6742/6418/7 6743/6419/7 6832/6406/7
f 6743/6419/7 6744/6420/7 6832/6406/7
f 6744/6420/7 6745/6421/7 6832/6406/7
f 6745/6421/7 6746/6422/7 6832/6406/7
f 6746/6422/7 6802/6409/7 6832/6406/7
f 6746/6422/7 6801/6423/7 6802/6409/7
f 6793/6424/7 6783/6383/7 6792/6410/7
f 6746/6422/7 6747/6425/7 6801/6423/7
f 6747/6425/7 6800/6426/7 6801/6423/7
f 6747/6425/7 6799/6427/7 6800/6426/7
f 6794/6428/7 6783/6383/7 6793/6424/7
f 6747/6425/7 6798/6429/7 6799/6427/7
f 6795/6430/7 6783/6383/7 6794/6428/7
f 6747/6425/7 6797/6431/7 6798/6429/7
f 6796/6432/7 6783/6383/7 6795/6430/7
f 6747/6425/7 6796/6432/7 6797/6431/7
f 6747/6425/7 6783/6383/7 6796/6432/7
f 6748/6433/7 6783/6383/7 6747/6425/7
f 6749/6434/7 6783/6383/7 6748/6433/7
f 6750/6435/7 6783/6383/7 6749/6434/7
f 6751/6436/7 6783/6383/7 6750/6435/7
f 6752/6437/7 6783/6383/7 6751/6436/7
f 6753/6438/7 6783/6383/7 6752/6437/7
f 6754/6439/7 6783/6383/7 6753/6438/7
f 6754/6439/7 6782/6440/7 6783/6383/7
f 6755/6441/7 6782/6440/7 6754/6439/7
f 6756/6442/7 6782/6440/7 6755/6441/7
f 6756/6442/7 6781/6443/7 6782/6440/7
f 6757/6444/7 6781/6443/7 6756/6442/7
f 6758/6445/7 6781/6443/7 6757/6444/7
f 6758/6445/7 6780/6446/7 6781/6443/7
f 6759/6447/7 6780/6446/7 6758/6445/7
f 6759/6447/7 6779/6448/7 6780/6446/7
f 6760/6449/7 6779/6448/7 6759/6447/7
f 6761/6450/7 6779/6448/7 6760/6449/7
f 6761/6450/7 6778/6451/7 6779/6448/7
f 6762/6452/7 6778/6451/7 6761/6450/7
f 6762/6452/7 6777/6453/7 6778/6451/7
f 6763/6454/7 6777/6453/7 6762/6452/7
f 6764/6455/7 6777/6453/7 6763/6454/7
f 6764/6455/7 6776/6456/7 6777/6453/7
f 6765/6457/7 6776/6456/7 6764/6455/7
f 6765/6457/7 6775/6458/7 6776/6456/7
f 6766/6459/7 6775/6458/7 6765/6457/7
f 6766/6459/7 6774/6460/7 6775/6458/7
f 6767/6461/7 6774/6460/7 6766/6459/7
f 6768/6462/7 6774/6460/7 6767/6461/7
f 6768/6462/7 6773/6463/7 6774/6460/7
f 6769/6464/7 6773/6463/7 6768/6462/7
f 6769/6464/7 6772/6465/7 6773/6463/7
f 6770/6466/7 6772/6465/7 6769/6464/7
f 6770/6466/7 6771/6467/7 6772/6465/7
f 6919/6370/7 6917/6371/7 6918/6372/7
f 6919/6370/7 6916/6373/7 6917/6371/7
f 6920/6374/7 6916/6373/7 6919/6370/7
f 6920/6374/7 6915/6375/7 6916/6373/7
f 6921/6376/7 6915/6375/7 6920/6374/7
f 6921/6376/7 6914/6377/7 6915/6375/7
f 6922/6378/7 6914/6377/7 6921/6376/7
f 6922/6378/7 6913/6379/7 6914/6377/7
f 6922/6378/7 6912/6380/7 6913/6379/7
f 6923/6381/7 6912/6380/7 6922/6378/7
f 6883/6382/7 6881/6383/7 6882/6384/7
f 6923/6381/7 6911/6385/7 6912/6380/7
f 6924/6386/7 6911/6385/7 6923/6381/7
f 6924/6386/7 6910/6387/7 6911/6385/7
f 6884/6388/7 6881/6383/7 6883/6382/7
f 6925/6389/7 6910/6387/7 6924/6386/7
f 6925/6389/7 6909/6390/7 6910/6387/7
f 6925/6389/7 6908/6391/7 6909/6390/7
f 6926/6392/7 6908/6391/7 6925/6389/7
f 6885/6393/7 6881/6383/7 6884/6388/7
f 6926/6392/7 6907/6394/7 6908/6391/7
f 6927/6395/7 6907/6394/7 6926/6392/7
f 6927/6395/7 6906/6396/7 6907/6394/7
f 6886/6397/7 6881/6383/7 6885/6393/7
f 6927/6395/7 6905/6398/7 6906/6396/7
f 6928/6399/7 6905/6398/7 6927/6395/7
f 6887/6400/7 6881/6383/7 6886/6397/7
f 6928/6399/7 6904/6401/7 6905/6398/7
f 6929/6402/7 6904/6401/7 6928/6399/7
f 6929/6402/7 6903/6403/7 6904/6401/7
f 6888/6404/7 6881/6383/7 6887/6400/7
f 6929/6402/7 6902/6405/7 6903/6403/7
f 6930/6406/7 6902/6405/7 6929/6402/7
f 6889/6407/7 6881/6383/7 6888/6404/7
f 6930/6406/7 6901/6408/7 6902/6405/7
f 6930/6406/7 6900/6409/7 6901/6408/7
f 6890/6410/7 6881/6383/7 6889/6407/7
f 6833/6411/7 6834/6412/7 6930/6406/7
f 6834/6412/7 6835/6413/7 6930/6406/7
f 6835/6413/7 6836/6414/7 6930/6406/7
f 6836/6414/7 6837/6415/7 6930/6406/7
f 6837/6415/7 6838/6416/7 6930/6406/7
f 6838/6416/7 6839/6417/7 6930/6406/7
f 6839/6417/7 6840/6418/7 6930/6406/7
f 6840/6418/7 6841/6419/7 6930/6406/7
f 6841/6419/7 6842/6420/7 6930/6406/7
f 6842/6420/7 6843/6421/7 6930/6406/7
f 6843/6421/7 6844/6422/7 6930/6406/7
f 6844/6422/7 6900/6409/7 6930/6406/7
f 6844/6422/7 6899/6423/7 6900/6409/7
f 6891/6424/7 6881/6383/7 6890/6410/7
f 6844/6422/7 6845/6425/7 6899/6423/7
f 6845/6425/7 6898/6426/7 6899/6423/7
f 6845/6425/7 6897/6427/7 6898/6426/7
f 6892/6428/7 6881/6383/7 6891/6424/7
f 6845/6425/7 6896/6429/7 6897/6427/7
f 6893/6430/7 6881/6383/7 6892/6428/7
f 6845/6425/7 6895/6431/7 6896/6429/7
f 6894/6432/7 6881/6383/7 6893/6430/7
f 6845/6425/7 6894/6432/7 6895/6431/7
f 6845/6425/7 6881/6383/7 6894/6432/7
f 6846/6433/7 6881/6383/7 6845/6425/7
f 6847/6434/7 6881/6383/7 6846/6433/7
f 6848/6435/7 6881/6383/7 6847/6434/7
f 6849/6436/7 6881/6383/7 6848/6435/7
f 6850/6437/7 6881/6383/7 6849/6436/7
f 6851/6438/7 6881/6383/7 6850/6437/7
f 6852/6439/7 6881/6383/7 6851/6438/7
f 6852/6439/7 6880/6440/7 6881/6383/7
f 6853/6441/7 6880/6440/7 6852/6439/7
f 6854/6442/7 6880/6440/7 6853/6441/7
f 6854/6442/7 6879/6443/7 6880/6440/7
f 6855/6444/7 6879/6443/7 6854/6442/7
f 6856/6445/7 6879/6443/7 6855/6444/7
f 6856/6445/7 6878/6446/7 6879/6443/7
f 6857/6447/7 6878/6446/7 6856/6445/7
f 6857/6447/7 6877/6448/7 6878/6446/7
f 6858/6449/7 6877/6448/7 6857/6447/7
f 6859/6450/7 6877/6448/7 6858/6449/7
f 6859/6450/7 6876/6451/7 6877/6448/7
f 6860/6452/7 6876/6451/7 6859/6450/7
f 6860/6452/7 6875/6453/7 6876/6451/7
f 6861/6454/7 6875/6453/7 6860/6452/7
f 6862/6455/7 6875/6453/7 6861/6454/7
f 6862/6455/7 6874/6456/7 6875/6453/7
f 6863/6457/7 6874/6456/7 6862/6455/7
f 6863/6457/7 6873/6458/7 6874/6456/7
f 6864/6459/7 6873/6458/7 6863/6457/7
f 6864/6459/7 6872/6460/7 6873/6458/7
f 6865/6461/7 6872/6460/7 6864/6459/7
f 6866/6462/7 6872/6460/7 6865/6461/7
f 6866/6462/7 6871/6463/7 6872/6460/7
f 6867/6464/7 6871/6463/7 6866/6462/7
f 6867/6464/7 6870/6465/7 6871/6463/7
f 6868/6466/7 6870/6465/7 6867/6464/7
f 6868/6466/7 6869/6467/7 6870/6465/7
f 7017/6370/7 7015/6371/7 7016/6372/7
f 7017/6370/7 7014/6373/7 7015/6371/7
f 7018/6374/7 7014/6373/7 7017/6370/7
f 7018/6374/7 7013/6375/7 7014/6373/7
f 7019/6376/7 7013/6375/7 7018/6374/7
f 7019/6376/7 7012/6377/7 7013/6375/7
f 7020/6378/7 7012/6377/7 7019/6376/7
f 7020/6378/7 7011/6379/7 7012/6377/7
f 7020/6378/7 7010/6380/7 7011/6379/7
f 7021/6381/7 7010/6380/7 7020/6378/7
f 6981/6382/7 6979/6383/7 6980/6384/7
f 7021/6381/7 7009/6385/7 7010/6380/7
f 7022/6386/7 7009/6385/7 7021/6381/7
f 7022/6386/7 7008/6387/7 7009/6385/7
f 6982/6388/7 6979/6383/7 6981/6382/7
f 7023/6389/7 7008/6387/7 7022/6386/7
f 7023/6389/7 7007/6390/7 7008/6387/7
f 7023/6389/7 7006/6391/7 7007/6390/7
f 7024/6392/7 7006/6391/7 7023/6389/7
f 6983/6393/7 6979/6383/7 6982/6388/7
f 7024/6392/7 7005/6394/7 7006/6391/7
f 7025/6395/7 7005/6394/7 7024/6392/7
f 7025/6395/7 7004/6396/7 7005/6394/7
f 6984/6397/7 6979/6383/7 6983/6393/7
f 7025/6395/7 7003/6398/7 7004/6396/7
f 7026/6399/7 7003/6398/7 7025/6395/7
f 6985/6400/7 6979/6383/7 6984/6397/7
f 7026/6399/7 7002/6401/7 7003/6398/7
f 7027/6402/7 7002/6401/7 7026/6399/7
f 7027/6402/7 7001/6403/7 7002/6401/7
f 6986/6404/7 6979/6383/7 6985/6400/7
f 7027/6402/7 7000/6405/7 7001/6403/7
f 7028/6406/7 7000/6405/7 7027/6402/7
f 6987/6407/7 6979/6383/7 6986/6404/7
f 7028/6406/7 6999/6408/7 7000/6405/7
f 7028/6406/7 6998/6409/7 6999/6408/7
f 6988/6410/7 6979/6383/7 6987/6407/7
f 6931/6411/7 6932/6412/7 7028/6406/7
f 6932/6412/7 6933/6413/7 7028/6406/7
f 6933/6413/7 6934/6414/7 7028/6406/7
f 6934/6414/7 6935/6415/7 7028/6406/7
f 6935/6415/7 6936/6416/7 7028/6406/7
f 6936/6416/7 6937/6417/7 7028/6406/7
f 6937/6417/7 6938/6418/7 7028/6406/7
f 6938/6418/7 6939/6419/7 7028/6406/7
f 6939/6419/7 6940/6420/7 7028/6406/7
f 6940/6420/7 6941/6421/7 7028/6406/7
f 6941/6421/7 6942/6422/7 7028/6406/7
f 6942/6422/7 6998/6409/7 7028/6406/7
f 6942/6422/7 6997/6423/7 6998/6409/7
f 6989/6424/7 6979/6383/7 6988/6410/7
f 6942/6422/7 6943/6425/7 6997/6423/7
f 6943/6425/7 6996/6426/7 6997/6423/7
f 6943/6425/7 6995/6427/7 6996/6426/7
f 6990/6428/7 6979/6383/7 6989/6424/7
f 6943/6425/7 6994/6429/7 6995/6427/7
f 6991/6430/7 6979/6383/7 6990/6428/7
f 6943/6425/7 6993/6431/7 6994/6429/7
f 6992/6432/7 6979/6383/7 6991/6430/7
f 6943/6425/7 6992/6432/7 6993/6431/7
f 6943/6425/7 6979/6383/7 6992/6432/7
f 6944/6433/7 6979/6383/7 6943/6425/7
f 6945/6434/7 6979/6383/7 6944/6433/7
f 6946/6435/7 6979/6383/7 6945/6434/7
f 6947/6436/7 6979/6383/7 6946/6435/7
f 6948/6437/7 6979/6383/7 6947/6436/7
f 6949/6438/7 6979/6383/7 6948/6437/7
f 6950/6439/7 6979/6383/7 6949/6438/7
f 6950/6439/7 6978/6440/7 6979/6383/7
f 6951/6441/7 6978/6440/7 6950/6439/7
f 6952/6442/7 6978/6440/7 6951/6441/7
f 6952/6442/7 6977/6443/7 6978/6440/7
f 6953/6444/7 6977/6443/7 6952/6442/7
f 6954/6445/7 6977/6443/7 6953/6444/7
f 6954/6445/7 6976/6446/7 6977/6443/7
f 6955/6447/7 6976/6446/7 6954/6445/7
f 6955/6447/7 6975/6448/7 6976/6446/7
f 6956/6449/7 6975/6448/7 6955/6447/7
f 6957/6450/7 6975/6448/7 6956/6449/7
f 6957/6450/7 6974/6451/7 6975/6448/7
f 6958/6452/7 6974/6451/7 6957/6450/7
f 6958/6452/7 6973/6453/7 6974/6451/7
f 6959/6454/7 6973/6453/7 6958/6452/7
f 6960/6455/7 6973/6453/7 6959/6454/7
f 6960/6455/7 6972/6456/7 6973/6453/7
f 6961/6457/7 6972/6456/7 6960/6455/7
f 6961/6457/7 6971/6458/7 6972/6456/7
f 6962/6459/7 6971/6458/7 6961/6457/7
f 6962/6459/7 6970/6460/7 6971/6458/7
f 6963/6461/7 6970/6460/7 6962/6459/7
f 6964/6462/7 6970/6460/7 6963/6461/7
f 6964/6462/7 6969/6463/7 6970/6460/7
f 6965/6464/7 6969/6463/7 6964/6462/7
f 6965/6464/7 6968/6465/7 6969/6463/7
f 6966/6466/7 6968/6465/7 6965/6464/7
f 6966/6466/7 6967/6467/7 6968/6465/7
o Cube.001
v -0.006883 0.456590 -0.080896
v -0.006883 0.457451 -0.080896
v -0.021742 0.456590 -0.101896
v -0.021742 0.457451 -0.101896
v 0.021742 0.456590 -0.101150
v 0.021742 0.457451 -0.101150
v 0.006883 0.456590 -0.122150
v 0.006883 0.457451 -0.122150
v -0.014313 0.456590 -0.091396
v -0.006883 0.457020 -0.080896
v -0.014313 0.457451 -0.091396
v -0.021742 0.457020 -0.101896
v -0.007429 0.456590 -0.112023
v -0.007429 0.457451 -0.112023
v 0.006883 0.457020 -0.122150
v 0.014313 0.456590 -0.111650
v 0.014313 0.457451 -0.111650
v 0.021742 0.457020 -0.101150
v 0.007429 0.456590 -0.091023
v 0.007429 0.457451 -0.091023
v 0.000000 0.457451 -0.101523
v 0.000000 0.456590 -0.101523
v 0.007429 0.457020 -0.091023
v 0.014313 0.457020 -0.111650
v -0.007429 0.457020 -0.112023
v -0.014313 0.457020 -0.091396
v -0.010598 0.456590 -0.086146
v -0.006883 0.457236 -0.080896
v -0.018027 0.457451 -0.096646
v -0.021742 0.456805 -0.101896
v -0.014586 0.456590 -0.106960
v -0.000273 0.457451 -0.117087
v 0.006883 0.456805 -0.122150
v 0.010598 0.456590 -0.116900
v 0.018027 0.457451 -0.106400
v 0.021742 0.456805 -0.101150
v 0.014586 0.456590 -0.096086
v 0.000273 0.457451 -0.085959
v -0.018027 0.456590 -0.096646
v -0.006883 0.456805 -0.080896
v -0.010598 0.457451 -0.086146
v -0.021742 0.457236 -0.101896
v -0.000273 0.456590 -0.117087
v -0.014586 0.457451 -0.106960
v 0.006883 0.457236 -0.122150
v 0.018027 0.456590 -0.106400
v 0.010598 0.457451 -0.116900
v 0.021742 0.457236 -0.101150
v 0.000273 0.456590 -0.085959
v 0.014586 0.457451 -0.096086
v 0.003715 0.457451 -0.096273
v -0.003715 0.457451 -0.106773
v 0.007156 0.457451 -0.106587
v -0.007156 0.457451 -0.096460
v 0.003715 0.456590 -0.096273
v -0.003715 0.456590 -0.106773
v -0.007156 0.456590 -0.096460
v 0.007156 0.456590 -0.106587
v 0.000273 0.457020 -0.085959
v 0.014586 0.457020 -0.096086
v 0.007429 0.456805 -0.091023
v 0.007429 0.457236 -0.091023
v 0.018027 0.457020 -0.106400
v 0.010598 0.457020 -0.116900
v 0.014313 0.456805 -0.111650
v 0.014313 0.457236 -0.111650
v -0.000273 0.457020 -0.117087
v -0.014586 0.457020 -0.106960
v -0.007429 0.456805 -0.112023
v -0.007429 0.457236 -0.112023
v -0.018027 0.457020 -0.096646
v -0.010598 0.457020 -0.086146
v -0.014313 0.456805 -0.091396
v -0.014313 0.457236 -0.091396
v -0.010598 0.457236 -0.086146
v -0.010598 0.456805 -0.086146
v -0.018027 0.456805 -0.096646
v -0.014586 0.457236 -0.106960
v -0.014586 0.456805 -0.106960
v -0.000273 0.456805 -0.117087
v 0.010598 0.457236 -0.116900
v 0.010598 0.456805 -0.116900
v 0.018027 0.456805 -0.106400
v 0.014586 0.457236 -0.096086
v 0.014586 0.456805 -0.096086
v 0.000273 0.456805 -0.085959
v 0.003442 0.456590 -0.111837
v -0.010871 0.456590 -0.101710
v -0.003442 0.456590 -0.091210
v -0.010871 0.457451 -0.101710
v 0.003442 0.457451 -0.111837
v 0.010871 0.457451 -0.101337
v -0.003442 0.457451 -0.091210
v 0.010871 0.456590 -0.101337
v 0.000273 0.457236 -0.085959
v 0.018027 0.457236 -0.106400
v -0.000273 0.457236 -0.117087
v -0.018027 0.457236 -0.096646
v -0.008741 0.456590 -0.083521
v -0.006883 0.457343 -0.080896
v -0.019885 0.457451 -0.099271
v -0.021742 0.456697 -0.101896
v -0.018164 0.456590 -0.104428
v 0.003305 0.457451 -0.119619
v 0.006883 0.456697 -0.122150
v 0.008741 0.456590 -0.119525
v 0.019885 0.457451 -0.103775
v 0.021742 0.456697 -0.101150
v 0.018164 0.456590 -0.098618
v -0.003305 0.457451 -0.083428
v -0.016170 0.456590 -0.094021
v -0.006883 0.456913 -0.080896
v -0.012455 0.457451 -0.088771
v -0.021742 0.457128 -0.101896
v -0.003851 0.456590 -0.114555
v -0.011008 0.457451 -0.109492
v 0.006883 0.457128 -0.122150
v 0.016170 0.456590 -0.109025
v 0.012455 0.457451 -0.114275
v 0.021742 0.457128 -0.101150
v 0.003851 0.456590 -0.088491
v 0.011008 0.457451 -0.093555
v 0.005572 0.457451 -0.093648
v -0.001857 0.457451 -0.104148
v 0.010735 0.457451 -0.109118
v -0.003578 0.457451 -0.098991
v 0.005572 0.456590 -0.093648
v -0.001857 0.456590 -0.104148
v -0.010735 0.456590 -0.093928
v 0.003578 0.456590 -0.104055
v -0.003305 0.457020 -0.083428
v 0.011008 0.457020 -0.093555
v 0.007429 0.456697 -0.091023
v 0.007429 0.457128 -0.091023
v 0.019885 0.457020 -0.103775
v 0.012455 0.457020 -0.114275
v 0.014313 0.456697 -0.111650
v 0.014313 0.457128 -0.111650
v 0.003305 0.457020 -0.119619
v -0.011008 0.457020 -0.109492
v -0.007429 0.456697 -0.112023
v -0.007429 0.457128 -0.112023
v -0.019885 0.457020 -0.099271
v -0.012455 0.457020 -0.088771
v -0.014313 0.456697 -0.091396
v -0.014313 0.457128 -0.091396
v -0.012455 0.456590 -0.088771
v -0.006883 0.457128 -0.080896
v -0.016170 0.457451 -0.094021
v -0.021742 0.456913 -0.101896
v -0.011008 0.456590 -0.109492
v -0.003851 0.457451 -0.114555
v 0.006883 0.456913 -0.122150
v 0.012455 0.456590 -0.114275
v 0.016170 0.457451 -0.109025
v 0.021742 0.456913 -0.101150
v 0.011008 0.456590 -0.093555
v 0.003851 0.457451 -0.088491
v -0.019885 0.456590 -0.099271
v -0.006883 0.456697 -0.080896
v -0.008741 0.457451 -0.083521
v -0.021742 0.457343 -0.101896
v 0.003305 0.456590 -0.119619
v -0.018164 0.457451 -0.104428
v 0.006883 0.457343 -0.122150
v 0.019885 0.456590 -0.103775
v 0.008741 0.457451 -0.119525
v 0.021742 0.457343 -0.101150
v -0.003305 0.456590 -0.083428
v 0.018164 0.457451 -0.098618
v 0.001857 0.457451 -0.098898
v -0.005572 0.457451 -0.109398
v 0.003578 0.457451 -0.104055
v -0.010735 0.457451 -0.093928
v 0.001857 0.456590 -0.098898
v -0.005572 0.456590 -0.109398
v -0.003578 0.456590 -0.098991
v 0.010735 0.456590 -0.109118
v 0.003851 0.457020 -0.088491
v 0.018164 0.457020 -0.098618
v 0.007429 0.456913 -0.091023
v 0.007429 0.457343 -0.091023
v 0.016170 0.457020 -0.109025
v 0.008741 0.457020 -0.119525
v 0.014313 0.456913 -0.111650
v 0.014313 0.457343 -0.111650
v -0.003851 0.457020 -0.114555
v -0.018164 0.457020 -0.104428
v -0.007429 0.456913 -0.112023
v -0.007429 0.457343 -0.112023
v -0.016170 0.457020 -0.094021
v -0.008741 0.457020 -0.083521
v -0.014313 0.456913 -0.091396
v -0.014313 0.457343 -0.091396
v -0.012455 0.457236 -0.088771
v -0.008741 0.457236 -0.083521
v -0.010598 0.457128 -0.086146
v -0.010598 0.457343 -0.086146
v -0.012455 0.456805 -0.088771
v -0.008741 0.456805 -0.083521
v -0.010598 0.456697 -0.086146
v -0.010598 0.456913 -0.086146
v -0.019885 0.456805 -0.099271
v -0.016170 0.456805 -0.094021
v -0.018027 0.456697 -0.096646
v -0.018027 0.456913 -0.096646
v -0.011008 0.457236 -0.109492
v -0.018164 0.457236 -0.104428
v -0.014586 0.457128 -0.106960
v -0.014586 0.457343 -0.106960
v -0.011008 0.456805 -0.109492
v -0.018164 0.456805 -0.104428
v -0.014586 0.456697 -0.106960
v -0.014586 0.456913 -0.106960
v 0.003305 0.456805 -0.119619
v -0.003851 0.456805 -0.114555
v -0.000273 0.456697 -0.117087
v -0.000273 0.456913 -0.117087
v 0.012455 0.457236 -0.114275
v 0.008741 0.457236 -0.119525
v 0.010598 0.457128 -0.116900
v 0.010598 0.457343 -0.116900
v 0.012455 0.456805 -0.114275
v 0.008741 0.456805 -0.119525
v 0.010598 0.456697 -0.116900
v 0.010598 0.456913 -0.116900
v 0.019885 0.456805 -0.103775
v 0.016170 0.456805 -0.109025
v 0.018027 0.456697 -0.106400
v 0.018027 0.456913 -0.106400
v 0.011008 0.457236 -0.093555
v 0.018164 0.457236 -0.098618
v 0.014586 0.457128 -0.096086
v 0.014586 0.457343 -0.096086
v 0.011008 0.456805 -0.093555
v 0.018164 0.456805 -0.098618
v 0.014586 0.456697 -0.096086
v 0.014586 0.456913 -0.096086
v -0.003305 0.456805 -0.083428
v 0.003851 0.456805 -0.088491
v 0.000273 0.456697 -0.085959
v 0.000273 0.456913 -0.085959
v 0.005299 0.456590 -0.109212
v 0.001584 0.456590 -0.114462
v -0.000136 0.456590 -0.109305
v 0.007020 0.456590 -0.114368
v -0.009014 0.456590 -0.099085
v -0.012728 0.456590 -0.104335
v -0.014449 0.456590 -0.099178
v -0.007293 0.456590 -0.104241
v -0.001584 0.456590 -0.088585
v -0.005299 0.456590 -0.093835
v -0.007020 0.456590 -0.088678
v 0.000136 0.456590 -0.093741
v -0.009014 0.457451 -0.099085
v -0.012728 0.457451 -0.104335
v -0.007293 0.457451 -0.104241
v -0.014449 0.457451 -0.099178
v 0.005299 0.457451 -0.109212
v 0.001584 0.457451 -0.114462
v 0.007020 0.457451 -0.114368
v -0.000136 0.457451 -0.109305
v 0.012728 0.457451 -0.098712
v 0.009014 0.457451 -0.103962
v 0.014449 0.457451 -0.103868
v 0.007293 0.457451 -0.098805
v -0.001584 0.457451 -0.088585
v -0.005299 0.457451 -0.093835
v 0.000136 0.457451 -0.093741
v -0.007020 0.457451 -0.088678
v 0.012728 0.456590 -0.098712
v 0.009014 0.456590 -0.103962
v 0.007293 0.456590 -0.098805
v 0.014449 0.456590 -0.103868
v -0.003305 0.457236 -0.083428
v 0.003851 0.457236 -0.088491
v 0.000273 0.457128 -0.085959
v 0.000273 0.457343 -0.085959
v 0.019885 0.457236 -0.103775
v 0.016170 0.457236 -0.109025
v 0.018027 0.457128 -0.106400
v 0.018027 0.457343 -0.106400
v 0.003305 0.457236 -0.119619
v -0.003851 0.457236 -0.114555
v -0.000273 0.457128 -0.117087
v -0.000273 0.457343 -0.117087
v -0.019885 0.457236 -0.099271
v -0.016170 0.457236 -0.094021
v -0.018027 0.457128 -0.096646
v -0.018027 0.457343 -0.096646
v -0.016170 0.457343 -0.094021
v -0.016170 0.457128 -0.094021
v -0.019885 0.457128 -0.099271
v -0.003851 0.457343 -0.114555
v -0.003851 0.457128 -0.114555
v 0.003305 0.457128 -0.119619
v 0.016170 0.457343 -0.109025
v 0.016170 0.457128 -0.109025
v 0.019885 0.457128 -0.103775
v 0.003851 0.457343 -0.088491
v 0.003851 0.457128 -0.088491
v -0.003305 0.457128 -0.083428
v 0.012592 0.456590 -0.106493
v 0.005436 0.456590 -0.101430
v 0.009150 0.456590 -0.096180
v -0.008877 0.457451 -0.091303
v -0.001721 0.457451 -0.096366
v 0.001994 0.457451 -0.091116
v 0.005436 0.457451 -0.101430
v 0.012592 0.457451 -0.106493
v 0.016307 0.457451 -0.101243
v -0.001994 0.457451 -0.111930
v 0.005163 0.457451 -0.116994
v 0.008877 0.457451 -0.111743
v -0.016307 0.457451 -0.101803
v -0.009150 0.457451 -0.106867
v -0.005436 0.457451 -0.101616
v -0.001721 0.456590 -0.096366
v -0.008877 0.456590 -0.091303
v -0.005163 0.456590 -0.086053
v -0.009150 0.456590 -0.106867
v -0.016307 0.456590 -0.101803
v -0.012592 0.456590 -0.096553
v 0.005163 0.456590 -0.116994
v -0.001994 0.456590 -0.111930
v 0.001721 0.456590 -0.106680
v 0.003851 0.456913 -0.088491
v 0.003851 0.456697 -0.088491
v -0.003305 0.456697 -0.083428
v 0.018164 0.456913 -0.098618
v 0.018164 0.456697 -0.098618
v 0.011008 0.456697 -0.093555
v 0.018164 0.457343 -0.098618
v 0.018164 0.457128 -0.098618
v 0.011008 0.457128 -0.093555
v 0.016170 0.456913 -0.109025
v 0.016170 0.456697 -0.109025
v 0.019885 0.456697 -0.103775
v 0.008741 0.456913 -0.119525
v 0.008741 0.456697 -0.119525
v 0.012455 0.456697 -0.114275
v 0.008741 0.457343 -0.119525
v 0.008741 0.457128 -0.119525
v 0.012455 0.457128 -0.114275
v -0.003851 0.456913 -0.114555
v -0.003851 0.456697 -0.114555
v 0.003305 0.456697 -0.119619
v -0.018164 0.456913 -0.104428
v -0.018164 0.456697 -0.104428
v -0.011008 0.456697 -0.109492
v -0.018164 0.457343 -0.104428
v -0.018164 0.457128 -0.104428
v -0.011008 0.457128 -0.109492
v -0.016170 0.456913 -0.094021
v -0.016170 0.456697 -0.094021
v -0.019885 0.456697 -0.099271
v -0.008741 0.456913 -0.083521
v -0.008741 0.456697 -0.083521
v -0.012455 0.456697 -0.088771
v -0.008741 0.457343 -0.083521
v -0.008741 0.457128 -0.083521
v -0.012455 0.457128 -0.088771
v -0.012455 0.457343 -0.088771
v -0.012455 0.456913 -0.088771
v -0.019885 0.456913 -0.099271
v -0.011008 0.457343 -0.109492
v -0.011008 0.456913 -0.109492
v 0.003305 0.456913 -0.119619
v 0.012455 0.457343 -0.114275
v 0.012455 0.456913 -0.114275
v 0.019885 0.456913 -0.103775
v 0.011008 0.457343 -0.093555
v 0.011008 0.456913 -0.093555
v -0.003305 0.456913 -0.083428
v 0.008877 0.456590 -0.111743
v -0.005436 0.456590 -0.101616
v 0.001994 0.456590 -0.091116
v -0.012592 0.457451 -0.096553
v 0.001721 0.457451 -0.106680
v 0.009150 0.457451 -0.096180
v -0.005163 0.457451 -0.086053
v 0.016307 0.456590 -0.101243
v -0.003305 0.457343 -0.083428
v 0.019885 0.457343 -0.103775
v 0.003305 0.457343 -0.119619
v -0.019885 0.457343 -0.099271
v -0.007812 0.456590 -0.082208
v -0.006883 0.457397 -0.080896
v -0.020814 0.457451 -0.100584
v -0.021742 0.456644 -0.101896
v -0.019953 0.456590 -0.103162
v 0.005094 0.457451 -0.120884
v 0.006883 0.456644 -0.122150
v 0.007812 0.456590 -0.120838
v 0.020814 0.457451 -0.102462
v 0.021742 0.456644 -0.101150
v 0.019953 0.456590 -0.099884
v -0.005094 0.457451 -0.082162
v -0.015241 0.456590 -0.092709
v -0.006883 0.456967 -0.080896
v -0.013384 0.457451 -0.090084
v -0.021742 0.457074 -0.101896
v -0.005640 0.456590 -0.113289
v -0.009218 0.457451 -0.110757
v 0.006883 0.457074 -0.122150
v 0.015241 0.456590 -0.110338
v 0.013384 0.457451 -0.112963
v 0.021742 0.457074 -0.101150
v 0.005640 0.456590 -0.089757
v 0.009218 0.457451 -0.092289
v 0.006501 0.457451 -0.092335
v -0.000929 0.457451 -0.102836
v 0.012524 0.457451 -0.110384
v -0.001789 0.457451 -0.100257
v 0.006501 0.456590 -0.092335
v -0.000929 0.456590 -0.102836
v -0.012524 0.456590 -0.092662
v 0.001789 0.456590 -0.102789
v -0.005094 0.457020 -0.082162
v 0.009218 0.457020 -0.092289
v 0.007429 0.456644 -0.091023
v 0.007429 0.457074 -0.091023
v 0.020814 0.457020 -0.102462
v 0.013384 0.457020 -0.112963
v 0.014313 0.456644 -0.111650
v 0.014313 0.457074 -0.111650
v 0.005094 0.457020 -0.120884
v -0.009218 0.457020 -0.110757
v -0.007429 0.456644 -0.112023
v -0.007429 0.457074 -0.112023
v -0.020814 0.457020 -0.100584
v -0.013384 0.457020 -0.090084
v -0.014313 0.456644 -0.091396
v -0.014313 0.457074 -0.091396
v -0.011527 0.456590 -0.087459
v -0.006883 0.457182 -0.080896
v -0.017099 0.457451 -0.095334
v -0.021742 0.456859 -0.101896
v -0.012797 0.456590 -0.108226
v -0.002062 0.457451 -0.115821
v 0.006883 0.456859 -0.122150
v 0.011527 0.456590 -0.115588
v 0.017099 0.457451 -0.107713
v 0.021742 0.456859 -0.101150
v 0.012797 0.456590 -0.094821
v 0.002062 0.457451 -0.087225
v -0.018956 0.456590 -0.097959
v -0.006883 0.456751 -0.080896
v -0.009669 0.457451 -0.084834
v -0.021742 0.457289 -0.101896
v 0.001516 0.456590 -0.118353
v -0.016375 0.457451 -0.105694
v 0.006883 0.457289 -0.122150
v 0.018956 0.456590 -0.105088
v 0.009669 0.457451 -0.118213
v 0.021742 0.457289 -0.101150
v -0.001516 0.456590 -0.084694
v 0.016375 0.457451 -0.097352
v 0.002786 0.457451 -0.097586
v -0.004643 0.457451 -0.108086
v 0.005367 0.457451 -0.105321
v -0.008946 0.457451 -0.095194
v 0.002786 0.456590 -0.097586
v -0.004643 0.456590 -0.108086
v -0.005367 0.456590 -0.097726
v 0.008946 0.456590 -0.107853
v 0.002062 0.457020 -0.087225
v 0.016375 0.457020 -0.097352
v 0.007429 0.456859 -0.091023
v 0.007429 0.457289 -0.091023
v 0.017099 0.457020 -0.107713
v 0.009669 0.457020 -0.118213
v 0.014313 0.456859 -0.111650
v 0.014313 0.457289 -0.111650
v -0.002062 0.457020 -0.115821
v -0.016375 0.457020 -0.105694
v -0.007429 0.456859 -0.112023
v -0.007429 0.457289 -0.112023
v -0.017099 0.457020 -0.095334
v -0.009669 0.457020 -0.084834
v -0.014313 0.456859 -0.091396
v -0.014313 0.457289 -0.091396
v -0.013384 0.457236 -0.090084
v -0.009669 0.457236 -0.084834
v -0.010598 0.457074 -0.086146
v -0.010598 0.457289 -0.086146
v -0.013384 0.456805 -0.090084
v -0.009669 0.456805 -0.084834
v -0.010598 0.456644 -0.086146
v -0.010598 0.456859 -0.086146
v -0.020814 0.456805 -0.100584
v -0.017099 0.456805 -0.095334
v -0.018027 0.456644 -0.096646
v -0.018027 0.456859 -0.096646
v -0.009218 0.457236 -0.110757
v -0.016375 0.457236 -0.105694
v -0.014586 0.457074 -0.106960
v -0.014586 0.457289 -0.106960
v -0.009218 0.456805 -0.110757
v -0.016375 0.456805 -0.105694
v -0.014586 0.456644 -0.106960
v -0.014586 0.456859 -0.106960
v 0.005094 0.456805 -0.120884
v -0.002062 0.456805 -0.115821
v -0.000273 0.456644 -0.117087
v -0.000273 0.456859 -0.117087
v 0.013384 0.457236 -0.112963
v 0.009669 0.457236 -0.118213
v 0.010598 0.457074 -0.116900
v 0.010598 0.457289 -0.116900
v 0.013384 0.456805 -0.112963
v 0.009669 0.456805 -0.118213
v 0.010598 0.456644 -0.116900
v 0.010598 0.456859 -0.116900
v 0.020814 0.456805 -0.102462
v 0.017099 0.456805 -0.107713
v 0.018027 0.456644 -0.106400
v 0.018027 0.456859 -0.106400
v 0.009218 0.457236 -0.092289
v 0.016375 0.457236 -0.097352
v 0.014586 0.457074 -0.096086
v 0.014586 0.457289 -0.096086
v 0.009218 0.456805 -0.092289
v 0.016375 0.456805 -0.097352
v 0.014586 0.456644 -0.096086
v 0.014586 0.456859 -0.096086
v -0.005094 0.456805 -0.082162
v 0.002062 0.456805 -0.087225
v 0.000273 0.456644 -0.085959
v 0.000273 0.456859 -0.085959
v 0.006228 0.456590 -0.107899
v 0.002513 0.456590 -0.113149
v -0.001926 0.456590 -0.108039
v 0.005231 0.456590 -0.113103
v -0.008085 0.456590 -0.097772
v -0.011800 0.456590 -0.103022
v -0.016238 0.456590 -0.097912
v -0.009082 0.456590 -0.102976
v -0.000656 0.456590 -0.087272
v -0.004370 0.456590 -0.092522
v -0.008809 0.456590 -0.087412
v -0.001653 0.456590 -0.092475
v -0.008085 0.457451 -0.097772
v -0.011800 0.457451 -0.103022
v -0.005504 0.457451 -0.105507
v -0.012660 0.457451 -0.100444
v 0.006228 0.457451 -0.107899
v 0.002513 0.457451 -0.113149
v 0.008809 0.457451 -0.115634
v 0.001653 0.457451 -0.110571
v 0.013657 0.457451 -0.097399
v 0.009942 0.457451 -0.102649
v 0.016238 0.457451 -0.105134
v 0.009082 0.457451 -0.100071
v -0.000656 0.457451 -0.087272
v -0.004370 0.457451 -0.092522
v 0.001926 0.457451 -0.095007
v -0.005231 0.457451 -0.089944
v 0.013657 0.456590 -0.097399
v 0.009942 0.456590 -0.102649
v 0.005504 0.456590 -0.097539
v 0.012660 0.456590 -0.102602
v -0.005094 0.457236 -0.082162
v 0.002062 0.457236 -0.087225
v 0.000273 0.457074 -0.085959
v 0.000273 0.457289 -0.085959
v 0.020814 0.457236 -0.102462
v 0.017099 0.457236 -0.107713
v 0.018027 0.457074 -0.106400
v 0.018027 0.457289 -0.106400
v 0.005094 0.457236 -0.120884
v -0.002062 0.457236 -0.115821
v -0.000273 0.457074 -0.117087
v -0.000273 0.457289 -0.117087
v -0.020814 0.457236 -0.100584
v -0.017099 0.457236 -0.095334
v -0.018027 0.457074 -0.096646
v -0.018027 0.457289 -0.096646
v -0.009669 0.456590 -0.084834
v -0.006883 0.457289 -0.080896
v -0.018956 0.457451 -0.097959
v -0.021742 0.456751 -0.101896
v -0.016375 0.456590 -0.105694
v 0.001516 0.457451 -0.118353
v 0.006883 0.456751 -0.122150
v 0.009669 0.456590 -0.118213
v 0.018956 0.457451 -0.105088
v 0.021742 0.456751 -0.101150
v 0.016375 0.456590 -0.097352
v -0.001516 0.457451 -0.084694
v -0.017099 0.456590 -0.095334
v -0.006883 0.456859 -0.080896
v -0.011527 0.457451 -0.087459
v -0.021742 0.457182 -0.101896
v -0.002062 0.456590 -0.115821
v -0.012797 0.457451 -0.108226
v 0.006883 0.457182 -0.122150
v 0.017099 0.456590 -0.107713
v 0.011527 0.457451 -0.115588
v 0.021742 0.457182 -0.101150
v 0.002062 0.456590 -0.087225
v 0.012797 0.457451 -0.094821
v 0.004643 0.457451 -0.094961
v -0.002786 0.457451 -0.105461
v 0.008946 0.457451 -0.107853
v -0.005367 0.457451 -0.097726
v 0.004643 0.456590 -0.094961
v -0.002786 0.456590 -0.105461
v -0.008946 0.456590 -0.095194
v 0.005367 0.456590 -0.105321
v -0.001516 0.457020 -0.084694
v 0.012797 0.457020 -0.094821
v 0.007429 0.456751 -0.091023
v 0.007429 0.457182 -0.091023
v 0.018956 0.457020 -0.105088
v 0.011527 0.457020 -0.115588
v 0.014313 0.456751 -0.111650
v 0.014313 0.457182 -0.111650
v 0.001516 0.457020 -0.118353
v -0.012797 0.457020 -0.108226
v -0.007429 0.456751 -0.112023
v -0.007429 0.457182 -0.112023
v -0.018956 0.457020 -0.097959
v -0.011527 0.457020 -0.087459
v -0.014313 0.456751 -0.091396
v -0.014313 0.457182 -0.091396
v -0.013384 0.456590 -0.090084
v -0.006883 0.457074 -0.080896
v -0.015241 0.457451 -0.092709
v -0.021742 0.456967 -0.101896
v -0.009218 0.456590 -0.110757
v -0.005640 0.457451 -0.113289
v 0.006883 0.456967 -0.122150
v 0.013384 0.456590 -0.112963
v 0.015241 0.457451 -0.110338
v 0.021742 0.456967 -0.101150
v 0.009218 0.456590 -0.092289
v 0.005640 0.457451 -0.089757
v -0.020814 0.456590 -0.100584
v -0.006883 0.456644 -0.080896
v -0.007812 0.457451 -0.082208
v -0.021742 0.457397 -0.101896
v 0.005094 0.456590 -0.120884
v -0.019953 0.457451 -0.103162
v 0.006883 0.457397 -0.122150
v 0.020814 0.456590 -0.102462
v 0.007812 0.457451 -0.120838
v 0.021742 0.457397 -0.101150
v -0.005094 0.456590 -0.082162
v 0.019953 0.457451 -0.099884
v 0.000929 0.457451 -0.100211
v -0.006501 0.457451 -0.110711
v 0.001789 0.457451 -0.102789
v -0.012524 0.457451 -0.092662
v 0.000929 0.456590 -0.100211
v -0.006501 0.456590 -0.110711
v -0.001789 0.456590 -0.100257
v 0.012524 0.456590 -0.110384
v 0.005640 0.457020 -0.089757
v 0.019953 0.457020 -0.099884
v 0.007429 0.456967 -0.091023
v 0.007429 0.457397 -0.091023
v 0.015241 0.457020 -0.110338
v 0.007812 0.457020 -0.120838
v 0.014313 0.456967 -0.111650
v 0.014313 0.457397 -0.111650
v -0.005640 0.457020 -0.113289
v -0.019953 0.457020 -0.103162
v -0.007429 0.456967 -0.112023
v -0.007429 0.457397 -0.112023
v -0.015241 0.457020 -0.092709
v -0.007812 0.457020 -0.082208
v -0.014313 0.456967 -0.091396
v -0.014313 0.457397 -0.091396
v -0.011527 0.457236 -0.087459
v -0.007812 0.457236 -0.082208
v -0.010598 0.457182 -0.086146
v -0.010598 0.457397 -0.086146
v -0.011527 0.456805 -0.087459
v -0.007812 0.456805 -0.082208
v -0.010598 0.456751 -0.086146
v -0.010598 0.456967 -0.086146
v -0.018956 0.456805 -0.097959
v -0.015241 0.456805 -0.092709
v -0.018027 0.456751 -0.096646
v -0.018027 0.456967 -0.096646
v -0.012797 0.457236 -0.108226
v -0.019953 0.457236 -0.103162
v -0.014586 0.457182 -0.106960
v -0.014586 0.457397 -0.106960
v -0.012797 0.456805 -0.108226
v -0.019953 0.456805 -0.103162
v -0.014586 0.456751 -0.106960
v -0.014586 0.456967 -0.106960
v 0.001516 0.456805 -0.118353
v -0.005640 0.456805 -0.113289
v -0.000273 0.456751 -0.117087
v -0.000273 0.456967 -0.117087
v 0.011527 0.457236 -0.115588
v 0.007812 0.457236 -0.120838
v 0.010598 0.457182 -0.116900
v 0.010598 0.457397 -0.116900
v 0.011527 0.456805 -0.115588
v 0.007812 0.456805 -0.120838
v 0.010598 0.456751 -0.116900
v 0.010598 0.456967 -0.116900
v 0.018956 0.456805 -0.105088
v 0.015241 0.456805 -0.110338
v 0.018027 0.456751 -0.106400
v 0.018027 0.456967 -0.106400
v 0.012797 0.457236 -0.094821
v 0.019953 0.457236 -0.099884
v 0.014586 0.457182 -0.096086
v 0.014586 0.457397 -0.096086
v 0.012797 0.456805 -0.094821
v 0.019953 0.456805 -0.099884
v 0.014586 0.456751 -0.096086
v 0.014586 0.456967 -0.096086
v -0.001516 0.456805 -0.084694
v 0.005640 0.456805 -0.089757
v 0.000273 0.456751 -0.085959
v 0.000273 0.456967 -0.085959
v 0.004370 0.456590 -0.110524
v 0.000656 0.456590 -0.115774
v 0.001653 0.456590 -0.110571
v 0.008809 0.456590 -0.115634
v -0.009942 0.456590 -0.100397
v -0.013657 0.456590 -0.105647
v -0.012660 0.456590 -0.100444
v -0.005504 0.456590 -0.105507
v -0.002513 0.456590 -0.089897
v -0.006228 0.456590 -0.095147
v -0.005231 0.456590 -0.089944
v 0.001926 0.456590 -0.095007
v -0.009942 0.457451 -0.100397
v -0.013657 0.457451 -0.105647
v -0.009082 0.457451 -0.102976
v -0.016238 0.457451 -0.097912
v 0.004370 0.457451 -0.110524
v 0.000656 0.457451 -0.115774
v 0.005231 0.457451 -0.113103
v -0.001926 0.457451 -0.108039
v 0.011800 0.457451 -0.100024
v 0.008085 0.457451 -0.105274
v 0.012660 0.457451 -0.102602
v 0.005504 0.457451 -0.097539
v -0.002513 0.457451 -0.089897
v -0.006228 0.457451 -0.095147
v -0.001653 0.457451 -0.092475
v -0.008809 0.457451 -0.087412
v 0.011800 0.456590 -0.100024
v 0.008085 0.456590 -0.105274
v 0.009082 0.456590 -0.100071
v 0.016238 0.456590 -0.105134
v -0.001516 0.457236 -0.084694
v 0.005640 0.457236 -0.089757
v 0.000273 0.457182 -0.085959
v 0.000273 0.457397 -0.085959
v 0.018956 0.457236 -0.105088
v 0.015241 0.457236 -0.110338
v 0.018027 0.457182 -0.106400
v 0.018027 0.457397 -0.106400
v 0.001516 0.457236 -0.118353
v -0.005640 0.457236 -0.113289
v -0.000273 0.457182 -0.117087
v -0.000273 0.457397 -0.117087
v -0.018956 0.457236 -0.097959
v -0.015241 0.457236 -0.092709
v -0.018027 0.457182 -0.096646
v -0.018027 0.457397 -0.096646
v -0.017099 0.457343 -0.095334
v -0.015241 0.457343 -0.092709
v -0.016170 0.457289 -0.094021
v -0.016170 0.457397 -0.094021
v -0.017099 0.457128 -0.095334
v -0.015241 0.457128 -0.092709
v -0.016170 0.457074 -0.094021
v -0.016170 0.457182 -0.094021
v -0.020814 0.457128 -0.100584
v -0.018956 0.457128 -0.097959
v -0.019885 0.457074 -0.099271
v -0.019885 0.457182 -0.099271
v -0.002062 0.457343 -0.115821
v -0.005640 0.457343 -0.113289
v -0.003851 0.457289 -0.114555
v -0.003851 0.457397 -0.114555
v -0.002062 0.457128 -0.115821
v -0.005640 0.457128 -0.113289
v -0.003851 0.457074 -0.114555
v -0.003851 0.457182 -0.114555
v 0.005094 0.457128 -0.120884
v 0.001516 0.457128 -0.118353
v 0.003305 0.457074 -0.119619
v 0.003305 0.457182 -0.119619
v 0.017099 0.457343 -0.107713
v 0.015241 0.457343 -0.110338
v 0.016170 0.457289 -0.109025
v 0.016170 0.457397 -0.109025
v 0.017099 0.457128 -0.107713
v 0.015241 0.457128 -0.110338
v 0.016170 0.457074 -0.109025
v 0.016170 0.457182 -0.109025
v 0.020814 0.457128 -0.102462
v 0.018956 0.457128 -0.105088
v 0.019885 0.457074 -0.103775
v 0.019885 0.457182 -0.103775
v 0.002062 0.457343 -0.087225
v 0.005640 0.457343 -0.089757
v 0.003851 0.457289 -0.088491
v 0.003851 0.457397 -0.088491
v 0.002062 0.457128 -0.087225
v 0.005640 0.457128 -0.089757
v 0.003851 0.457074 -0.088491
v 0.003851 0.457182 -0.088491
v -0.005094 0.457128 -0.082162
v -0.001516 0.457128 -0.084694
v -0.003305 0.457074 -0.083428
v -0.003305 0.457182 -0.083428
v 0.013521 0.456590 -0.105181
v 0.011663 0.456590 -0.107806
v 0.010803 0.456590 -0.105227
v 0.014381 0.456590 -0.107759
v 0.006364 0.456590 -0.100117
v 0.004507 0.456590 -0.102742
v 0.003646 0.456590 -0.100164
v 0.007225 0.456590 -0.102696
v 0.010079 0.456590 -0.094867
v 0.008222 0.456590 -0.097492
v 0.007361 0.456590 -0.094914
v 0.010939 0.456590 -0.097446
v -0.007949 0.457451 -0.089990
v -0.009806 0.457451 -0.092615
v -0.007088 0.457451 -0.092569
v -0.010666 0.457451 -0.090037
v -0.000792 0.457451 -0.095054
v -0.002650 0.457451 -0.097679
v 0.000068 0.457451 -0.097632
v -0.003510 0.457451 -0.095100
v 0.002923 0.457451 -0.089804
v 0.001065 0.457451 -0.092429
v 0.003783 0.457451 -0.092382
v 0.000205 0.457451 -0.089850
v 0.006364 0.457451 -0.100117
v 0.004507 0.457451 -0.102742
v 0.007225 0.457451 -0.102696
v 0.003646 0.457451 -0.100164
v 0.013521 0.457451 -0.105181
v 0.011663 0.457451 -0.107806
v 0.014381 0.457451 -0.107759
v 0.010803 0.457451 -0.105227
v 0.017235 0.457451 -0.099931
v 0.015378 0.457451 -0.102556
v 0.018096 0.457451 -0.102509
v 0.014518 0.457451 -0.099977
v -0.001065 0.457451 -0.110618
v -0.002923 0.457451 -0.113243
v -0.000205 0.457451 -0.113196
v -0.003783 0.457451 -0.110664
v 0.006091 0.457451 -0.115681
v 0.004234 0.457451 -0.118306
v 0.006952 0.457451 -0.118259
v 0.003373 0.457451 -0.115728
v 0.009806 0.457451 -0.110431
v 0.007949 0.457451 -0.113056
v 0.010666 0.457451 -0.113009
v 0.007088 0.457451 -0.110478
v -0.015378 0.457451 -0.100491
v -0.017235 0.457451 -0.103116
v -0.014518 0.457451 -0.103069
v -0.018096 0.457451 -0.100537
v -0.008222 0.457451 -0.105554
v -0.010079 0.457451 -0.108179
v -0.007361 0.457451 -0.108132
v -0.010939 0.457451 -0.105601
v -0.004507 0.457451 -0.100304
v -0.006364 0.457451 -0.102929
v -0.003646 0.457451 -0.102882
v -0.007225 0.457451 -0.100351
v -0.000792 0.456590 -0.095054
v -0.002650 0.456590 -0.097679
v -0.003510 0.456590 -0.095100
v 0.000068 0.456590 -0.097632
v -0.007949 0.456590 -0.089990
v -0.009806 0.456590 -0.092615
v -0.010666 0.456590 -0.090037
v -0.007088 0.456590 -0.092569
v -0.004234 0.456590 -0.084740
v -0.006091 0.456590 -0.087365
v -0.006952 0.456590 -0.084787
v -0.003373 0.456590 -0.087319
v -0.008222 0.456590 -0.105554
v -0.010079 0.456590 -0.108179
v -0.010939 0.456590 -0.105601
v -0.007361 0.456590 -0.108132
v -0.015378 0.456590 -0.100491
v -0.017235 0.456590 -0.103116
v -0.018096 0.456590 -0.100537
v -0.014518 0.456590 -0.103069
v -0.011663 0.456590 -0.095240
v -0.013521 0.456590 -0.097865
v -0.014381 0.456590 -0.095287
v -0.010803 0.456590 -0.097819
v 0.006091 0.456590 -0.115681
v 0.004234 0.456590 -0.118306
v 0.003373 0.456590 -0.115728
v 0.006952 0.456590 -0.118259
v -0.001065 0.456590 -0.110618
v -0.002923 0.456590 -0.113243
v -0.003783 0.456590 -0.110664
v -0.000205 0.456590 -0.113196
v 0.002650 0.456590 -0.105367
v 0.000792 0.456590 -0.107992
v -0.000068 0.456590 -0.105414
v 0.003510 0.456590 -0.107946
v 0.002062 0.456913 -0.087225
v 0.005640 0.456913 -0.089757
v 0.003851 0.456859 -0.088491
v 0.003851 0.456967 -0.088491
v 0.002062 0.456697 -0.087225
v 0.005640 0.456697 -0.089757
v 0.003851 0.456644 -0.088491
v 0.003851 0.456751 -0.088491
v -0.005094 0.456697 -0.082162
v -0.001516 0.456697 -0.084694
v -0.003305 0.456644 -0.083428
v -0.003305 0.456751 -0.083428
v 0.016375 0.456913 -0.097352
v 0.019953 0.456913 -0.099884
v 0.018164 0.456859 -0.098618
v 0.018164 0.456967 -0.098618
v 0.016375 0.456697 -0.097352
v 0.019953 0.456697 -0.099884
v 0.018164 0.456644 -0.098618
v 0.018164 0.456751 -0.098618
v 0.009218 0.456697 -0.092289
v 0.012797 0.456697 -0.094821
v 0.011008 0.456644 -0.093555
v 0.011008 0.456751 -0.093555
v 0.016375 0.457343 -0.097352
v 0.019953 0.457343 -0.099884
v 0.018164 0.457289 -0.098618
v 0.018164 0.457397 -0.098618
v 0.016375 0.457128 -0.097352
v 0.019953 0.457128 -0.099884
v 0.018164 0.457074 -0.098618
v 0.018164 0.457182 -0.098618
v 0.009218 0.457128 -0.092289
v 0.012797 0.457128 -0.094821
v 0.011008 0.457074 -0.093555
v 0.011008 0.457182 -0.093555
v 0.017099 0.456913 -0.107713
v 0.015241 0.456913 -0.110338
v 0.016170 0.456859 -0.109025
v 0.016170 0.456967 -0.109025
v 0.017099 0.456697 -0.107713
v 0.015241 0.456697 -0.110338
v 0.016170 0.456644 -0.109025
v 0.016170 0.456751 -0.109025
v 0.020814 0.456697 -0.102462
v 0.018956 0.456697 -0.105088
v 0.019885 0.456644 -0.103775
v 0.019885 0.456751 -0.103775
v 0.009669 0.456913 -0.118213
v 0.007812 0.456913 -0.120838
v 0.008741 0.456859 -0.119525
v 0.008741 0.456967 -0.119525
v 0.009669 0.456697 -0.118213
v 0.007812 0.456697 -0.120838
v 0.008741 0.456644 -0.119525
v 0.008741 0.456751 -0.119525
v 0.013384 0.456697 -0.112963
v 0.011527 0.456697 -0.115588
v 0.012455 0.456644 -0.114275
v 0.012455 0.456751 -0.114275
v 0.009669 0.457343 -0.118213
v 0.007812 0.457343 -0.120838
v 0.008741 0.457289 -0.119525
v 0.008741 0.457397 -0.119525
v 0.009669 0.457128 -0.118213
v 0.007812 0.457128 -0.120838
v 0.008741 0.457074 -0.119525
v 0.008741 0.457182 -0.119525
v 0.013384 0.457128 -0.112963
v 0.011527 0.457128 -0.115588
v 0.012455 0.457074 -0.114275
v 0.012455 0.457182 -0.114275
v -0.002062 0.456913 -0.115821
v -0.005640 0.456913 -0.113289
v -0.003851 0.456859 -0.114555
v -0.003851 0.456967 -0.114555
v -0.002062 0.456697 -0.115821
v -0.005640 0.456697 -0.113289
v -0.003851 0.456644 -0.114555
v -0.003851 0.456751 -0.114555
v 0.005094 0.456697 -0.120884
v 0.001516 0.456697 -0.118353
v 0.003305 0.456644 -0.119619
v 0.003305 0.456751 -0.119619
v -0.016375 0.456913 -0.105694
v -0.019953 0.456913 -0.103162
v -0.018164 0.456859 -0.104428
v -0.018164 0.456967 -0.104428
v -0.016375 0.456697 -0.105694
v -0.019953 0.456697 -0.103162
v -0.018164 0.456644 -0.104428
v -0.018164 0.456751 -0.104428
v -0.009218 0.456697 -0.110757
v -0.012797 0.456697 -0.108226
v -0.011008 0.456644 -0.109492
v -0.011008 0.456751 -0.109492
v -0.016375 0.457343 -0.105694
v -0.019953 0.457343 -0.103162
v -0.018164 0.457289 -0.104428
v -0.018164 0.457397 -0.104428
v -0.016375 0.457128 -0.105694
v -0.019953 0.457128 -0.103162
v -0.018164 0.457074 -0.104428
v -0.018164 0.457182 -0.104428
v -0.009218 0.457128 -0.110757
v -0.012797 0.457128 -0.108226
v -0.011008 0.457074 -0.109492
v -0.011008 0.457182 -0.109492
v -0.017099 0.456913 -0.095334
v -0.015241 0.456913 -0.092709
v -0.016170 0.456859 -0.094021
v -0.016170 0.456967 -0.094021
v -0.017099 0.456697 -0.095334
v -0.015241 0.456697 -0.092709
v -0.016170 0.456644 -0.094021
v -0.016170 0.456751 -0.094021
v -0.020814 0.456697 -0.100584
v -0.018956 0.456697 -0.097959
v -0.019885 0.456644 -0.099271
v -0.019885 0.456751 -0.099271
v -0.009669 0.456913 -0.084834
v -0.007812 0.456913 -0.082208
v -0.008741 0.456859 -0.083521
v -0.008741 0.456967 -0.083521
v -0.009669 0.456697 -0.084834
v -0.007812 0.456697 -0.082208
v -0.008741 0.456644 -0.083521
v -0.008741 0.456751 -0.083521
v -0.013384 0.456697 -0.090084
v -0.011527 0.456697 -0.087459
v -0.012455 0.456644 -0.088771
v -0.012455 0.456751 -0.088771
v -0.009669 0.457343 -0.084834
v -0.007812 0.457343 -0.082208
v -0.008741 0.457289 -0.083521
v -0.008741 0.457397 -0.083521
v -0.009669 0.457128 -0.084834
v -0.007812 0.457128 -0.082208
v -0.008741 0.457074 -0.083521
v -0.008741 0.457182 -0.083521
v -0.013384 0.457128 -0.090084
v -0.011527 0.457128 -0.087459
v -0.012455 0.457074 -0.088771
v -0.012455 0.457182 -0.088771
v -0.013384 0.457343 -0.090084
v -0.011527 0.457343 -0.087459
v -0.012455 0.457289 -0.088771
v -0.012455 0.457397 -0.088771
v -0.013384 0.456913 -0.090084
v -0.011527 0.456913 -0.087459
v -0.012455 0.456859 -0.088771
v -0.012455 0.456967 -0.088771
v -0.020814 0.456913 -0.100584
v -0.018956 0.456913 -0.097959
v -0.019885 0.456859 -0.099271
v -0.019885 0.456967 -0.099271
v -0.009218 0.457343 -0.110757
v -0.012797 0.457343 -0.108226
v -0.011008 0.457289 -0.109492
v -0.011008 0.457397 -0.109492
v -0.009218 0.456913 -0.110757
v -0.012797 0.456913 -0.108226
v -0.011008 0.456859 -0.109492
v -0.011008 0.456967 -0.109492
v 0.005094 0.456913 -0.120884
v 0.001516 0.456913 -0.118353
v 0.003305 0.456859 -0.119619
v 0.003305 0.456967 -0.119619
v 0.013384 0.457343 -0.112963
v 0.011527 0.457343 -0.115588
v 0.012455 0.457289 -0.114275
v 0.012455 0.457397 -0.114275
v 0.013384 0.456913 -0.112963
v 0.011527 0.456913 -0.115588
v 0.012455 0.456859 -0.114275
v 0.012455 0.456967 -0.114275
v 0.020814 0.456913 -0.102462
v 0.018956 0.456913 -0.105088
v 0.019885 0.456859 -0.103775
v 0.019885 0.456967 -0.103775
v 0.009218 0.457343 -0.092289
v 0.012797 0.457343 -0.094821
v 0.011008 0.457289 -0.093555
v 0.011008 0.457397 -0.093555
v 0.009218 0.456913 -0.092289
v 0.012797 0.456913 -0.094821
v 0.011008 0.456859 -0.093555
v 0.011008 0.456967 -0.093555
v -0.005094 0.456913 -0.082162
v -0.001516 0.456913 -0.084694
v -0.003305 0.456859 -0.083428
v -0.003305 0.456967 -0.083428
v 0.009806 0.456590 -0.110431
v 0.007949 0.456590 -0.113056
v 0.007088 0.456590 -0.110478
v 0.010666 0.456590 -0.113009
v -0.004507 0.456590 -0.100304
v -0.006364 0.456590 -0.102929
v -0.007225 0.456590 -0.100351
v -0.003646 0.456590 -0.102882
v 0.002923 0.456590 -0.089804
v 0.001065 0.456590 -0.092429
v 0.000205 0.456590 -0.089850
v 0.003783 0.456590 -0.092382
v -0.011663 0.457451 -0.095240
v -0.013521 0.457451 -0.097865
v -0.010803 0.457451 -0.097819
v -0.014381 0.457451 -0.095287
v 0.002650 0.457451 -0.105367
v 0.000792 0.457451 -0.107992
v 0.003510 0.457451 -0.107946
v -0.000068 0.457451 -0.105414
v 0.010079 0.457451 -0.094867
v 0.008222 0.457451 -0.097492
v 0.010939 0.457451 -0.097446
v 0.007361 0.457451 -0.094914
v -0.004234 0.457451 -0.084740
v -0.006091 0.457451 -0.087365
v -0.003373 0.457451 -0.087319
v -0.006952 0.457451 -0.084787
v 0.017235 0.456590 -0.099931
v 0.015378 0.456590 -0.102556
v 0.014518 0.456590 -0.099977
v 0.018096 0.456590 -0.102509
v -0.005094 0.457343 -0.082162
v -0.001516 0.457343 -0.084694
v -0.003305 0.457289 -0.083428
v -0.003305 0.457397 -0.083428
v 0.020814 0.457343 -0.102462
v 0.018956 0.457343 -0.105088
v 0.019885 0.457289 -0.103775
v 0.019885 0.457397 -0.103775
v 0.005094 0.457343 -0.120884
v 0.001516 0.457343 -0.118353
v 0.003305 0.457289 -0.119619
v 0.003305 0.457397 -0.119619
v -0.020814 0.457343 -0.100584
v -0.018956 0.457343 -0.097959
v -0.019885 0.457289 -0.099271
v -0.019885 0.457397 -0.099271
v -0.018956 0.457397 -0.097959
v -0.018956 0.457289 -0.097959
v -0.020814 0.457289 -0.100584
v 0.001516 0.457397 -0.118353
v 0.001516 0.457289 -0.118353
v 0.005094 0.457289 -0.120884
v 0.018956 0.457397 -0.105088
v 0.018956 0.457289 -0.105088
v 0.020814 0.457289 -0.102462
v -0.001516 0.457397 -0.084694
v -0.001516 0.457289 -0.084694
v -0.005094 0.457289 -0.082162
v 0.017167 0.456590 -0.103822
v 0.013589 0.456590 -0.101290
v 0.015446 0.456590 -0.098665
v -0.007880 0.457451 -0.086099
v -0.004302 0.457451 -0.088631
v -0.002445 0.457451 -0.086006
v 0.006432 0.457451 -0.096226
v 0.010011 0.457451 -0.098758
v 0.011868 0.457451 -0.096133
v -0.000997 0.457451 -0.106727
v 0.002581 0.457451 -0.109258
v 0.004439 0.457451 -0.106633
v -0.015310 0.457451 -0.096600
v -0.011732 0.457451 -0.099131
v -0.009874 0.457451 -0.096506
v 0.002854 0.456590 -0.093695
v -0.000724 0.456590 -0.091163
v 0.001133 0.456590 -0.088538
v -0.004575 0.456590 -0.104195
v -0.008153 0.456590 -0.101663
v -0.006296 0.456590 -0.099038
v 0.009738 0.456590 -0.114322
v 0.006159 0.456590 -0.111790
v 0.008017 0.456590 -0.109165
v -0.001516 0.456967 -0.084694
v -0.001516 0.456859 -0.084694
v -0.005094 0.456859 -0.082162
v 0.012797 0.456967 -0.094821
v 0.012797 0.456859 -0.094821
v 0.009218 0.456859 -0.092289
v 0.012797 0.457397 -0.094821
v 0.012797 0.457289 -0.094821
v 0.009218 0.457289 -0.092289
v 0.018956 0.456967 -0.105088
v 0.018956 0.456859 -0.105088
v 0.020814 0.456859 -0.102462
v 0.011527 0.456967 -0.115588
v 0.011527 0.456859 -0.115588
v 0.013384 0.456859 -0.112963
v 0.011527 0.457397 -0.115588
v 0.011527 0.457289 -0.115588
v 0.013384 0.457289 -0.112963
v 0.001516 0.456967 -0.118353
v 0.001516 0.456859 -0.118353
v 0.005094 0.456859 -0.120884
v -0.012797 0.456967 -0.108226
v -0.012797 0.456859 -0.108226
v -0.009218 0.456859 -0.110757
v -0.012797 0.457397 -0.108226
v -0.012797 0.457289 -0.108226
v -0.009218 0.457289 -0.110757
v -0.018956 0.456967 -0.097959
v -0.018956 0.456859 -0.097959
v -0.020814 0.456859 -0.100584
v -0.011527 0.456967 -0.087459
v -0.011527 0.456859 -0.087459
v -0.013384 0.456859 -0.090084
v -0.011527 0.457397 -0.087459
v -0.011527 0.457289 -0.087459
v -0.013384 0.457289 -0.090084
v -0.011527 0.457182 -0.087459
v -0.011527 0.457074 -0.087459
v -0.013384 0.457074 -0.090084
v -0.007812 0.457182 -0.082208
v -0.007812 0.457074 -0.082208
v -0.009669 0.457074 -0.084834
v -0.007812 0.457397 -0.082208
v -0.007812 0.457289 -0.082208
v -0.009669 0.457289 -0.084834
v -0.011527 0.456751 -0.087459
v -0.011527 0.456644 -0.087459
v -0.013384 0.456644 -0.090084
v -0.007812 0.456751 -0.082208
v -0.007812 0.456644 -0.082208
v -0.009669 0.456644 -0.084834
v -0.007812 0.456967 -0.082208
v -0.007812 0.456859 -0.082208
v -0.009669 0.456859 -0.084834
v -0.018956 0.456751 -0.097959
v -0.018956 0.456644 -0.097959
v -0.020814 0.456644 -0.100584
v -0.015241 0.456751 -0.092709
v -0.015241 0.456644 -0.092709
v -0.017099 0.456644 -0.095334
v -0.015241 0.456967 -0.092709
v -0.015241 0.456859 -0.092709
v -0.017099 0.456859 -0.095334
v -0.012797 0.457182 -0.108226
v -0.012797 0.457074 -0.108226
v -0.009218 0.457074 -0.110757
v -0.019953 0.457182 -0.103162
v -0.019953 0.457074 -0.103162
v -0.016375 0.457074 -0.105694
v -0.019953 0.457397 -0.103162
v -0.019953 0.457289 -0.103162
v -0.016375 0.457289 -0.105694
v -0.012797 0.456751 -0.108226
v -0.012797 0.456644 -0.108226
v -0.009218 0.456644 -0.110757
v -0.019953 0.456751 -0.103162
v -0.019953 0.456644 -0.103162
v -0.016375 0.456644 -0.105694
v -0.019953 0.456967 -0.103162
v -0.019953 0.456859 -0.103162
v -0.016375 0.456859 -0.105694
v 0.001516 0.456751 -0.118353
v 0.001516 0.456644 -0.118353
v 0.005094 0.456644 -0.120884
v -0.005640 0.456751 -0.113289
v -0.005640 0.456644 -0.113289
v -0.002062 0.456644 -0.115821
v -0.005640 0.456967 -0.113289
v -0.005640 0.456859 -0.113289
v -0.002062 0.456859 -0.115821
v 0.011527 0.457182 -0.115588
v 0.011527 0.457074 -0.115588
v 0.013384 0.457074 -0.112963
v 0.007812 0.457182 -0.120838
v 0.007812 0.457074 -0.120838
v 0.009669 0.457074 -0.118213
v 0.007812 0.457397 -0.120838
v 0.007812 0.457289 -0.120838
v 0.009669 0.457289 -0.118213
v 0.011527 0.456751 -0.115588
v 0.011527 0.456644 -0.115588
v 0.013384 0.456644 -0.112963
v 0.007812 0.456751 -0.120838
v 0.007812 0.456644 -0.120838
v 0.009669 0.456644 -0.118213
v 0.007812 0.456967 -0.120838
v 0.007812 0.456859 -0.120838
v 0.009669 0.456859 -0.118213
v 0.018956 0.456751 -0.105088
v 0.018956 0.456644 -0.105088
v 0.020814 0.456644 -0.102462
v 0.015241 0.456751 -0.110338
v 0.015241 0.456644 -0.110338
v 0.017099 0.456644 -0.107713
v 0.015241 0.456967 -0.110338
v 0.015241 0.456859 -0.110338
v 0.017099 0.456859 -0.107713
v 0.012797 0.457182 -0.094821
v 0.012797 0.457074 -0.094821
v 0.009218 0.457074 -0.092289
v 0.019953 0.457182 -0.099884
v 0.019953 0.457074 -0.099884
v 0.016375 0.457074 -0.097352
v 0.019953 0.457397 -0.099884
v 0.019953 0.457289 -0.099884
v 0.016375 0.457289 -0.097352
v 0.012797 0.456751 -0.094821
v 0.012797 0.456644 -0.094821
v 0.009218 0.456644 -0.092289
v 0.019953 0.456751 -0.099884
v 0.019953 0.456644 -0.099884
v 0.016375 0.456644 -0.097352
v 0.019953 0.456967 -0.099884
v 0.019953 0.456859 -0.099884
v 0.016375 0.456859 -0.097352
v -0.001516 0.456751 -0.084694
v -0.001516 0.456644 -0.084694
v -0.005094 0.456644 -0.082162
v 0.005640 0.456751 -0.089757
v 0.005640 0.456644 -0.089757
v 0.002062 0.456644 -0.087225
v 0.005640 0.456967 -0.089757
v 0.005640 0.456859 -0.089757
v 0.002062 0.456859 -0.087225
v 0.002581 0.456590 -0.109258
v -0.000997 0.456590 -0.106727
v 0.000860 0.456590 -0.104102
v -0.001133 0.456590 -0.114508
v -0.004712 0.456590 -0.111977
v -0.002854 0.456590 -0.109352
v 0.006023 0.456590 -0.119572
v 0.002445 0.456590 -0.117040
v 0.004302 0.456590 -0.114415
v -0.011732 0.456590 -0.099131
v -0.015310 0.456590 -0.096600
v -0.013452 0.456590 -0.093975
v -0.015446 0.456590 -0.104381
v -0.019024 0.456590 -0.101850
v -0.017167 0.456590 -0.099225
v -0.008290 0.456590 -0.109445
v -0.011868 0.456590 -0.106913
v -0.010011 0.456590 -0.104288
v -0.004302 0.456590 -0.088631
v -0.007880 0.456590 -0.086099
v -0.006023 0.456590 -0.083474
v -0.008017 0.456590 -0.093881
v -0.011595 0.456590 -0.091350
v -0.009738 0.456590 -0.088724
v -0.000860 0.456590 -0.098945
v -0.004439 0.456590 -0.096413
v -0.002581 0.456590 -0.093788
v -0.008153 0.457451 -0.101663
v -0.004575 0.457451 -0.104195
v -0.002718 0.457451 -0.101570
v -0.011868 0.457451 -0.106913
v -0.008290 0.457451 -0.109445
v -0.006432 0.457451 -0.106820
v -0.019024 0.457451 -0.101850
v -0.015446 0.457451 -0.104381
v -0.013589 0.457451 -0.101756
v 0.006159 0.457451 -0.111790
v 0.009738 0.457451 -0.114322
v 0.011595 0.457451 -0.111697
v 0.002445 0.457451 -0.117040
v 0.006023 0.457451 -0.119572
v 0.007880 0.457451 -0.116947
v -0.004712 0.457451 -0.111977
v -0.001133 0.457451 -0.114508
v 0.000724 0.457451 -0.111883
v 0.013589 0.457451 -0.101290
v 0.017167 0.457451 -0.103822
v 0.019024 0.457451 -0.101197
v 0.009874 0.457451 -0.106540
v 0.013452 0.457451 -0.109072
v 0.015310 0.457451 -0.106447
v 0.002718 0.457451 -0.101477
v 0.006296 0.457451 -0.104008
v 0.008153 0.457451 -0.101383
v -0.000724 0.457451 -0.091163
v 0.002854 0.457451 -0.093695
v 0.004712 0.457451 -0.091070
v -0.004439 0.457451 -0.096413
v -0.000860 0.457451 -0.098945
v 0.000997 0.457451 -0.096320
v -0.011595 0.457451 -0.091350
v -0.008017 0.457451 -0.093881
v -0.006159 0.457451 -0.091256
v 0.010011 0.456590 -0.098758
v 0.006432 0.456590 -0.096226
v 0.008290 0.456590 -0.093601
v 0.006296 0.456590 -0.104008
v 0.002718 0.456590 -0.101477
v 0.004575 0.456590 -0.098851
v 0.013452 0.456590 -0.109072
v 0.009874 0.456590 -0.106540
v 0.011732 0.456590 -0.103915
v -0.001516 0.457182 -0.084694
v -0.001516 0.457074 -0.084694
v -0.005094 0.457074 -0.082162
v 0.005640 0.457182 -0.089757
v 0.005640 0.457074 -0.089757
v 0.002062 0.457074 -0.087225
v 0.005640 0.457397 -0.089757
v 0.005640 0.457289 -0.089757
v 0.002062 0.457289 -0.087225
v 0.018956 0.457182 -0.105088
v 0.018956 0.457074 -0.105088
v 0.020814 0.457074 -0.102462
v 0.015241 0.457182 -0.110338
v 0.015241 0.457074 -0.110338
v 0.017099 0.457074 -0.107713
v 0.015241 0.457397 -0.110338
v 0.015241 0.457289 -0.110338
v 0.017099 0.457289 -0.107713
v 0.001516 0.457182 -0.118353
v 0.001516 0.457074 -0.118353
v 0.005094 0.457074 -0.120884
v -0.005640 0.457182 -0.113289
v -0.005640 0.457074 -0.113289
v -0.002062 0.457074 -0.115821
v -0.005640 0.457397 -0.113289
v -0.005640 0.457289 -0.113289
v -0.002062 0.457289 -0.115821
v -0.018956 0.457182 -0.097959
v -0.018956 0.457074 -0.097959
v -0.020814 0.457074 -0.100584
v -0.015241 0.457182 -0.092709
v -0.015241 0.457074 -0.092709
v -0.017099 0.457074 -0.095334
v -0.015241 0.457397 -0.092709
v -0.015241 0.457289 -0.092709
v -0.017099 0.457289 -0.095334
v -0.017099 0.457397 -0.095334
v -0.017099 0.457182 -0.095334
v -0.020814 0.457182 -0.100584
v -0.002062 0.457397 -0.115821
v -0.002062 0.457182 -0.115821
v 0.005094 0.457182 -0.120884
v 0.017099 0.457397 -0.107713
v 0.017099 0.457182 -0.107713
v 0.020814 0.457182 -0.102462
v 0.002062 0.457397 -0.087225
v 0.002062 0.457182 -0.087225
v -0.005094 0.457182 -0.082162
v 0.015310 0.456590 -0.106447
v 0.008153 0.456590 -0.101383
v 0.011868 0.456590 -0.096133
v -0.009738 0.457451 -0.088724
v -0.002581 0.457451 -0.093788
v 0.001133 0.457451 -0.088538
v 0.004575 0.457451 -0.098851
v 0.011732 0.457451 -0.103915
v 0.015446 0.457451 -0.098665
v -0.002854 0.457451 -0.109352
v 0.004302 0.457451 -0.114415
v 0.008017 0.457451 -0.109165
v -0.017167 0.457451 -0.099225
v -0.010011 0.457451 -0.104288
v -0.006296 0.457451 -0.099038
v 0.000997 0.456590 -0.096320
v -0.006159 0.456590 -0.091256
v -0.002445 0.456590 -0.086006
v -0.006432 0.456590 -0.106820
v -0.013589 0.456590 -0.101756
v -0.009874 0.456590 -0.096506
v 0.007880 0.456590 -0.116947
v 0.000724 0.456590 -0.111883
v 0.004439 0.456590 -0.106633
v 0.002062 0.456967 -0.087225
v 0.002062 0.456751 -0.087225
v -0.005094 0.456751 -0.082162
v 0.016375 0.456967 -0.097352
v 0.016375 0.456751 -0.097352
v 0.009218 0.456751 -0.092289
v 0.016375 0.457397 -0.097352
v 0.016375 0.457182 -0.097352
v 0.009218 0.457182 -0.092289
v 0.017099 0.456967 -0.107713
v 0.017099 0.456751 -0.107713
v 0.020814 0.456751 -0.102462
v 0.009669 0.456967 -0.118213
v 0.009669 0.456751 -0.118213
v 0.013384 0.456751 -0.112963
v 0.009669 0.457397 -0.118213
v 0.009669 0.457182 -0.118213
v 0.013384 0.457182 -0.112963
v -0.002062 0.456967 -0.115821
v -0.002062 0.456751 -0.115821
v 0.005094 0.456751 -0.120884
v -0.016375 0.456967 -0.105694
v -0.016375 0.456751 -0.105694
v -0.009218 0.456751 -0.110757
v -0.016375 0.457397 -0.105694
v -0.016375 0.457182 -0.105694
v -0.009218 0.457182 -0.110757
v -0.017099 0.456967 -0.095334
v -0.017099 0.456751 -0.095334
v -0.020814 0.456751 -0.100584
v -0.009669 0.456967 -0.084834
v -0.009669 0.456751 -0.084834
v -0.013384 0.456751 -0.090084
v -0.009669 0.457397 -0.084834
v -0.009669 0.457182 -0.084834
v -0.013384 0.457182 -0.090084
v -0.013384 0.457397 -0.090084
v -0.013384 0.456967 -0.090084
v -0.020814 0.456967 -0.100584
v -0.009218 0.457397 -0.110757
v -0.009218 0.456967 -0.110757
v 0.005094 0.456967 -0.120884
v 0.013384 0.457397 -0.112963
v 0.013384 0.456967 -0.112963
v 0.020814 0.456967 -0.102462
v 0.009218 0.457397 -0.092289
v 0.009218 0.456967 -0.092289
v -0.005094 0.456967 -0.082162
v 0.011595 0.456590 -0.111697
v -0.002718 0.456590 -0.101570
v 0.004712 0.456590 -0.091070
v -0.013452 0.457451 -0.093975
v 0.000860 0.457451 -0.104102
v 0.008290 0.457451 -0.093601
v -0.006023 0.457451 -0.083474
v 0.019024 0.456590 -0.101197
v -0.005094 0.457397 -0.082162
v 0.020814 0.457397 -0.102462
v 0.005094 0.457397 -0.120884
v -0.020814 0.457397 -0.100584
vn -0.8163 -0.0000 0.5776
vn -0.5776 -0.0000 -0.8163
vn 0.8163 -0.0000 -0.5776
vn 0.5776 -0.0000 0.8163
vn -0.0000 -1.0000 -0.0000
vn -0.0000 1.0000 -0.0000
vt 0.609375 0.234375
vt 0.625000 0.234375
vt 0.625000 0.250000
vt 0.609375 0.250000
vt 0.609375 0.484375
vt 0.625000 0.484375
vt 0.625000 0.500000
vt 0.609375 0.500000
vt 0.609375 0.734375
vt 0.625000 0.734375
vt 0.625000 0.750000
vt 0.609375 0.750000
vt 0.609375 0.984375
vt 0.625000 0.984375
vt 0.625000 1.000000
vt 0.609375 1.000000
vt 0.359375 0.734375
vt 0.375000 0.734375
vt 0.375000 0.750000
vt 0.359375 0.750000
vt 0.859375 0.734375
vt 0.875000 0.734375
vt 0.875000 0.750000
vt 0.859375 0.750000
vt 0.734375 0.734375
vt 0.750000 0.734375
vt 0.750000 0.750000
vt 0.734375 0.750000
vt 0.734375 0.609375
vt 0.750000 0.609375
vt 0.750000 0.625000
vt 0.734375 0.625000
vt 0.859375 0.609375
vt 0.875000 0.609375
vt 0.875000 0.625000
vt 0.859375 0.625000
vt 0.234375 0.734375
vt 0.250000 0.734375
vt 0.250000 0.750000
vt 0.234375 0.750000
vt 0.234375 0.609375
vt 0.250000 0.609375
vt 0.250000 0.625000
vt 0.234375 0.625000
vt 0.359375 0.609375
vt 0.375000 0.609375
vt 0.375000 0.625000
vt 0.359375 0.625000
vt 0.484375 0.984375
vt 0.500000 0.984375
vt 0.500000 1.000000
vt 0.484375 1.000000
vt 0.484375 0.859375
vt 0.500000 0.859375
vt 0.500000 0.875000
vt 0.484375 0.875000
vt 0.609375 0.859375
vt 0.625000 0.859375
vt 0.625000 0.875000
vt 0.609375 0.875000
vt 0.484375 0.734375
vt 0.500000 0.734375
vt 0.500000 0.750000
vt 0.484375 0.750000
vt 0.484375 0.609375
vt 0.500000 0.609375
vt 0.500000 0.625000
vt 0.484375 0.625000
vt 0.609375 0.609375
vt 0.625000 0.609375
vt 0.625000 0.625000
vt 0.609375 0.625000
vt 0.484375 0.484375
vt 0.500000 0.484375
vt 0.500000 0.500000
vt 0.484375 0.500000
vt 0.484375 0.359375
vt 0.500000 0.359375
vt 0.500000 0.375000
vt 0.484375 0.375000
vt 0.609375 0.359375
vt 0.625000 0.359375
vt 0.625000 0.375000
vt 0.609375 0.375000
vt 0.484375 0.234375
vt 0.500000 0.234375
vt 0.500000 0.250000
vt 0.484375 0.250000
vt 0.484375 0.109375
vt 0.500000 0.109375
vt 0.500000 0.125000
vt 0.484375 0.125000
vt 0.609375 0.109375
vt 0.625000 0.109375
vt 0.625000 0.125000
vt 0.609375 0.125000
vt 0.546875 0.109375
vt 0.562500 0.109375
vt 0.562500 0.125000
vt 0.546875 0.125000
vt 0.546875 0.046875
vt 0.562500 0.046875
vt 0.562500 0.062500
vt 0.546875 0.062500
vt 0.609375 0.046875
vt 0.625000 0.046875
vt 0.625000 0.062500
vt 0.609375 0.062500
vt 0.421875 0.109375
vt 0.437500 0.109375
vt 0.437500 0.125000
vt 0.421875 0.125000
vt 0.421875 0.046875
vt 0.437500 0.046875
vt 0.437500 0.062500
vt 0.421875 0.062500
vt 0.484375 0.046875
vt 0.500000 0.046875
vt 0.500000 0.062500
vt 0.484375 0.062500
vt 0.421875 0.234375
vt 0.437500 0.234375
vt 0.437500 0.250000
vt 0.421875 0.250000
vt 0.421875 0.171875
vt 0.437500 0.171875
vt 0.437500 0.187500
vt 0.421875 0.187500
vt 0.484375 0.171875
vt 0.500000 0.171875
vt 0.500000 0.187500
vt 0.484375 0.187500
vt 0.546875 0.359375
vt 0.562500 0.359375
vt 0.562500 0.375000
vt 0.546875 0.375000
vt 0.546875 0.296875
vt 0.562500 0.296875
vt 0.562500 0.312500
vt 0.546875 0.312500
vt 0.609375 0.296875
vt 0.625000 0.296875
vt 0.625000 0.312500
vt 0.609375 0.312500
vt 0.421875 0.359375
vt 0.437500 0.359375
vt 0.437500 0.375000
vt 0.421875 0.375000
vt 0.421875 0.296875
vt 0.437500 0.296875
vt 0.437500 0.312500
vt 0.421875 0.312500
vt 0.484375 0.296875
vt 0.500000 0.296875
vt 0.500000 0.312500
vt 0.484375 0.312500
vt 0.421875 0.484375
vt 0.437500 0.484375
vt 0.437500 0.500000
vt 0.421875 0.500000
vt 0.421875 0.421875
vt 0.437500 0.421875
vt 0.437500 0.437500
vt 0.421875 0.437500
vt 0.484375 0.421875
vt 0.500000 0.421875
vt 0.500000 0.437500
vt 0.484375 0.437500
vt 0.546875 0.609375
vt 0.562500 0.609375
vt 0.562500 0.625000
vt 0.546875 0.625000
vt 0.546875 0.546875
vt 0.562500 0.546875
vt 0.562500 0.562500
vt 0.546875 0.562500
vt 0.609375 0.546875
vt 0.625000 0.546875
vt 0.625000 0.562500
vt 0.609375 0.562500
vt 0.421875 0.609375
vt 0.437500 0.609375
vt 0.437500 0.625000
vt 0.421875 0.625000
vt 0.421875 0.546875
vt 0.437500 0.546875
vt 0.437500 0.562500
vt 0.421875 0.562500
vt 0.484375 0.546875
vt 0.500000 0.546875
vt 0.500000 0.562500
vt 0.484375 0.562500
vt 0.421875 0.734375
vt 0.437500 0.734375
vt 0.437500 0.750000
vt 0.421875 0.750000
vt 0.421875 0.671875
vt 0.437500 0.671875
vt 0.437500 0.687500
vt 0.421875 0.687500
vt 0.484375 0.671875
vt 0.500000 0.671875
vt 0.500000 0.687500
vt 0.484375 0.687500
vt 0.546875 0.859375
vt 0.562500 0.859375
vt 0.562500 0.875000
vt 0.546875 0.875000
vt 0.546875 0.796875
vt 0.562500 0.796875
vt 0.562500 0.812500
vt 0.546875 0.812500
vt 0.609375 0.796875
vt 0.625000 0.796875
vt 0.625000 0.812500
vt 0.609375 0.812500
vt 0.421875 0.859375
vt 0.437500 0.859375
vt 0.437500 0.875000
vt 0.421875 0.875000
vt 0.421875 0.796875
vt 0.437500 0.796875
vt 0.437500 0.812500
vt 0.421875 0.812500
vt 0.484375 0.796875
vt 0.500000 0.796875
vt 0.500000 0.812500
vt 0.484375 0.812500
vt 0.421875 0.984375
vt 0.437500 0.984375
vt 0.437500 1.000000
vt 0.421875 1.000000
vt 0.421875 0.921875
vt 0.437500 0.921875
vt 0.437500 0.937500
vt 0.421875 0.937500
vt 0.484375 0.921875
vt 0.500000 0.921875
vt 0.500000 0.937500
vt 0.484375 0.937500
vt 0.296875 0.609375
vt 0.312500 0.609375
vt 0.312500 0.625000
vt 0.296875 0.625000
vt 0.296875 0.546875
vt 0.312500 0.546875
vt 0.312500 0.562500
vt 0.296875 0.562500
vt 0.359375 0.546875
vt 0.375000 0.546875
vt 0.375000 0.562500
vt 0.359375 0.562500
vt 0.171875 0.609375
vt 0.187500 0.609375
vt 0.187500 0.625000
vt 0.171875 0.625000
vt 0.171875 0.546875
vt 0.187500 0.546875
vt 0.187500 0.562500
vt 0.171875 0.562500
vt 0.234375 0.546875
vt 0.250000 0.546875
vt 0.250000 0.562500
vt 0.234375 0.562500
vt 0.171875 0.734375
vt 0.187500 0.734375
vt 0.187500 0.750000
vt 0.171875 0.750000
vt 0.171875 0.671875
vt 0.187500 0.671875
vt 0.187500 0.687500
vt 0.171875 0.687500
vt 0.234375 0.671875
vt 0.250000 0.671875
vt 0.250000 0.687500
vt 0.234375 0.687500
vt 0.796875 0.609375
vt 0.812500 0.609375
vt 0.812500 0.625000
vt 0.796875 0.625000
vt 0.796875 0.546875
vt 0.812500 0.546875
vt 0.812500 0.562500
vt 0.796875 0.562500
vt 0.859375 0.546875
vt 0.875000 0.546875
vt 0.875000 0.562500
vt 0.859375 0.562500
vt 0.671875 0.609375
vt 0.687500 0.609375
vt 0.687500 0.625000
vt 0.671875 0.625000
vt 0.671875 0.546875
vt 0.687500 0.546875
vt 0.687500 0.562500
vt 0.671875 0.562500
vt 0.734375 0.546875
vt 0.750000 0.546875
vt 0.750000 0.562500
vt 0.734375 0.562500
vt 0.671875 0.734375
vt 0.687500 0.734375
vt 0.687500 0.750000
vt 0.671875 0.750000
vt 0.671875 0.671875
vt 0.687500 0.671875
vt 0.687500 0.687500
vt 0.671875 0.687500
vt 0.734375 0.671875
vt 0.750000 0.671875
vt 0.750000 0.687500
vt 0.734375 0.687500
vt 0.796875 0.734375
vt 0.812500 0.734375
vt 0.812500 0.750000
vt 0.796875 0.750000
vt 0.796875 0.671875
vt 0.812500 0.671875
vt 0.812500 0.687500
vt 0.796875 0.687500
vt 0.859375 0.671875
vt 0.875000 0.671875
vt 0.875000 0.687500
vt 0.859375 0.687500
vt 0.296875 0.734375
vt 0.312500 0.734375
vt 0.312500 0.750000
vt 0.296875 0.750000
vt 0.296875 0.671875
vt 0.312500 0.671875
vt 0.312500 0.687500
vt 0.296875 0.687500
vt 0.359375 0.671875
vt 0.375000 0.671875
vt 0.375000 0.687500
vt 0.359375 0.687500
vt 0.546875 0.984375
vt 0.562500 0.984375
vt 0.562500 1.000000
vt 0.546875 1.000000
vt 0.546875 0.921875
vt 0.562500 0.921875
vt 0.562500 0.937500
vt 0.546875 0.937500
vt 0.609375 0.921875
vt 0.625000 0.921875
vt 0.625000 0.937500
vt 0.609375 0.937500
vt 0.546875 0.734375
vt 0.562500 0.734375
vt 0.562500 0.750000
vt 0.546875 0.750000
vt 0.546875 0.671875
vt 0.562500 0.671875
vt 0.562500 0.687500
vt 0.546875 0.687500
vt 0.609375 0.671875
vt 0.625000 0.671875
vt 0.625000 0.687500
vt 0.609375 0.687500
vt 0.546875 0.484375
vt 0.562500 0.484375
vt 0.562500 0.500000
vt 0.546875 0.500000
vt 0.546875 0.421875
vt 0.562500 0.421875
vt 0.562500 0.437500
vt 0.546875 0.437500
vt 0.609375 0.421875
vt 0.625000 0.421875
vt 0.625000 0.437500
vt 0.609375 0.437500
vt 0.546875 0.234375
vt 0.562500 0.234375
vt 0.562500 0.250000
vt 0.546875 0.250000
vt 0.546875 0.171875
vt 0.562500 0.171875
vt 0.562500 0.187500
vt 0.546875 0.187500
vt 0.609375 0.171875
vt 0.625000 0.171875
vt 0.625000 0.187500
vt 0.609375 0.187500
vt 0.578125 0.171875
vt 0.593750 0.171875
vt 0.593750 0.187500
vt 0.578125 0.187500
vt 0.578125 0.140625
vt 0.593750 0.140625
vt 0.593750 0.156250
vt 0.578125 0.156250
vt 0.609375 0.140625
vt 0.625000 0.140625
vt 0.625000 0.156250
vt 0.609375 0.156250
vt 0.515625 0.171875
vt 0.531250 0.171875
vt 0.531250 0.187500
vt 0.515625 0.187500
vt 0.515625 0.140625
vt 0.531250 0.140625
vt 0.531250 0.156250
vt 0.515625 0.156250
vt 0.546875 0.140625
vt 0.562500 0.140625
vt 0.562500 0.156250
vt 0.546875 0.156250
vt 0.515625 0.234375
vt 0.531250 0.234375
vt 0.531250 0.250000
vt 0.515625 0.250000
vt 0.515625 0.203125
vt 0.531250 0.203125
vt 0.531250 0.218750
vt 0.515625 0.218750
vt 0.546875 0.203125
vt 0.562500 0.203125
vt 0.562500 0.218750
vt 0.546875 0.218750
vt 0.578125 0.421875
vt 0.593750 0.421875
vt 0.593750 0.437500
vt 0.578125 0.437500
vt 0.578125 0.390625
vt 0.593750 0.390625
vt 0.593750 0.406250
vt 0.578125 0.406250
vt 0.609375 0.390625
vt 0.625000 0.390625
vt 0.625000 0.406250
vt 0.609375 0.406250
vt 0.515625 0.421875
vt 0.531250 0.421875
vt 0.531250 0.437500
vt 0.515625 0.437500
vt 0.515625 0.390625
vt 0.531250 0.390625
vt 0.531250 0.406250
vt 0.515625 0.406250
vt 0.546875 0.390625
vt 0.562500 0.390625
vt 0.562500 0.406250
vt 0.546875 0.406250
vt 0.515625 0.484375
vt 0.531250 0.484375
vt 0.531250 0.500000
vt 0.515625 0.500000
vt 0.515625 0.453125
vt 0.531250 0.453125
vt 0.531250 0.468750
vt 0.515625 0.468750
vt 0.546875 0.453125
vt 0.562500 0.453125
vt 0.562500 0.468750
vt 0.546875 0.468750
vt 0.578125 0.671875
vt 0.593750 0.671875
vt 0.593750 0.687500
vt 0.578125 0.687500
vt 0.578125 0.640625
vt 0.593750 0.640625
vt 0.593750 0.656250
vt 0.578125 0.656250
vt 0.609375 0.640625
vt 0.625000 0.640625
vt 0.625000 0.656250
vt 0.609375 0.656250
vt 0.515625 0.671875
vt 0.531250 0.671875
vt 0.531250 0.687500
vt 0.515625 0.687500
vt 0.515625 0.640625
vt 0.531250 0.640625
vt 0.531250 0.656250
vt 0.515625 0.656250
vt 0.546875 0.640625
vt 0.562500 0.640625
vt 0.562500 0.656250
vt 0.546875 0.656250
vt 0.515625 0.734375
vt 0.531250 0.734375
vt 0.531250 0.750000
vt 0.515625 0.750000
vt 0.515625 0.703125
vt 0.531250 0.703125
vt 0.531250 0.718750
vt 0.515625 0.718750
vt 0.546875 0.703125
vt 0.562500 0.703125
vt 0.562500 0.718750
vt 0.546875 0.718750
vt 0.578125 0.921875
vt 0.593750 0.921875
vt 0.593750 0.937500
vt 0.578125 0.937500
vt 0.578125 0.890625
vt 0.593750 0.890625
vt 0.593750 0.906250
vt 0.578125 0.906250
vt 0.609375 0.890625
vt 0.625000 0.890625
vt 0.625000 0.906250
vt 0.609375 0.906250
vt 0.515625 0.921875
vt 0.531250 0.921875
vt 0.531250 0.937500
vt 0.515625 0.937500
vt 0.515625 0.890625
vt 0.531250 0.890625
vt 0.531250 0.906250
vt 0.515625 0.906250
vt 0.546875 0.890625
vt 0.562500 0.890625
vt 0.562500 0.906250
vt 0.546875 0.906250
vt 0.515625 0.984375
vt 0.531250 0.984375
vt 0.531250 1.000000
vt 0.515625 1.000000
vt 0.515625 0.953125
vt 0.531250 0.953125
vt 0.531250 0.968750
vt 0.515625 0.968750
vt 0.546875 0.953125
vt 0.562500 0.953125
vt 0.562500 0.968750
vt 0.546875 0.968750
vt 0.328125 0.671875
vt 0.343750 0.671875
vt 0.343750 0.687500
vt 0.328125 0.687500
vt 0.328125 0.640625
vt 0.343750 0.640625
vt 0.343750 0.656250
vt 0.328125 0.656250
vt 0.359375 0.640625
vt 0.375000 0.640625
vt 0.375000 0.656250
vt 0.359375 0.656250
vt 0.265625 0.671875
vt 0.281250 0.671875
vt 0.281250 0.687500
vt 0.265625 0.687500
vt 0.265625 0.640625
vt 0.281250 0.640625
vt 0.281250 0.656250
vt 0.265625 0.656250
vt 0.296875 0.640625
vt 0.312500 0.640625
vt 0.312500 0.656250
vt 0.296875 0.656250
vt 0.265625 0.734375
vt 0.281250 0.734375
vt 0.281250 0.750000
vt 0.265625 0.750000
vt 0.265625 0.703125
vt 0.281250 0.703125
vt 0.281250 0.718750
vt 0.265625 0.718750
vt 0.296875 0.703125
vt 0.312500 0.703125
vt 0.312500 0.718750
vt 0.296875 0.718750
vt 0.828125 0.671875
vt 0.843750 0.671875
vt 0.843750 0.687500
vt 0.828125 0.687500
vt 0.828125 0.640625
vt 0.843750 0.640625
vt 0.843750 0.656250
vt 0.828125 0.656250
vt 0.859375 0.640625
vt 0.875000 0.640625
vt 0.875000 0.656250
vt 0.859375 0.656250
vt 0.765625 0.671875
vt 0.781250 0.671875
vt 0.781250 0.687500
vt 0.765625 0.687500
vt 0.765625 0.640625
vt 0.781250 0.640625
vt 0.781250 0.656250
vt 0.765625 0.656250
vt 0.796875 0.640625
vt 0.812500 0.640625
vt 0.812500 0.656250
vt 0.796875 0.656250
vt 0.765625 0.734375
vt 0.781250 0.734375
vt 0.781250 0.750000
vt 0.765625 0.750000
vt 0.765625 0.703125
vt 0.781250 0.703125
vt 0.781250 0.718750
vt 0.765625 0.718750
vt 0.796875 0.703125
vt 0.812500 0.703125
vt 0.812500 0.718750
vt 0.796875 0.718750
vt 0.703125 0.671875
vt 0.718750 0.671875
vt 0.718750 0.687500
vt 0.703125 0.687500
vt 0.703125 0.640625
vt 0.718750 0.640625
vt 0.718750 0.656250
vt 0.703125 0.656250
vt 0.734375 0.640625
vt 0.750000 0.640625
vt 0.750000 0.656250
vt 0.734375 0.656250
vt 0.640625 0.671875
vt 0.656250 0.671875
vt 0.656250 0.687500
vt 0.640625 0.687500
vt 0.640625 0.640625
vt 0.656250 0.640625
vt 0.656250 0.656250
vt 0.640625 0.656250
vt 0.671875 0.640625
vt 0.687500 0.640625
vt 0.687500 0.656250
vt 0.671875 0.656250
vt 0.640625 0.734375
vt 0.656250 0.734375
vt 0.656250 0.750000
vt 0.640625 0.750000
vt 0.640625 0.703125
vt 0.656250 0.703125
vt 0.656250 0.718750
vt 0.640625 0.718750
vt 0.671875 0.703125
vt 0.687500 0.703125
vt 0.687500 0.718750
vt 0.671875 0.718750
vt 0.703125 0.546875
vt 0.718750 0.546875
vt 0.718750 0.562500
vt 0.703125 0.562500
vt 0.703125 0.515625
vt 0.718750 0.515625
vt 0.718750 0.531250
vt 0.703125 0.531250
vt 0.734375 0.515625
vt 0.750000 0.515625
vt 0.750000 0.531250
vt 0.734375 0.531250
vt 0.640625 0.546875
vt 0.656250 0.546875
vt 0.656250 0.562500
vt 0.640625 0.562500
vt 0.640625 0.515625
vt 0.656250 0.515625
vt 0.656250 0.531250
vt 0.640625 0.531250
vt 0.671875 0.515625
vt 0.687500 0.515625
vt 0.687500 0.531250
vt 0.671875 0.531250
vt 0.640625 0.609375
vt 0.656250 0.609375
vt 0.656250 0.625000
vt 0.640625 0.625000
vt 0.640625 0.578125
vt 0.656250 0.578125
vt 0.656250 0.593750
vt 0.640625 0.593750
vt 0.671875 0.578125
vt 0.687500 0.578125
vt 0.687500 0.593750
vt 0.671875 0.593750
vt 0.828125 0.546875
vt 0.843750 0.546875
vt 0.843750 0.562500
vt 0.828125 0.562500
vt 0.828125 0.515625
vt 0.843750 0.515625
vt 0.843750 0.531250
vt 0.828125 0.531250
vt 0.859375 0.515625
vt 0.875000 0.515625
vt 0.875000 0.531250
vt 0.859375 0.531250
vt 0.765625 0.546875
vt 0.781250 0.546875
vt 0.781250 0.562500
vt 0.765625 0.562500
vt 0.765625 0.515625
vt 0.781250 0.515625
vt 0.781250 0.531250
vt 0.765625 0.531250
vt 0.796875 0.515625
vt 0.812500 0.515625
vt 0.812500 0.531250
vt 0.796875 0.531250
vt 0.765625 0.609375
vt 0.781250 0.609375
vt 0.781250 0.625000
vt 0.765625 0.625000
vt 0.765625 0.578125
vt 0.781250 0.578125
vt 0.781250 0.593750
vt 0.765625 0.593750
vt 0.796875 0.578125
vt 0.812500 0.578125
vt 0.812500 0.593750
vt 0.796875 0.593750
vt 0.203125 0.671875
vt 0.218750 0.671875
vt 0.218750 0.687500
vt 0.203125 0.687500
vt 0.203125 0.640625
vt 0.218750 0.640625
vt 0.218750 0.656250
vt 0.203125 0.656250
vt 0.234375 0.640625
vt 0.250000 0.640625
vt 0.250000 0.656250
vt 0.234375 0.656250
vt 0.140625 0.671875
vt 0.156250 0.671875
vt 0.156250 0.687500
vt 0.140625 0.687500
vt 0.140625 0.640625
vt 0.156250 0.640625
vt 0.156250 0.656250
vt 0.140625 0.656250
vt 0.171875 0.640625
vt 0.187500 0.640625
vt 0.187500 0.656250
vt 0.171875 0.656250
vt 0.140625 0.734375
vt 0.156250 0.734375
vt 0.156250 0.750000
vt 0.140625 0.750000
vt 0.140625 0.703125
vt 0.156250 0.703125
vt 0.156250 0.718750
vt 0.140625 0.718750
vt 0.171875 0.703125
vt 0.187500 0.703125
vt 0.187500 0.718750
vt 0.171875 0.718750
vt 0.203125 0.546875
vt 0.218750 0.546875
vt 0.218750 0.562500
vt 0.203125 0.562500
vt 0.203125 0.515625
vt 0.218750 0.515625
vt 0.218750 0.531250
vt 0.203125 0.531250
vt 0.234375 0.515625
vt 0.250000 0.515625
vt 0.250000 0.531250
vt 0.234375 0.531250
vt 0.140625 0.546875
vt 0.156250 0.546875
vt 0.156250 0.562500
vt 0.140625 0.562500
vt 0.140625 0.515625
vt 0.156250 0.515625
vt 0.156250 0.531250
vt 0.140625 0.531250
vt 0.171875 0.515625
vt 0.187500 0.515625
vt 0.187500 0.531250
vt 0.171875 0.531250
vt 0.140625 0.609375
vt 0.156250 0.609375
vt 0.156250 0.625000
vt 0.140625 0.625000
vt 0.140625 0.578125
vt 0.156250 0.578125
vt 0.156250 0.593750
vt 0.140625 0.593750
vt 0.171875 0.578125
vt 0.187500 0.578125
vt 0.187500 0.593750
vt 0.171875 0.593750
vt 0.328125 0.546875
vt 0.343750 0.546875
vt 0.343750 0.562500
vt 0.328125 0.562500
vt 0.328125 0.515625
vt 0.343750 0.515625
vt 0.343750 0.531250
vt 0.328125 0.531250
vt 0.359375 0.515625
vt 0.375000 0.515625
vt 0.375000 0.531250
vt 0.359375 0.531250
vt 0.265625 0.546875
vt 0.281250 0.546875
vt 0.281250 0.562500
vt 0.265625 0.562500
vt 0.265625 0.515625
vt 0.281250 0.515625
vt 0.281250 0.531250
vt 0.265625 0.531250
vt 0.296875 0.515625
vt 0.312500 0.515625
vt 0.312500 0.531250
vt 0.296875 0.531250
vt 0.265625 0.609375
vt 0.281250 0.609375
vt 0.281250 0.625000
vt 0.265625 0.625000
vt 0.265625 0.578125
vt 0.281250 0.578125
vt 0.281250 0.593750
vt 0.265625 0.593750
vt 0.296875 0.578125
vt 0.312500 0.578125
vt 0.312500 0.593750
vt 0.296875 0.593750
vt 0.453125 0.921875
vt 0.468750 0.921875
vt 0.468750 0.937500
vt 0.453125 0.937500
vt 0.453125 0.890625
vt 0.468750 0.890625
vt 0.468750 0.906250
vt 0.453125 0.906250
vt 0.484375 0.890625
vt 0.500000 0.890625
vt 0.500000 0.906250
vt 0.484375 0.906250
vt 0.390625 0.921875
vt 0.406250 0.921875
vt 0.406250 0.937500
vt 0.390625 0.937500
vt 0.390625 0.890625
vt 0.406250 0.890625
vt 0.406250 0.906250
vt 0.390625 0.906250
vt 0.421875 0.890625
vt 0.437500 0.890625
vt 0.437500 0.906250
vt 0.421875 0.906250
vt 0.390625 0.984375
vt 0.406250 0.984375
vt 0.406250 1.000000
vt 0.390625 1.000000
vt 0.390625 0.953125
vt 0.406250 0.953125
vt 0.406250 0.968750
vt 0.390625 0.968750
vt 0.421875 0.953125
vt 0.437500 0.953125
vt 0.437500 0.968750
vt 0.421875 0.968750
vt 0.453125 0.796875
vt 0.468750 0.796875
vt 0.468750 0.812500
vt 0.453125 0.812500
vt 0.453125 0.765625
vt 0.468750 0.765625
vt 0.468750 0.781250
vt 0.453125 0.781250
vt 0.484375 0.765625
vt 0.500000 0.765625
vt 0.500000 0.781250
vt 0.484375 0.781250
vt 0.390625 0.796875
vt 0.406250 0.796875
vt 0.406250 0.812500
vt 0.390625 0.812500
vt 0.390625 0.765625
vt 0.406250 0.765625
vt 0.406250 0.781250
vt 0.390625 0.781250
vt 0.421875 0.765625
vt 0.437500 0.765625
vt 0.437500 0.781250
vt 0.421875 0.781250
vt 0.390625 0.859375
vt 0.406250 0.859375
vt 0.406250 0.875000
vt 0.390625 0.875000
vt 0.390625 0.828125
vt 0.406250 0.828125
vt 0.406250 0.843750
vt 0.390625 0.843750
vt 0.421875 0.828125
vt 0.437500 0.828125
vt 0.437500 0.843750
vt 0.421875 0.843750
vt 0.578125 0.796875
vt 0.593750 0.796875
vt 0.593750 0.812500
vt 0.578125 0.812500
vt 0.578125 0.765625
vt 0.593750 0.765625
vt 0.593750 0.781250
vt 0.578125 0.781250
vt 0.609375 0.765625
vt 0.625000 0.765625
vt 0.625000 0.781250
vt 0.609375 0.781250
vt 0.515625 0.796875
vt 0.531250 0.796875
vt 0.531250 0.812500
vt 0.515625 0.812500
vt 0.515625 0.765625
vt 0.531250 0.765625
vt 0.531250 0.781250
vt 0.515625 0.781250
vt 0.546875 0.765625
vt 0.562500 0.765625
vt 0.562500 0.781250
vt 0.546875 0.781250
vt 0.515625 0.859375
vt 0.531250 0.859375
vt 0.531250 0.875000
vt 0.515625 0.875000
vt 0.515625 0.828125
vt 0.531250 0.828125
vt 0.531250 0.843750
vt 0.515625 0.843750
vt 0.546875 0.828125
vt 0.562500 0.828125
vt 0.562500 0.843750
vt 0.546875 0.843750
vt 0.453125 0.671875
vt 0.468750 0.671875
vt 0.468750 0.687500
vt 0.453125 0.687500
vt 0.453125 0.640625
vt 0.468750 0.640625
vt 0.468750 0.656250
vt 0.453125 0.656250
vt 0.484375 0.640625
vt 0.500000 0.640625
vt 0.500000 0.656250
vt 0.484375 0.656250
vt 0.390625 0.671875
vt 0.406250 0.671875
vt 0.406250 0.687500
vt 0.390625 0.687500
vt 0.390625 0.640625
vt 0.406250 0.640625
vt 0.406250 0.656250
vt 0.390625 0.656250
vt 0.421875 0.640625
vt 0.437500 0.640625
vt 0.437500 0.656250
vt 0.421875 0.656250
vt 0.390625 0.734375
vt 0.406250 0.734375
vt 0.406250 0.750000
vt 0.390625 0.750000
vt 0.390625 0.703125
vt 0.406250 0.703125
vt 0.406250 0.718750
vt 0.390625 0.718750
vt 0.421875 0.703125
vt 0.437500 0.703125
vt 0.437500 0.718750
vt 0.421875 0.718750
vt 0.453125 0.546875
vt 0.468750 0.546875
vt 0.468750 0.562500
vt 0.453125 0.562500
vt 0.453125 0.515625
vt 0.468750 0.515625
vt 0.468750 0.531250
vt 0.453125 0.531250
vt 0.484375 0.515625
vt 0.500000 0.515625
vt 0.500000 0.531250
vt 0.484375 0.531250
vt 0.390625 0.546875
vt 0.406250 0.546875
vt 0.406250 0.562500
vt 0.390625 0.562500
vt 0.390625 0.515625
vt 0.406250 0.515625
vt 0.406250 0.531250
vt 0.390625 0.531250
vt 0.421875 0.515625
vt 0.437500 0.515625
vt 0.437500 0.531250
vt 0.421875 0.531250
vt 0.390625 0.609375
vt 0.406250 0.609375
vt 0.406250 0.625000
vt 0.390625 0.625000
vt 0.390625 0.578125
vt 0.406250 0.578125
vt 0.406250 0.593750
vt 0.390625 0.593750
vt 0.421875 0.578125
vt 0.437500 0.578125
vt 0.437500 0.593750
vt 0.421875 0.593750
vt 0.578125 0.546875
vt 0.593750 0.546875
vt 0.593750 0.562500
vt 0.578125 0.562500
vt 0.578125 0.515625
vt 0.593750 0.515625
vt 0.593750 0.531250
vt 0.578125 0.531250
vt 0.609375 0.515625
vt 0.625000 0.515625
vt 0.625000 0.531250
vt 0.609375 0.531250
vt 0.515625 0.546875
vt 0.531250 0.546875
vt 0.531250 0.562500
vt 0.515625 0.562500
vt 0.515625 0.515625
vt 0.531250 0.515625
vt 0.531250 0.531250
vt 0.515625 0.531250
vt 0.546875 0.515625
vt 0.562500 0.515625
vt 0.562500 0.531250
vt 0.546875 0.531250
vt 0.515625 0.609375
vt 0.531250 0.609375
vt 0.531250 0.625000
vt 0.515625 0.625000
vt 0.515625 0.578125
vt 0.531250 0.578125
vt 0.531250 0.593750
vt 0.515625 0.593750
vt 0.546875 0.578125
vt 0.562500 0.578125
vt 0.562500 0.593750
vt 0.546875 0.593750
vt 0.453125 0.421875
vt 0.468750 0.421875
vt 0.468750 0.437500
vt 0.453125 0.437500
vt 0.453125 0.390625
vt 0.468750 0.390625
vt 0.468750 0.406250
vt 0.453125 0.406250
vt 0.484375 0.390625
vt 0.500000 0.390625
vt 0.500000 0.406250
vt 0.484375 0.406250
vt 0.390625 0.421875
vt 0.406250 0.421875
vt 0.406250 0.437500
vt 0.390625 0.437500
vt 0.390625 0.390625
vt 0.406250 0.390625
vt 0.406250 0.406250
vt 0.390625 0.406250
vt 0.421875 0.390625
vt 0.437500 0.390625
vt 0.437500 0.406250
vt 0.421875 0.406250
vt 0.390625 0.484375
vt 0.406250 0.484375
vt 0.406250 0.500000
vt 0.390625 0.500000
vt 0.390625 0.453125
vt 0.406250 0.453125
vt 0.406250 0.468750
vt 0.390625 0.468750
vt 0.421875 0.453125
vt 0.437500 0.453125
vt 0.437500 0.468750
vt 0.421875 0.468750
vt 0.453125 0.296875
vt 0.468750 0.296875
vt 0.468750 0.312500
vt 0.453125 0.312500
vt 0.453125 0.265625
vt 0.468750 0.265625
vt 0.468750 0.281250
vt 0.453125 0.281250
vt 0.484375 0.265625
vt 0.500000 0.265625
vt 0.500000 0.281250
vt 0.484375 0.281250
vt 0.390625 0.296875
vt 0.406250 0.296875
vt 0.406250 0.312500
vt 0.390625 0.312500
vt 0.390625 0.265625
vt 0.406250 0.265625
vt 0.406250 0.281250
vt 0.390625 0.281250
vt 0.421875 0.265625
vt 0.437500 0.265625
vt 0.437500 0.281250
vt 0.421875 0.281250
vt 0.390625 0.359375
vt 0.406250 0.359375
vt 0.406250 0.375000
vt 0.390625 0.375000
vt 0.390625 0.328125
vt 0.406250 0.328125
vt 0.406250 0.343750
vt 0.390625 0.343750
vt 0.421875 0.328125
vt 0.437500 0.328125
vt 0.437500 0.343750
vt 0.421875 0.343750
vt 0.578125 0.296875
vt 0.593750 0.296875
vt 0.593750 0.312500
vt 0.578125 0.312500
vt 0.578125 0.265625
vt 0.593750 0.265625
vt 0.593750 0.281250
vt 0.578125 0.281250
vt 0.609375 0.265625
vt 0.625000 0.265625
vt 0.625000 0.281250
vt 0.609375 0.281250
vt 0.515625 0.296875
vt 0.531250 0.296875
vt 0.531250 0.312500
vt 0.515625 0.312500
vt 0.515625 0.265625
vt 0.531250 0.265625
vt 0.531250 0.281250
vt 0.515625 0.281250
vt 0.546875 0.265625
vt 0.562500 0.265625
vt 0.562500 0.281250
vt 0.546875 0.281250
vt 0.515625 0.359375
vt 0.531250 0.359375
vt 0.531250 0.375000
vt 0.515625 0.375000
vt 0.515625 0.328125
vt 0.531250 0.328125
vt 0.531250 0.343750
vt 0.515625 0.343750
vt 0.546875 0.328125
vt 0.562500 0.328125
vt 0.562500 0.343750
vt 0.546875 0.343750
vt 0.453125 0.171875
vt 0.468750 0.171875
vt 0.468750 0.187500
vt 0.453125 0.187500
vt 0.453125 0.140625
vt 0.468750 0.140625
vt 0.468750 0.156250
vt 0.453125 0.156250
vt 0.484375 0.140625
vt 0.500000 0.140625
vt 0.500000 0.156250
vt 0.484375 0.156250
vt 0.390625 0.171875
vt 0.406250 0.171875
vt 0.406250 0.187500
vt 0.390625 0.187500
vt 0.390625 0.140625
vt 0.406250 0.140625
vt 0.406250 0.156250
vt 0.390625 0.156250
vt 0.421875 0.140625
vt 0.437500 0.140625
vt 0.437500 0.156250
vt 0.421875 0.156250
vt 0.390625 0.234375
vt 0.406250 0.234375
vt 0.406250 0.250000
vt 0.390625 0.250000
vt 0.390625 0.203125
vt 0.406250 0.203125
vt 0.406250 0.218750
vt 0.390625 0.218750
vt 0.421875 0.203125
vt 0.437500 0.203125
vt 0.437500 0.218750
vt 0.421875 0.218750
vt 0.453125 0.046875
vt 0.468750 0.046875
vt 0.468750 0.062500
vt 0.453125 0.062500
vt 0.453125 0.015625
vt 0.468750 0.015625
vt 0.468750 0.031250
vt 0.453125 0.031250
vt 0.484375 0.015625
vt 0.500000 0.015625
vt 0.500000 0.031250
vt 0.484375 0.031250
vt 0.390625 0.046875
vt 0.406250 0.046875
vt 0.406250 0.062500
vt 0.390625 0.062500
vt 0.390625 0.015625
vt 0.406250 0.015625
vt 0.406250 0.031250
vt 0.390625 0.031250
vt 0.421875 0.015625
vt 0.437500 0.015625
vt 0.437500 0.031250
vt 0.421875 0.031250
vt 0.390625 0.109375
vt 0.406250 0.109375
vt 0.406250 0.125000
vt 0.390625 0.125000
vt 0.390625 0.078125
vt 0.406250 0.078125
vt 0.406250 0.093750
vt 0.390625 0.093750
vt 0.421875 0.078125
vt 0.437500 0.078125
vt 0.437500 0.093750
vt 0.421875 0.093750
vt 0.578125 0.046875
vt 0.593750 0.046875
vt 0.593750 0.062500
vt 0.578125 0.062500
vt 0.578125 0.015625
vt 0.593750 0.015625
vt 0.593750 0.031250
vt 0.578125 0.031250
vt 0.609375 0.015625
vt 0.625000 0.015625
vt 0.625000 0.031250
vt 0.609375 0.031250
vt 0.515625 0.046875
vt 0.531250 0.046875
vt 0.531250 0.062500
vt 0.515625 0.062500
vt 0.515625 0.015625
vt 0.531250 0.015625
vt 0.531250 0.031250
vt 0.515625 0.031250
vt 0.546875 0.015625
vt 0.562500 0.015625
vt 0.562500 0.031250
vt 0.546875 0.031250
vt 0.515625 0.109375
vt 0.531250 0.109375
vt 0.531250 0.125000
vt 0.515625 0.125000
vt 0.515625 0.078125
vt 0.531250 0.078125
vt 0.531250 0.093750
vt 0.515625 0.093750
vt 0.546875 0.078125
vt 0.562500 0.078125
vt 0.562500 0.093750
vt 0.546875 0.093750
vt 0.578125 0.109375
vt 0.593750 0.109375
vt 0.593750 0.125000
vt 0.578125 0.125000
vt 0.578125 0.078125
vt 0.593750 0.078125
vt 0.593750 0.093750
vt 0.578125 0.093750
vt 0.609375 0.078125
vt 0.625000 0.078125
vt 0.625000 0.093750
vt 0.609375 0.093750
vt 0.453125 0.109375
vt 0.468750 0.109375
vt 0.468750 0.125000
vt 0.453125 0.125000
vt 0.453125 0.078125
vt 0.468750 0.078125
vt 0.468750 0.093750
vt 0.453125 0.093750
vt 0.484375 0.078125
vt 0.500000 0.078125
vt 0.500000 0.093750
vt 0.484375 0.093750
vt 0.453125 0.234375
vt 0.468750 0.234375
vt 0.468750 0.250000
vt 0.453125 0.250000
vt 0.453125 0.203125
vt 0.468750 0.203125
vt 0.468750 0.218750
vt 0.453125 0.218750
vt 0.484375 0.203125
vt 0.500000 0.203125
vt 0.500000 0.218750
vt 0.484375 0.218750
vt 0.578125 0.359375
vt 0.593750 0.359375
vt 0.593750 0.375000
vt 0.578125 0.375000
vt 0.578125 0.328125
vt 0.593750 0.328125
vt 0.593750 0.343750
vt 0.578125 0.343750
vt 0.609375 0.328125
vt 0.625000 0.328125
vt 0.625000 0.343750
vt 0.609375 0.343750
vt 0.453125 0.359375
vt 0.468750 0.359375
vt 0.468750 0.375000
vt 0.453125 0.375000
vt 0.453125 0.328125
vt 0.468750 0.328125
vt 0.468750 0.343750
vt 0.453125 0.343750
vt 0.484375 0.328125
vt 0.500000 0.328125
vt 0.500000 0.343750
vt 0.484375 0.343750
vt 0.453125 0.484375
vt 0.468750 0.484375
vt 0.468750 0.500000
vt 0.453125 0.500000
vt 0.453125 0.453125
vt 0.468750 0.453125
vt 0.468750 0.468750
vt 0.453125 0.468750
vt 0.484375 0.453125
vt 0.500000 0.453125
vt 0.500000 0.468750
vt 0.484375 0.468750
vt 0.578125 0.609375
vt 0.593750 0.609375
vt 0.593750 0.625000
vt 0.578125 0.625000
vt 0.578125 0.578125
vt 0.593750 0.578125
vt 0.593750 0.593750
vt 0.578125 0.593750
vt 0.609375 0.578125
vt 0.625000 0.578125
vt 0.625000 0.593750
vt 0.609375 0.593750
vt 0.453125 0.609375
vt 0.468750 0.609375
vt 0.468750 0.625000
vt 0.453125 0.625000
vt 0.453125 0.578125
vt 0.468750 0.578125
vt 0.468750 0.593750
vt 0.453125 0.593750
vt 0.484375 0.578125
vt 0.500000 0.578125
vt 0.500000 0.593750
vt 0.484375 0.593750
vt 0.453125 0.734375
vt 0.468750 0.734375
vt 0.468750 0.750000
vt 0.453125 0.750000
vt 0.453125 0.703125
vt 0.468750 0.703125
vt 0.468750 0.718750
vt 0.453125 0.718750
vt 0.484375 0.703125
vt 0.500000 0.703125
vt 0.500000 0.718750
vt 0.484375 0.718750
vt 0.578125 0.859375
vt 0.593750 0.859375
vt 0.593750 0.875000
vt 0.578125 0.875000
vt 0.578125 0.828125
vt 0.593750 0.828125
vt 0.593750 0.843750
vt 0.578125 0.843750
vt 0.609375 0.828125
vt 0.625000 0.828125
vt 0.625000 0.843750
vt 0.609375 0.843750
vt 0.453125 0.859375
vt 0.468750 0.859375
vt 0.468750 0.875000
vt 0.453125 0.875000
vt 0.453125 0.828125
vt 0.468750 0.828125
vt 0.468750 0.843750
vt 0.453125 0.843750
vt 0.484375 0.828125
vt 0.500000 0.828125
vt 0.500000 0.843750
vt 0.484375 0.843750
vt 0.453125 0.984375
vt 0.468750 0.984375
vt 0.468750 1.000000
vt 0.453125 1.000000
vt 0.453125 0.953125
vt 0.468750 0.953125
vt 0.468750 0.968750
vt 0.453125 0.968750
vt 0.484375 0.953125
vt 0.500000 0.953125
vt 0.500000 0.968750
vt 0.484375 0.968750
vt 0.328125 0.609375
vt 0.343750 0.609375
vt 0.343750 0.625000
vt 0.328125 0.625000
vt 0.328125 0.578125
vt 0.343750 0.578125
vt 0.343750 0.593750
vt 0.328125 0.593750
vt 0.359375 0.578125
vt 0.375000 0.578125
vt 0.375000 0.593750
vt 0.359375 0.593750
vt 0.203125 0.609375
vt 0.218750 0.609375
vt 0.218750 0.625000
vt 0.203125 0.625000
vt 0.203125 0.578125
vt 0.218750 0.578125
vt 0.218750 0.593750
vt 0.203125 0.593750
vt 0.234375 0.578125
vt 0.250000 0.578125
vt 0.250000 0.593750
vt 0.234375 0.593750
vt 0.203125 0.734375
vt 0.218750 0.734375
vt 0.218750 0.750000
vt 0.203125 0.750000
vt 0.203125 0.703125
vt 0.218750 0.703125
vt 0.218750 0.718750
vt 0.203125 0.718750
vt 0.234375 0.703125
vt 0.250000 0.703125
vt 0.250000 0.718750
vt 0.234375 0.718750
vt 0.828125 0.609375
vt 0.843750 0.609375
vt 0.843750 0.625000
vt 0.828125 0.625000
vt 0.828125 0.578125
vt 0.843750 0.578125
vt 0.843750 0.593750
vt 0.828125 0.593750
vt 0.859375 0.578125
vt 0.875000 0.578125
vt 0.875000 0.593750
vt 0.859375 0.593750
vt 0.703125 0.609375
vt 0.718750 0.609375
vt 0.718750 0.625000
vt 0.703125 0.625000
vt 0.703125 0.578125
vt 0.718750 0.578125
vt 0.718750 0.593750
vt 0.703125 0.593750
vt 0.734375 0.578125
vt 0.750000 0.578125
vt 0.750000 0.593750
vt 0.734375 0.593750
vt 0.703125 0.734375
vt 0.718750 0.734375
vt 0.718750 0.750000
vt 0.703125 0.750000
vt 0.703125 0.703125
vt 0.718750 0.703125
vt 0.718750 0.718750
vt 0.703125 0.718750
vt 0.734375 0.703125
vt 0.750000 0.703125
vt 0.750000 0.718750
vt 0.734375 0.718750
vt 0.828125 0.734375
vt 0.843750 0.734375
vt 0.843750 0.750000
vt 0.828125 0.750000
vt 0.828125 0.703125
vt 0.843750 0.703125
vt 0.843750 0.718750
vt 0.828125 0.718750
vt 0.859375 0.703125
vt 0.875000 0.703125
vt 0.875000 0.718750
vt 0.859375 0.718750
vt 0.328125 0.734375
vt 0.343750 0.734375
vt 0.343750 0.750000
vt 0.328125 0.750000
vt 0.328125 0.703125
vt 0.343750 0.703125
vt 0.343750 0.718750
vt 0.328125 0.718750
vt 0.359375 0.703125
vt 0.375000 0.703125
vt 0.375000 0.718750
vt 0.359375 0.718750
vt 0.578125 0.984375
vt 0.593750 0.984375
vt 0.593750 1.000000
vt 0.578125 1.000000
vt 0.578125 0.953125
vt 0.593750 0.953125
vt 0.593750 0.968750
vt 0.578125 0.968750
vt 0.609375 0.953125
vt 0.625000 0.953125
vt 0.625000 0.968750
vt 0.609375 0.968750
vt 0.578125 0.734375
vt 0.593750 0.734375
vt 0.593750 0.750000
vt 0.578125 0.750000
vt 0.578125 0.703125
vt 0.593750 0.703125
vt 0.593750 0.718750
vt 0.578125 0.718750
vt 0.609375 0.703125
vt 0.625000 0.703125
vt 0.625000 0.718750
vt 0.609375 0.718750
vt 0.578125 0.484375
vt 0.593750 0.484375
vt 0.593750 0.500000
vt 0.578125 0.500000
vt 0.578125 0.453125
vt 0.593750 0.453125
vt 0.593750 0.468750
vt 0.578125 0.468750
vt 0.609375 0.453125
vt 0.625000 0.453125
vt 0.625000 0.468750
vt 0.609375 0.468750
vt 0.578125 0.234375
vt 0.593750 0.234375
vt 0.593750 0.250000
vt 0.578125 0.250000
vt 0.578125 0.203125
vt 0.593750 0.203125
vt 0.593750 0.218750
vt 0.578125 0.218750
vt 0.609375 0.203125
vt 0.625000 0.203125
vt 0.625000 0.218750
vt 0.609375 0.218750
vt 0.531250 0.000000
vt 0.546875 0.000000
vt 0.562500 0.000000
vt 0.500000 0.000000
vt 0.515625 0.000000
vt 0.593750 0.000000
vt 0.609375 0.000000
vt 0.625000 0.000000
vt 0.578125 0.000000
vt 0.375000 0.078125
vt 0.375000 0.093750
vt 0.375000 0.062500
vt 0.375000 0.109375
vt 0.375000 0.125000
vt 0.406250 0.000000
vt 0.421875 0.000000
vt 0.437500 0.000000
vt 0.375000 0.015625
vt 0.375000 0.031250
vt 0.375000 0.000000
vt 0.390625 0.000000
vt 0.375000 0.046875
vt 0.468750 0.000000
vt 0.484375 0.000000
vt 0.453125 0.000000
vt 0.375000 0.203125
vt 0.375000 0.218750
vt 0.375000 0.187500
vt 0.375000 0.234375
vt 0.375000 0.250000
vt 0.375000 0.140625
vt 0.375000 0.156250
vt 0.375000 0.171875
vt 0.375000 0.328125
vt 0.375000 0.343750
vt 0.375000 0.312500
vt 0.375000 0.359375
vt 0.375000 0.375000
vt 0.375000 0.265625
vt 0.375000 0.281250
vt 0.375000 0.296875
vt 0.375000 0.453125
vt 0.375000 0.468750
vt 0.375000 0.437500
vt 0.375000 0.484375
vt 0.375000 0.500000
vt 0.375000 0.390625
vt 0.375000 0.406250
vt 0.375000 0.421875
vt 0.375000 0.828125
vt 0.375000 0.843750
vt 0.375000 0.812500
vt 0.375000 0.859375
vt 0.375000 0.875000
vt 0.375000 0.765625
vt 0.375000 0.781250
vt 0.375000 0.796875
vt 0.375000 0.953125
vt 0.375000 0.968750
vt 0.375000 0.937500
vt 0.375000 0.984375
vt 0.375000 1.000000
vt 0.375000 0.890625
vt 0.375000 0.906250
vt 0.375000 0.921875
vt 0.281250 0.500000
vt 0.296875 0.500000
vt 0.312500 0.500000
vt 0.250000 0.500000
vt 0.265625 0.500000
vt 0.343750 0.500000
vt 0.359375 0.500000
vt 0.328125 0.500000
vt 0.125000 0.578125
vt 0.125000 0.593750
vt 0.125000 0.562500
vt 0.125000 0.609375
vt 0.125000 0.625000
vt 0.156250 0.500000
vt 0.171875 0.500000
vt 0.187500 0.500000
vt 0.125000 0.515625
vt 0.125000 0.531250
vt 0.125000 0.500000
vt 0.140625 0.500000
vt 0.125000 0.546875
vt 0.218750 0.500000
vt 0.234375 0.500000
vt 0.203125 0.500000
vt 0.125000 0.703125
vt 0.125000 0.718750
vt 0.125000 0.687500
vt 0.125000 0.734375
vt 0.125000 0.750000
vt 0.125000 0.640625
vt 0.125000 0.656250
vt 0.125000 0.671875
vt 0.781250 0.500000
vt 0.796875 0.500000
vt 0.812500 0.500000
vt 0.750000 0.500000
vt 0.765625 0.500000
vt 0.843750 0.500000
vt 0.859375 0.500000
vt 0.875000 0.500000
vt 0.828125 0.500000
vt 0.656250 0.500000
vt 0.671875 0.500000
vt 0.687500 0.500000
vt 0.640625 0.500000
vt 0.718750 0.500000
vt 0.734375 0.500000
vt 0.703125 0.500000
s 0
usemtl Material.006
f 8566/6468/8 7417/6469/8 7032/6470/8 7670/6471/8
f 8565/6472/9 7420/6473/9 7036/6474/9 7673/6475/9
f 8564/6476/10 7423/6477/10 7034/6478/10 7676/6479/10
f 8563/6480/11 7426/6481/11 7030/6482/11 7416/6483/11
f 8562/6484/12 7674/6485/12 7033/6486/12 7425/6487/12
f 8561/6488/13 7669/6489/13 7030/6490/13 7426/6491/13
f 8560/6492/13 7439/6493/13 7048/6494/13 7438/6495/13
f 8559/6496/13 7440/6497/13 7049/6498/13 7681/6499/13
f 8558/6500/13 7657/6501/13 7039/6502/13 7682/6503/13
f 8557/6504/12 7443/6505/12 7047/6506/12 7437/6507/12
f 8556/6508/12 7444/6509/12 7050/6510/12 7685/6511/12
f 8555/6512/12 7662/6513/12 7044/6514/12 7686/6515/12
f 8554/6516/11 7447/6517/11 7038/6518/11 7428/6519/11
f 8553/6520/11 7448/6521/11 7051/6522/11 7689/6523/11
f 8552/6524/11 7438/6525/11 7048/6526/11 7690/6527/11
f 8551/6528/10 7451/6529/10 7046/6530/10 7664/6531/10
f 8550/6532/10 7452/6533/10 7052/6534/10 7693/6535/10
f 8549/6536/10 7435/6537/10 7045/6538/10 7694/6539/10
f 8548/6540/9 7455/6541/9 7043/6542/9 7661/6543/9
f 8547/6544/9 7456/6545/9 7053/6546/9 7697/6547/9
f 8546/6548/9 7432/6549/9 7042/6550/9 7698/6551/9
f 8545/6552/8 7459/6553/8 7040/6554/8 7658/6555/8
f 8544/6556/8 7460/6557/8 7054/6558/8 7701/6559/8
f 8543/6560/8 7429/6561/8 7039/6562/8 7702/6563/8
f 8542/6564/8 7511/6565/8 7102/6566/8 7654/6567/8
f 8541/6568/8 7512/6569/8 7103/6570/8 7705/6571/8
f 8540/6572/8 7477/6573/8 7069/6574/8 7706/6575/8
f 8539/6576/8 7515/6577/8 7101/6578/8 7653/6579/8
f 8538/6580/8 7516/6581/8 7104/6582/8 7709/6583/8
f 8537/6584/8 7508/6585/8 7100/6586/8 7710/6587/8
f 8536/6588/8 7519/6589/8 7058/6590/8 7610/6591/8
f 8535/6592/8 7520/6593/8 7105/6594/8 7713/6595/8
f 8534/6596/8 7507/6597/8 7099/6598/8 7714/6599/8
f 8533/6600/9 7523/6601/9 7098/6602/9 7650/6603/9
f 8532/6604/9 7524/6605/9 7106/6606/9 7717/6607/9
f 8531/6608/9 7480/6609/9 7072/6610/9 7718/6611/9
f 8530/6612/9 7527/6613/9 7097/6614/9 7649/6615/9
f 8529/6616/9 7528/6617/9 7107/6618/9 7721/6619/9
f 8528/6620/9 7504/6621/9 7096/6622/9 7722/6623/9
f 8527/6624/9 7531/6625/9 7061/6626/9 7613/6627/9
f 8526/6628/9 7532/6629/9 7108/6630/9 7725/6631/9
f 8525/6632/9 7503/6633/9 7095/6634/9 7726/6635/9
f 8524/6636/10 7535/6637/10 7094/6638/10 7646/6639/10
f 8523/6640/10 7536/6641/10 7109/6642/10 7729/6643/10
f 8522/6644/10 7483/6645/10 7075/6646/10 7730/6647/10
f 8521/6648/10 7539/6649/10 7093/6650/10 7645/6651/10
f 8520/6652/10 7540/6653/10 7110/6654/10 7733/6655/10
f 8519/6656/10 7500/6657/10 7092/6658/10 7734/6659/10
f 8518/6660/10 7543/6661/10 7064/6662/10 7616/6663/10
f 8517/6664/10 7544/6665/10 7111/6666/10 7737/6667/10
f 8516/6668/10 7499/6669/10 7091/6670/10 7738/6671/10
f 8515/6672/11 7547/6673/11 7090/6674/11 7642/6675/11
f 8514/6676/11 7548/6677/11 7112/6678/11 7741/6679/11
f 8513/6680/11 7486/6681/11 7078/6682/11 7742/6683/11
f 8512/6684/11 7551/6685/11 7089/6686/11 7641/6687/11
f 8511/6688/11 7552/6689/11 7113/6690/11 7745/6691/11
f 8510/6692/11 7496/6693/11 7088/6694/11 7746/6695/11
f 8509/6696/11 7555/6697/11 7068/6698/11 7476/6699/11
f 8508/6700/11 7556/6701/11 7114/6702/11 7749/6703/11
f 8507/6704/11 7495/6705/11 7087/6706/11 7750/6707/11
f 8506/6708/12 7559/6709/12 7086/6710/12 7638/6711/12
f 8505/6712/12 7560/6713/12 7115/6714/12 7753/6715/12
f 8504/6716/12 7614/6717/12 7062/6718/12 7754/6719/12
f 8503/6720/12 7563/6721/12 7085/6722/12 7637/6723/12
f 8502/6724/12 7564/6725/12 7116/6726/12 7757/6727/12
f 8501/6728/12 7492/6729/12 7084/6730/12 7758/6731/12
f 8500/6732/12 7567/6733/12 7077/6734/12 7485/6735/12
f 8499/6736/12 7568/6737/12 7117/6738/12 7761/6739/12
f 8498/6740/12 7491/6741/12 7083/6742/12 7762/6743/12
f 8497/6744/13 7571/6745/13 7082/6746/13 7634/6747/13
f 8496/6748/13 7572/6749/13 7118/6750/13 7765/6751/13
f 8495/6752/13 7609/6753/13 7057/6754/13 7766/6755/13
f 8494/6756/13 7575/6757/13 7081/6758/13 7633/6759/13
f 8492/6764/13 7488/6765/13 7080/6766/13 7770/6767/13
f 8491/6768/13 7579/6769/13 7078/6770/13 7486/6771/13
f 8490/6772/13 7580/6773/13 7120/6774/13 7773/6775/13
f 8489/6776/13 7487/6777/13 7079/6778/13 7774/6779/13
f 8488/6780/13 7583/6781/13 7066/6782/13 7474/6783/13
f 8487/6784/13 7584/6785/13 7121/6786/13 7777/6787/13
f 8486/6788/13 7621/6789/13 7069/6790/13 7778/6791/13
f 8485/6792/12 7587/6793/12 7065/6794/12 7473/6795/12
f 8484/6796/12 7588/6797/12 7122/6798/12 7781/6799/12
f 8483/6800/12 7626/6801/12 7074/6802/12 7782/6803/12
f 8482/6804/11 7591/6805/11 7056/6806/11 7464/6807/11
f 8481/6808/11 7592/6809/11 7123/6810/11 7785/6811/11
f 8480/6812/11 7474/6813/11 7066/6814/11 7786/6815/11
f 8479/6816/10 7595/6817/10 7076/6818/10 7628/6819/10
f 8478/6820/10 7596/6821/10 7124/6822/10 7789/6823/10
f 8477/6824/10 7471/6825/10 7063/6826/10 7790/6827/10
f 8476/6828/9 7599/6829/9 7073/6830/9 7625/6831/9
f 8475/6832/9 7600/6833/9 7125/6834/9 7793/6835/9
f 8474/6836/9 7468/6837/9 7060/6838/9 7794/6839/9
f 8473/6840/8 7603/6841/8 7070/6842/8 7622/6843/8
f 8472/6844/8 7604/6845/8 7126/6846/8 7797/6847/8
f 8471/6848/8 7465/6849/8 7057/6850/8 7798/6851/8
f 8470/6852/8 7799/6853/8 7318/6854/8 7606/6855/8
f 8469/6856/8 7800/6857/8 7319/6858/8 7801/6859/8
f 8468/6860/8 7657/6861/8 7177/6862/8 7802/6863/8
f 8467/6864/8 7803/6865/8 7317/6866/8 7605/6867/8
f 8466/6868/8 7804/6869/8 7320/6870/8 7805/6871/8
f 8465/6872/8 7796/6873/8 7316/6874/8 7806/6875/8
f 8464/6876/8 7807/6877/8 7142/6878/8 7430/6879/8
f 8463/6880/8 7808/6881/8 7321/6882/8 7809/6883/8
f 8462/6884/8 7795/6885/8 7315/6886/8 7810/6887/8
f 8461/6888/9 7811/6889/9 7314/6890/9 7602/6891/9
f 8460/6892/9 7812/6893/9 7322/6894/9 7813/6895/9
f 8459/6896/9 7660/6897/9 7180/6898/9 7814/6899/9
f 8458/6900/9 7815/6901/9 7313/6902/9 7601/6903/9
f 8457/6904/9 7816/6905/9 7323/6906/9 7817/6907/9
f 8456/6908/9 7792/6909/9 7312/6910/9 7818/6911/9
f 8455/6912/9 7819/6913/9 7145/6914/9 7433/6915/9
f 8454/6916/9 7820/6917/9 7324/6918/9 7821/6919/9
f 8453/6920/9 7791/6921/9 7311/6922/9 7822/6923/9
f 8452/6924/10 7823/6925/10 7310/6926/10 7598/6927/10
f 8451/6928/10 7824/6929/10 7325/6930/10 7825/6931/10
f 8450/6932/10 7663/6933/10 7183/6934/10 7826/6935/10
f 8449/6936/10 7827/6937/10 7309/6938/10 7597/6939/10
f 8448/6940/10 7828/6941/10 7326/6942/10 7829/6943/10
f 8447/6944/10 7788/6945/10 7308/6946/10 7830/6947/10
f 8446/6948/10 7831/6949/10 7148/6950/10 7436/6951/10
f 8445/6952/10 7832/6953/10 7327/6954/10 7833/6955/10
f 8444/6956/10 7787/6957/10 7307/6958/10 7834/6959/10
f 8443/6960/11 7835/6961/11 7306/6962/11 7594/6963/11
f 8442/6964/11 7836/6965/11 7328/6966/11 7837/6967/11
f 8441/6968/11 7666/6969/11 7186/6970/11 7838/6971/11
f 8440/6972/11 7839/6973/11 7305/6974/11 7593/6975/11
f 8439/6976/11 7840/6977/11 7329/6978/11 7841/6979/11
f 8438/6980/11 7784/6981/11 7304/6982/11 7842/6983/11
f 8437/6984/11 7843/6985/11 7176/6986/11 7656/6987/11
f 8436/6988/11 7844/6989/11 7330/6990/11 7845/6991/11
f 8435/6992/11 7783/6993/11 7303/6994/11 7846/6995/11
f 8434/6996/12 7847/6997/12 7302/6998/12 7590/6999/12
f 8433/7000/12 7848/7001/12 7331/7002/12 7849/7003/12
f 8432/7004/12 7434/7005/12 7146/7006/12 7850/7007/12
f 8431/7008/12 7851/7009/12 7301/7010/12 7589/7011/12
f 8430/7012/12 7852/7013/12 7332/7014/12 7853/7015/12
f 8429/7016/12 7780/7017/12 7300/7018/12 7854/7019/12
f 8428/7020/12 7855/7021/12 7185/7022/12 7665/7023/12
f 8427/7024/12 7856/7025/12 7333/7026/12 7857/7027/12
f 8426/7028/12 7779/7029/12 7299/7030/12 7858/7031/12
f 8425/7032/13 7859/7033/13 7298/7034/13 7586/7035/13
f 8424/7036/13 7860/7037/13 7334/7038/13 7861/7039/13
f 8423/7040/13 7429/7041/13 7141/7042/13 7862/7043/13
f 8422/7044/13 7863/7045/13 7297/7046/13 7585/7047/13
f 8421/7048/13 7864/7049/13 7335/7050/13 7865/7051/13
f 8420/7052/13 7776/7053/13 7296/7054/13 7866/7055/13
f 8419/7056/13 7867/7057/13 7186/7058/13 7666/7059/13
f 8418/7060/13 7868/7061/13 7336/7062/13 7869/7063/13
f 8417/7064/13 7775/7065/13 7295/7066/13 7870/7067/13
f 8416/7068/13 7871/7069/13 7294/7070/13 7582/7071/13
f 8415/7072/13 7872/7073/13 7337/7074/13 7873/7075/13
f 8414/7076/13 7679/7077/13 7199/7078/13 7874/7079/13
f 8411/7088/13 7772/7089/13 7292/7090/13 7878/7091/13
f 8410/7092/13 7879/7093/13 7198/7094/13 7678/7095/13
f 8408/7100/13 7771/7101/13 7291/7102/13 7882/7103/13
f 8407/7104/13 7883/7105/13 7290/7106/13 7578/7107/13
f 8399/7136/13 7767/7137/13 7287/7138/13 7894/7139/13
f 8398/7140/13 7895/7141/13 7286/7142/13 7574/7143/13
f 8396/7148/13 7417/7149/13 7129/7150/13 7898/7151/13
f 8395/7152/13 7899/7153/13 7285/7154/13 7573/7155/13
f 8392/7164/13 7903/7165/13 7154/7166/13 7442/7167/13
f 8391/7168/13 7904/7169/13 7345/7170/13 7905/7171/13
f 8390/7172/13 7763/7173/13 7283/7174/13 7906/7175/13
f 8389/7176/12 7907/7177/12 7282/7178/12 7570/7179/12
f 8388/7180/12 7908/7181/12 7346/7182/12 7909/7183/12
f 8387/7184/12 7683/7185/12 7203/7186/12 7910/7187/12
f 8386/7188/12 7911/7189/12 7281/7190/12 7569/7191/12
f 8385/7192/12 7912/7193/12 7347/7194/12 7913/7195/12
f 8384/7196/12 7760/7197/12 7280/7198/12 7914/7199/12
f 8383/7200/12 7915/7201/12 7197/7202/12 7677/7203/12
f 8382/7204/12 7916/7205/12 7348/7206/12 7917/7207/12
f 8381/7208/12 7759/7209/12 7279/7210/12 7918/7211/12
f 8380/7212/12 7919/7213/12 7278/7214/12 7566/7215/12
f 8379/7216/12 7920/7217/12 7349/7218/12 7921/7219/12
f 8378/7220/12 7684/7221/12 7204/7222/12 7922/7223/12
f 8377/7224/12 7923/7225/12 7277/7226/12 7565/7227/12
f 8376/7228/12 7924/7229/12 7350/7230/12 7925/7231/12
f 8375/7232/12 7756/7233/12 7276/7234/12 7926/7235/12
f 8374/7236/12 7927/7237/12 7157/7238/12 7445/7239/12
f 8373/7240/12 7928/7241/12 7351/7242/12 7929/7243/12
f 8372/7244/12 7755/7245/12 7275/7246/12 7930/7247/12
f 8371/7248/12 7931/7249/12 7274/7250/12 7562/7251/12
f 8370/7252/12 7932/7253/12 7352/7254/12 7933/7255/12
f 8369/7256/12 7422/7257/12 7134/7258/12 7934/7259/12
f 8368/7260/12 7935/7261/12 7273/7262/12 7561/7263/12
f 8367/7264/12 7936/7265/12 7353/7266/12 7937/7267/12
f 8366/7268/12 7752/7269/12 7272/7270/12 7938/7271/12
f 8365/7272/12 7939/7273/12 7158/7274/12 7446/7275/12
f 8364/7276/12 7940/7277/12 7354/7278/12 7941/7279/12
f 8363/7280/12 7751/7281/12 7271/7282/12 7942/7283/12
f 8362/7284/11 7943/7285/11 7270/7286/11 7558/7287/11
f 8361/7288/11 7944/7289/11 7355/7290/11 7945/7291/11
f 8360/7292/11 7687/7293/11 7207/7294/11 7946/7295/11
f 8359/7296/11 7947/7297/11 7269/7298/11 7557/7299/11
f 8358/7300/11 7948/7301/11 7356/7302/11 7949/7303/11
f 8357/7304/11 7748/7305/11 7268/7306/11 7950/7307/11
f 8356/7308/11 7951/7309/11 7188/7310/11 7668/7311/11
f 8355/7312/11 7952/7313/11 7357/7314/11 7953/7315/11
f 8354/7316/11 7747/7317/11 7267/7318/11 7954/7319/11
f 8353/7320/11 7955/7321/11 7266/7322/11 7554/7323/11
f 8352/7324/11 7956/7325/11 7358/7326/11 7957/7327/11
f 8351/7328/11 7688/7329/11 7208/7330/11 7958/7331/11
f 8350/7332/11 7959/7333/11 7265/7334/11 7553/7335/11
f 8349/7336/11 7960/7337/11 7359/7338/11 7961/7339/11
f 8348/7340/11 7744/7341/11 7264/7342/11 7962/7343/11
f 8347/7344/11 7963/7345/11 7161/7346/11 7449/7347/11
f 8346/7348/11 7964/7349/11 7360/7350/11 7965/7351/11
f 8345/7352/11 7743/7353/11 7263/7354/11 7966/7355/11
f 8344/7356/11 7967/7357/11 7262/7358/11 7550/7359/11
f 8343/7360/11 7968/7361/11 7361/7362/11 7969/7363/11
f 8342/7364/11 7678/7365/11 7198/7366/11 7970/7367/11
f 8341/7368/11 7971/7369/11 7261/7370/11 7549/7371/11
f 8340/7372/11 7972/7373/11 7362/7374/11 7973/7375/11
f 8339/7376/11 7740/7377/11 7260/7378/11 7974/7379/11
f 8338/7380/11 7975/7381/11 7162/7382/11 7450/7383/11
f 8337/7384/11 7976/7385/11 7363/7386/11 7977/7387/11
f 8336/7388/11 7739/7389/11 7259/7390/11 7978/7391/11
f 8335/7392/10 7979/7393/10 7258/7394/10 7546/7395/10
f 8334/7396/10 7980/7397/10 7364/7398/10 7981/7399/10
f 8333/7400/10 7691/7401/10 7211/7402/10 7982/7403/10
f 8332/7404/10 7983/7405/10 7257/7406/10 7545/7407/10
f 8331/7408/10 7984/7409/10 7365/7410/10 7985/7411/10
f 8330/7412/10 7736/7413/10 7256/7414/10 7986/7415/10
f 8329/7416/10 7987/7417/10 7136/7418/10 7424/7419/10
f 8328/7420/10 7988/7421/10 7366/7422/10 7989/7423/10
f 8327/7424/10 7735/7425/10 7255/7426/10 7990/7427/10
f 8326/7428/10 7991/7429/10 7254/7430/10 7542/7431/10
f 8325/7432/10 7992/7433/10 7367/7434/10 7993/7435/10
f 8324/7436/10 7692/7437/10 7212/7438/10 7994/7439/10
f 8323/7440/10 7995/7441/10 7253/7442/10 7541/7443/10
f 8322/7444/10 7996/7445/10 7368/7446/10 7997/7447/10
f 8321/7448/10 7732/7449/10 7252/7450/10 7998/7451/10
f 8320/7452/10 7999/7453/10 7165/7454/10 7453/7455/10
f 8319/7456/10 8000/7457/10 7369/7458/10 8001/7459/10
f 8318/7460/10 7731/7461/10 7251/7462/10 8002/7463/10
f 8317/7464/10 8003/7465/10 7250/7466/10 7538/7467/10
f 8316/7468/10 8004/7469/10 7370/7470/10 8005/7471/10
f 8315/7472/10 7675/7473/10 7195/7474/10 8006/7475/10
f 8314/7476/10 8007/7477/10 7249/7478/10 7537/7479/10
f 8313/7480/10 8008/7481/10 7371/7482/10 8009/7483/10
f 8312/7484/10 7728/7485/10 7248/7486/10 8010/7487/10
f 8311/7488/10 8011/7489/10 7166/7490/10 7454/7491/10
f 8310/7492/10 8012/7493/10 7372/7494/10 8013/7495/10
f 8309/7496/10 7727/7497/10 7247/7498/10 8014/7499/10
f 8308/7500/9 8015/7501/9 7246/7502/9 7534/7503/9
f 8307/7504/9 8016/7505/9 7373/7506/9 8017/7507/9
f 8306/7508/9 7695/7509/9 7215/7510/9 8018/7511/9
f 8305/7512/9 8019/7513/9 7245/7514/9 7533/7515/9
f 8304/7516/9 8020/7517/9 7374/7518/9 8021/7519/9
f 8303/7520/9 7724/7521/9 7244/7522/9 8022/7523/9
f 8302/7524/9 8023/7525/9 7133/7526/9 7421/7527/9
f 8301/7528/9 8024/7529/9 7375/7530/9 8025/7531/9
f 8300/7532/9 7723/7533/9 7243/7534/9 8026/7535/9
f 8299/7536/9 8027/7537/9 7242/7538/9 7530/7539/9
f 8298/7540/9 8028/7541/9 7376/7542/9 8029/7543/9
f 8297/7544/9 7696/7545/9 7216/7546/9 8030/7547/9
f 8296/7548/9 8031/7549/9 7241/7550/9 7529/7551/9
f 8295/7552/9 8032/7553/9 7377/7554/9 8033/7555/9
f 8294/7556/9 7720/7557/9 7240/7558/9 8034/7559/9
f 8293/7560/9 8035/7561/9 7169/7562/9 7457/7563/9
f 8292/7564/9 8036/7565/9 7378/7566/9 8037/7567/9
f 8291/7568/9 7719/7569/9 7239/7570/9 8038/7571/9
f 8290/7572/9 8039/7573/9 7238/7574/9 7526/7575/9
f 8289/7576/9 8040/7577/9 7379/7578/9 8041/7579/9
f 8288/7580/9 7672/7581/9 7192/7582/9 8042/7583/9
f 8287/7584/9 8043/7585/9 7237/7586/9 7525/7587/9
f 8286/7588/9 8044/7589/9 7380/7590/9 8045/7591/9
f 8285/7592/9 7716/7593/9 7236/7594/9 8046/7595/9
f 8284/7596/9 8047/7597/9 7170/7598/9 7458/7599/9
f 8283/7600/9 8048/7601/9 7381/7602/9 8049/7603/9
f 8282/7604/9 7715/7605/9 7235/7606/9 8050/7607/9
f 8281/7608/8 8051/7609/8 7234/7610/8 7522/7611/8
f 8280/7612/8 8052/7613/8 7382/7614/8 8053/7615/8
f 8279/7616/8 7699/7617/8 7219/7618/8 8054/7619/8
f 8278/7620/8 8055/7621/8 7233/7622/8 7521/7623/8
f 8277/7624/8 8056/7625/8 7383/7626/8 8057/7627/8
f 8276/7628/8 7712/7629/8 7232/7630/8 8058/7631/8
f 8275/7632/8 8059/7633/8 7130/7634/8 7418/7635/8
f 8274/7636/8 8060/7637/8 7384/7638/8 8061/7639/8
f 8273/7640/8 7711/7641/8 7231/7642/8 8062/7643/8
f 8272/7644/8 8063/7645/8 7230/7646/8 7518/7647/8
f 8271/7648/8 8064/7649/8 7385/7650/8 8065/7651/8
f 8270/7652/8 7700/7653/8 7220/7654/8 8066/7655/8
f 8269/7656/8 8067/7657/8 7229/7658/8 7517/7659/8
f 8268/7660/8 8068/7661/8 7386/7662/8 8069/7663/8
f 8267/7664/8 7708/7665/8 7228/7666/8 8070/7667/8
f 8266/7668/8 8071/7669/8 7173/7670/8 7461/7671/8
f 8265/7672/8 8072/7673/8 7387/7674/8 8073/7675/8
f 8264/7676/8 7707/7677/8 7227/7678/8 8074/7679/8
f 8263/7680/8 8075/7681/8 7226/7682/8 7514/7683/8
f 8262/7684/8 8076/7685/8 7388/7686/8 8077/7687/8
f 8261/7688/8 7669/7689/8 7189/7690/8 8078/7691/8
f 8260/7692/8 8079/7693/8 7225/7694/8 7513/7695/8
f 8259/7696/8 8080/7697/8 7389/7698/8 8081/7699/8
f 8258/7700/8 7704/7701/8 7224/7702/8 8082/7703/8
f 8257/7704/8 8083/7705/8 7174/7706/8 7462/7707/8
f 8256/7708/8 8084/7709/8 7390/7710/8 8085/7711/8
f 8255/7712/8 7703/7713/8 7223/7714/8 8086/7715/8
f 8254/7716/8 8087/7717/8 7222/7718/8 7510/7719/8
f 8253/7720/8 8088/7721/8 7391/7722/8 8089/7723/8
f 8252/7724/8 7621/7725/8 7141/7726/8 8090/7727/8
f 8251/7728/8 8091/7729/8 7221/7730/8 7509/7731/8
f 8250/7732/8 8092/7733/8 7392/7734/8 8093/7735/8
f 8249/7736/8 7652/7737/8 7172/7738/8 8094/7739/8
f 8248/7740/8 8095/7741/8 7178/7742/8 7466/7743/8
f 8247/7744/8 8096/7745/8 7393/7746/8 8097/7747/8
f 8246/7748/8 7651/7749/8 7171/7750/8 8098/7751/8
f 8245/7752/9 8099/7753/9 7218/7754/9 7506/7755/9
f 8244/7756/9 8100/7757/9 7394/7758/9 8101/7759/9
f 8243/7760/9 7624/7761/9 7144/7762/9 8102/7763/9
f 8242/7764/9 8103/7765/9 7217/7766/9 7505/7767/9
f 8241/7768/9 8104/7769/9 7395/7770/9 8105/7771/9
f 8240/7772/9 7648/7773/9 7168/7774/9 8106/7775/9
f 8239/7776/9 8107/7777/9 7181/7778/9 7469/7779/9
f 8238/7780/9 8108/7781/9 7396/7782/9 8109/7783/9
f 8237/7784/9 7647/7785/9 7167/7786/9 8110/7787/9
f 8236/7788/10 8111/7789/10 7214/7790/10 7502/7791/10
f 8235/7792/10 8112/7793/10 7397/7794/10 8113/7795/10
f 8234/7796/10 7627/7797/10 7147/7798/10 8114/7799/10
f 8233/7800/10 8115/7801/10 7213/7802/10 7501/7803/10
f 8232/7804/10 8116/7805/10 7398/7806/10 8117/7807/10
f 8231/7808/10 7644/7809/10 7164/7810/10 8118/7811/10
f 8230/7812/10 8119/7813/10 7184/7814/10 7472/7815/10
f 8229/7816/10 8120/7817/10 7399/7818/10 8121/7819/10
f 8228/7820/10 7643/7821/10 7163/7822/10 8122/7823/10
f 8227/7824/11 8123/7825/11 7210/7826/11 7498/7827/11
f 8226/7828/11 8124/7829/11 7400/7830/11 8125/7831/11
f 8225/7832/11 7630/7833/11 7150/7834/11 8126/7835/11
f 8224/7836/11 8127/7837/11 7209/7838/11 7497/7839/11
f 8223/7840/11 8128/7841/11 7401/7842/11 8129/7843/11
f 8222/7844/11 7640/7845/11 7160/7846/11 8130/7847/11
f 8221/7848/11 8131/7849/11 7140/7850/11 7620/7851/11
f 8220/7852/11 8132/7853/11 7402/7854/11 8133/7855/11
f 8219/7856/11 7639/7857/11 7159/7858/11 8134/7859/11
f 8218/7860/12 8135/7861/12 7206/7862/12 7494/7863/12
f 8217/7864/12 8136/7865/12 7403/7866/12 8137/7867/12
f 8216/7868/12 7470/7869/12 7182/7870/12 8138/7871/12
f 8215/7872/12 8139/7873/12 7205/7874/12 7493/7875/12
f 8214/7876/12 8140/7877/12 7404/7878/12 8141/7879/12
f 8213/7880/12 7636/7881/12 7156/7882/12 8142/7883/12
f 8212/7884/12 8143/7885/12 7149/7886/12 7629/7887/12
f 8211/7888/12 8144/7889/12 7405/7890/12 8145/7891/12
f 8210/7892/12 7635/7893/12 7155/7894/12 8146/7895/12
f 8209/7896/13 8147/7897/13 7202/7898/13 7490/7899/13
f 8208/7900/13 8148/7901/13 7406/7902/13 8149/7903/13
f 8207/7904/13 7465/7905/13 7177/7906/13 8150/7907/13
f 8206/7908/13 8151/7909/13 7201/7910/13 7489/7911/13
f 8205/7912/13 8152/7913/13 7407/7914/13 8153/7915/13
f 8204/7916/13 7632/7917/13 7152/7918/13 8154/7919/13
f 8203/7920/13 8155/7921/13 7150/7922/13 7630/7923/13
f 8202/7924/13 8156/7925/13 7408/7926/13 8157/7927/13
f 8201/7928/13 7631/7929/13 7151/7930/13 8158/7931/13
f 8200/7932/13 8159/7933/13 7138/7934/13 7618/7935/13
f 8199/7936/13 8160/7937/13 7409/7938/13 8161/7939/13
f 8198/7940/13 7477/7941/13 7189/7942/13 8162/7943/13
f 8197/7944/12 8163/7945/12 7137/7946/12 7617/7947/12
f 8196/7948/12 8164/7949/12 7410/7950/12 8165/7951/12
f 8195/7952/12 7482/7953/12 7194/7954/12 8166/7955/12
f 8194/7956/11 8167/7957/11 7128/7958/11 7608/7959/11
f 8193/7960/11 8168/7961/11 7411/7962/11 8169/7963/11
f 8192/7964/11 7618/7965/11 7138/7966/11 8170/7967/11
f 8191/7968/10 8171/7969/10 7196/7970/10 7484/7971/10
f 8190/7972/10 8172/7973/10 7412/7974/10 8173/7975/10
f 8189/7976/10 7615/7977/10 7135/7978/10 8174/7979/10
f 8188/7980/9 8175/7981/9 7193/7982/9 7481/7983/9
f 8187/7984/9 8176/7985/9 7413/7986/9 8177/7987/9
f 8186/7988/9 7612/7989/9 7132/7990/9 8178/7991/9
f 8185/7992/8 8179/7993/8 7190/7994/8 7478/7995/8
f 8184/7996/8 8180/7997/8 7414/7998/8 8181/7999/8
f 8183/8000/8 7609/8001/8 7129/8002/8 8182/8003/8
f 8180/7997/8 8183/8000/8 8182/8003/8 7414/7998/8
f 7318/6854/8 7798/6851/8 8183/8000/8 8180/7997/8
f 7798/6851/8 7057/6850/8 7609/8001/8 8183/8000/8
f 7795/6885/8 8184/7996/8 8181/7999/8 7315/6886/8
f 7126/6846/8 7606/6855/8 8184/7996/8 7795/6885/8
f 7606/6855/8 7318/6854/8 8180/7997/8 8184/7996/8
f 7603/6841/8 8185/7992/8 7478/7995/8 7070/6842/8
f 7315/6886/8 8181/7999/8 8185/7992/8 7603/6841/8
f 8181/7999/8 7414/7998/8 8179/7993/8 8185/7992/8
f 8176/7985/9 8186/7988/9 8178/7991/9 7413/7986/9
f 7314/6890/9 7794/6839/9 8186/7988/9 8176/7985/9
f 7794/6839/9 7060/6838/9 7612/7989/9 8186/7988/9
f 7791/6921/9 8187/7984/9 8177/7987/9 7311/6922/9
f 7125/6834/9 7602/6891/9 8187/7984/9 7791/6921/9
f 7602/6891/9 7314/6890/9 8176/7985/9 8187/7984/9
f 7599/6829/9 8188/7980/9 7481/7983/9 7073/6830/9
f 7311/6922/9 8177/7987/9 8188/7980/9 7599/6829/9
f 8177/7987/9 7413/7986/9 8175/7981/9 8188/7980/9
f 8172/7973/10 8189/7976/10 8174/7979/10 7412/7974/10
f 7310/6926/10 7790/6827/10 8189/7976/10 8172/7973/10
f 7790/6827/10 7063/6826/10 7615/7977/10 8189/7976/10
f 7787/6957/10 8190/7972/10 8173/7975/10 7307/6958/10
f 7124/6822/10 7598/6927/10 8190/7972/10 7787/6957/10
f 7598/6927/10 7310/6926/10 8172/7973/10 8190/7972/10
f 7595/6817/10 8191/7968/10 7484/7971/10 7076/6818/10
f 7307/6958/10 8173/7975/10 8191/7968/10 7595/6817/10
f 8173/7975/10 7412/7974/10 8171/7969/10 8191/7968/10
f 8168/7961/11 8192/7964/11 8170/7967/11 7411/7962/11
f 7306/6962/11 7786/6815/11 8192/7964/11 8168/7961/11
f 7786/6815/11 7066/6814/11 7618/7965/11 8192/7964/11
f 7783/6993/11 8193/7960/11 8169/7963/11 7303/6994/11
f 7123/6810/11 7594/6963/11 8193/7960/11 7783/6993/11
f 7594/6963/11 7306/6962/11 8168/7961/11 8193/7960/11
f 7591/6805/11 8194/7956/11 7608/7959/11 7056/6806/11
f 7303/6994/11 8169/7963/11 8194/7956/11 7591/6805/11
f 8169/7963/11 7411/7962/11 8167/7957/11 8194/7956/11
f 8164/7949/12 8195/7952/12 8166/7955/12 7410/7950/12
f 7302/6998/12 7782/6803/12 8195/7952/12 8164/7949/12
f 7782/6803/12 7074/6802/12 7482/7953/12 8195/7952/12
f 7779/7029/12 8196/7948/12 8165/7951/12 7299/7030/12
f 7122/6798/12 7590/6999/12 8196/7948/12 7779/7029/12
f 7590/6999/12 7302/6998/12 8164/7949/12 8196/7948/12
f 7587/6793/12 8197/7944/12 7617/7947/12 7065/6794/12
f 7299/7030/12 8165/7951/12 8197/7944/12 7587/6793/12
f 8165/7951/12 7410/7950/12 8163/7945/12 8197/7944/12
f 7778/6791/13 7069/6790/13 7477/7941/13 8198/7940/13
f 7775/7065/13 8199/7936/13 8161/7939/13 7295/7066/13
f 7121/6786/13 7586/7035/13 8199/7936/13 7775/7065/13
f 7586/7035/13 7298/7034/13 8160/7937/13 8199/7936/13
f 7583/6781/13 8200/7932/13 7618/7935/13 7066/6782/13
f 8156/7925/13 8201/7928/13 8158/7931/13 7408/7926/13
f 7294/7070/13 7774/6779/13 8201/7928/13 8156/7925/13
f 7774/6779/13 7079/6778/13 7631/7929/13 8201/7928/13
f 7771/7101/13 8202/7924/13 8157/7927/13 7291/7102/13
f 7120/6774/13 7582/7071/13 8202/7924/13 7771/7101/13
f 7582/7071/13 7294/7070/13 8156/7925/13 8202/7924/13
f 7579/6769/13 8203/7920/13 7630/7923/13 7078/6770/13
f 8152/7913/13 8204/7916/13 8154/7919/13 7407/7914/13
f 7290/7106/13 7770/6767/13 8204/7916/13 8152/7913/13
f 7770/6767/13 7080/6766/13 7632/7917/13 8204/7916/13
f 7767/7137/13 8205/7912/13 8153/7915/13 7287/7138/13
f 7578/7107/13 7290/7106/13 8152/7913/13 8205/7912/13
f 7575/6757/13 8206/7908/13 7489/7911/13 7081/6758/13
f 7287/7138/13 8153/7915/13 8206/7908/13 7575/6757/13
f 8153/7915/13 7407/7914/13 8151/7909/13 8206/7908/13
f 7766/6755/13 7057/6754/13 7465/7905/13 8207/7904/13
f 7763/7173/13 8208/7900/13 8149/7903/13 7283/7174/13
f 7118/6750/13 7574/7143/13 8208/7900/13 7763/7173/13
f 7574/7143/13 7286/7142/13 8148/7901/13 8208/7900/13
f 7571/6745/13 8209/7896/13 7490/7899/13 7082/6746/13
f 7283/7174/13 8149/7903/13 8209/7896/13 7571/6745/13
f 8149/7903/13 7406/7902/13 8147/7897/13 8209/7896/13
f 8144/7889/12 8210/7892/12 8146/7895/12 7405/7890/12
f 7282/7178/12 7762/6743/12 8210/7892/12 8144/7889/12
f 7762/6743/12 7083/6742/12 7635/7893/12 8210/7892/12
f 7759/7209/12 8211/7888/12 8145/7891/12 7279/7210/12
f 7117/6738/12 7570/7179/12 8211/7888/12 7759/7209/12
f 7570/7179/12 7282/7178/12 8144/7889/12 8211/7888/12
f 7567/6733/12 8212/7884/12 7629/7887/12 7077/6734/12
f 7279/7210/12 8145/7891/12 8212/7884/12 7567/6733/12
f 8145/7891/12 7405/7890/12 8143/7885/12 8212/7884/12
f 8140/7877/12 8213/7880/12 8142/7883/12 7404/7878/12
f 7278/7214/12 7758/6731/12 8213/7880/12 8140/7877/12
f 7758/6731/12 7084/6730/12 7636/7881/12 8213/7880/12
f 7755/7245/12 8214/7876/12 8141/7879/12 7275/7246/12
f 7116/6726/12 7566/7215/12 8214/7876/12 7755/7245/12
f 7566/7215/12 7278/7214/12 8140/7877/12 8214/7876/12
f 7563/6721/12 8215/7872/12 7493/7875/12 7085/6722/12
f 7275/7246/12 8141/7879/12 8215/7872/12 7563/6721/12
f 8141/7879/12 7404/7878/12 8139/7873/12 8215/7872/12
f 8136/7865/12 8216/7868/12 8138/7871/12 7403/7866/12
f 7274/7250/12 7754/6719/12 8216/7868/12 8136/7865/12
f 7754/6719/12 7062/6718/12 7470/7869/12 8216/7868/12
f 7751/7281/12 8217/7864/12 8137/7867/12 7271/7282/12
f 7115/6714/12 7562/7251/12 8217/7864/12 7751/7281/12
f 7562/7251/12 7274/7250/12 8136/7865/12 8217/7864/12
f 7559/6709/12 8218/7860/12 7494/7863/12 7086/6710/12
f 7271/7282/12 8137/7867/12 8218/7860/12 7559/6709/12
f 8137/7867/12 7403/7866/12 8135/7861/12 8218/7860/12
f 8132/7853/11 8219/7856/11 8134/7859/11 7402/7854/11
f 7270/7286/11 7750/6707/11 8219/7856/11 8132/7853/11
f 7750/6707/11 7087/6706/11 7639/7857/11 8219/7856/11
f 7747/7317/11 8220/7852/11 8133/7855/11 7267/7318/11
f 7114/6702/11 7558/7287/11 8220/7852/11 7747/7317/11
f 7558/7287/11 7270/7286/11 8132/7853/11 8220/7852/11
f 7555/6697/11 8221/7848/11 7620/7851/11 7068/6698/11
f 7267/7318/11 8133/7855/11 8221/7848/11 7555/6697/11
f 8133/7855/11 7402/7854/11 8131/7849/11 8221/7848/11
f 8128/7841/11 8222/7844/11 8130/7847/11 7401/7842/11
f 7266/7322/11 7746/6695/11 8222/7844/11 8128/7841/11
f 7746/6695/11 7088/6694/11 7640/7845/11 8222/7844/11
f 7743/7353/11 8223/7840/11 8129/7843/11 7263/7354/11
f 7113/6690/11 7554/7323/11 8223/7840/11 7743/7353/11
f 7554/7323/11 7266/7322/11 8128/7841/11 8223/7840/11
f 7551/6685/11 8224/7836/11 7497/7839/11 7089/6686/11
f 7263/7354/11 8129/7843/11 8224/7836/11 7551/6685/11
f 8129/7843/11 7401/7842/11 8127/7837/11 8224/7836/11
f 8124/7829/11 8225/7832/11 8126/7835/11 7400/7830/11
f 7262/7358/11 7742/6683/11 8225/7832/11 8124/7829/11
f 7742/6683/11 7078/6682/11 7630/7833/11 8225/7832/11
f 7739/7389/11 8226/7828/11 8125/7831/11 7259/7390/11
f 7112/6678/11 7550/7359/11 8226/7828/11 7739/7389/11
f 7550/7359/11 7262/7358/11 8124/7829/11 8226/7828/11
f 7547/6673/11 8227/7824/11 7498/7827/11 7090/6674/11
f 7259/7390/11 8125/7831/11 8227/7824/11 7547/6673/11
f 8125/7831/11 7400/7830/11 8123/7825/11 8227/7824/11
f 8120/7817/10 8228/7820/10 8122/7823/10 7399/7818/10
f 7258/7394/10 7738/6671/10 8228/7820/10 8120/7817/10
f 7738/6671/10 7091/6670/10 7643/7821/10 8228/7820/10
f 7735/7425/10 8229/7816/10 8121/7819/10 7255/7426/10
f 7111/6666/10 7546/7395/10 8229/7816/10 7735/7425/10
f 7546/7395/10 7258/7394/10 8120/7817/10 8229/7816/10
f 7543/6661/10 8230/7812/10 7472/7815/10 7064/6662/10
f 7255/7426/10 8121/7819/10 8230/7812/10 7543/6661/10
f 8121/7819/10 7399/7818/10 8119/7813/10 8230/7812/10
f 8116/7805/10 8231/7808/10 8118/7811/10 7398/7806/10
f 7254/7430/10 7734/6659/10 8231/7808/10 8116/7805/10
f 7734/6659/10 7092/6658/10 7644/7809/10 8231/7808/10
f 7731/7461/10 8232/7804/10 8117/7807/10 7251/7462/10
f 7110/6654/10 7542/7431/10 8232/7804/10 7731/7461/10
f 7542/7431/10 7254/7430/10 8116/7805/10 8232/7804/10
f 7539/6649/10 8233/7800/10 7501/7803/10 7093/6650/10
f 7251/7462/10 8117/7807/10 8233/7800/10 7539/6649/10
f 8117/7807/10 7398/7806/10 8115/7801/10 8233/7800/10
f 8112/7793/10 8234/7796/10 8114/7799/10 7397/7794/10
f 7250/7466/10 7730/6647/10 8234/7796/10 8112/7793/10
f 7730/6647/10 7075/6646/10 7627/7797/10 8234/7796/10
f 7727/7497/10 8235/7792/10 8113/7795/10 7247/7498/10
f 7109/6642/10 7538/7467/10 8235/7792/10 7727/7497/10
f 7538/7467/10 7250/7466/10 8112/7793/10 8235/7792/10
f 7535/6637/10 8236/7788/10 7502/7791/10 7094/6638/10
f 7247/7498/10 8113/7795/10 8236/7788/10 7535/6637/10
f 8113/7795/10 7397/7794/10 8111/7789/10 8236/7788/10
f 8108/7781/9 8237/7784/9 8110/7787/9 7396/7782/9
f 7246/7502/9 7726/6635/9 8237/7784/9 8108/7781/9
f 7726/6635/9 7095/6634/9 7647/7785/9 8237/7784/9
f 7723/7533/9 8238/7780/9 8109/7783/9 7243/7534/9
f 7108/6630/9 7534/7503/9 8238/7780/9 7723/7533/9
f 7534/7503/9 7246/7502/9 8108/7781/9 8238/7780/9
f 7531/6625/9 8239/7776/9 7469/7779/9 7061/6626/9
f 7243/7534/9 8109/7783/9 8239/7776/9 7531/6625/9
f 8109/7783/9 7396/7782/9 8107/7777/9 8239/7776/9
f 8104/7769/9 8240/7772/9 8106/7775/9 7395/7770/9
f 7242/7538/9 7722/6623/9 8240/7772/9 8104/7769/9
f 7722/6623/9 7096/6622/9 7648/7773/9 8240/7772/9
f 7719/7569/9 8241/7768/9 8105/7771/9 7239/7570/9
f 7107/6618/9 7530/7539/9 8241/7768/9 7719/7569/9
f 7530/7539/9 7242/7538/9 8104/7769/9 8241/7768/9
f 7527/6613/9 8242/7764/9 7505/7767/9 7097/6614/9
f 7239/7570/9 8105/7771/9 8242/7764/9 7527/6613/9
f 8105/7771/9 7395/7770/9 8103/7765/9 8242/7764/9
f 8100/7757/9 8243/7760/9 8102/7763/9 7394/7758/9
f 7238/7574/9 7718/6611/9 8243/7760/9 8100/7757/9
f 7718/6611/9 7072/6610/9 7624/7761/9 8243/7760/9
f 7715/7605/9 8244/7756/9 8101/7759/9 7235/7606/9
f 7106/6606/9 7526/7575/9 8244/7756/9 7715/7605/9
f 7526/7575/9 7238/7574/9 8100/7757/9 8244/7756/9
f 7523/6601/9 8245/7752/9 7506/7755/9 7098/6602/9
f 7235/7606/9 8101/7759/9 8245/7752/9 7523/6601/9
f 8101/7759/9 7394/7758/9 8099/7753/9 8245/7752/9
f 8096/7745/8 8246/7748/8 8098/7751/8 7393/7746/8
f 7234/7610/8 7714/6599/8 8246/7748/8 8096/7745/8
f 7714/6599/8 7099/6598/8 7651/7749/8 8246/7748/8
f 7711/7641/8 8247/7744/8 8097/7747/8 7231/7642/8
f 7105/6594/8 7522/7611/8 8247/7744/8 7711/7641/8
f 7522/7611/8 7234/7610/8 8096/7745/8 8247/7744/8
f 7519/6589/8 8248/7740/8 7466/7743/8 7058/6590/8
f 7231/7642/8 8097/7747/8 8248/7740/8 7519/6589/8
f 8097/7747/8 7393/7746/8 8095/7741/8 8248/7740/8
f 8092/7733/8 8249/7736/8 8094/7739/8 7392/7734/8
f 7230/7646/8 7710/6587/8 8249/7736/8 8092/7733/8
f 7710/6587/8 7100/6586/8 7652/7737/8 8249/7736/8
f 7707/7677/8 8250/7732/8 8093/7735/8 7227/7678/8
f 7104/6582/8 7518/7647/8 8250/7732/8 7707/7677/8
f 7518/7647/8 7230/7646/8 8092/7733/8 8250/7732/8
f 7515/6577/8 8251/7728/8 7509/7731/8 7101/6578/8
f 7227/7678/8 8093/7735/8 8251/7728/8 7515/6577/8
f 8093/7735/8 7392/7734/8 8091/7729/8 8251/7728/8
f 8088/7721/8 8252/7724/8 8090/7727/8 7391/7722/8
f 7226/7682/8 7706/6575/8 8252/7724/8 8088/7721/8
f 7706/6575/8 7069/6574/8 7621/7725/8 8252/7724/8
f 7703/7713/8 8253/7720/8 8089/7723/8 7223/7714/8
f 7103/6570/8 7514/7683/8 8253/7720/8 7703/7713/8
f 7514/7683/8 7226/7682/8 8088/7721/8 8253/7720/8
f 7511/6565/8 8254/7716/8 7510/7719/8 7102/6566/8
f 7223/7714/8 8089/7723/8 8254/7716/8 7511/6565/8
f 8089/7723/8 7391/7722/8 8087/7717/8 8254/7716/8
f 8084/7709/8 8255/7712/8 8086/7715/8 7390/7710/8
f 7225/7694/8 7705/6571/8 8255/7712/8 8084/7709/8
f 7705/6571/8 7103/6570/8 7703/7713/8 8255/7712/8
f 7652/7737/8 8256/7708/8 8085/7711/8 7172/7738/8
f 7100/6586/8 7513/7695/8 8256/7708/8 7652/7737/8
f 7513/7695/8 7225/7694/8 8084/7709/8 8256/7708/8
f 7460/6557/8 8257/7704/8 7462/7707/8 7054/6558/8
f 7172/7738/8 8085/7711/8 8257/7704/8 7460/6557/8
f 8085/7711/8 7390/7710/8 8083/7705/8 8257/7704/8
f 8080/7697/8 8258/7700/8 8082/7703/8 7389/7698/8
f 7176/8004/8 7464/8005/8 8258/7700/8 8080/7697/8
f 7464/8005/8 7056/8006/8 7704/7701/8 8258/7700/8
f 7700/7653/8 8259/7696/8 8081/7699/8 7220/7654/8
f 7038/8007/8 7656/8008/8 8259/7696/8 7700/7653/8
f 7656/8008/8 7176/8004/8 8080/7697/8 8259/7696/8
f 7508/6585/8 8260/7692/8 7513/7695/8 7100/6586/8
f 7220/7654/8 8081/7699/8 8260/7692/8 7508/6585/8
f 8081/7699/8 7389/7698/8 8079/7693/8 8260/7692/8
f 8076/7685/8 8261/7688/8 8078/7691/8 7388/7686/8
f 7128/8009/8 7416/8010/8 8261/7688/8 8076/7685/8
f 7416/8010/8 7030/8011/8 7669/7689/8 8261/7688/8
f 7704/7701/8 8262/7684/8 8077/7687/8 7224/7702/8
f 7056/8006/8 7608/8012/8 8262/7684/8 7704/7701/8
f 7608/8012/8 7128/8009/8 8076/7685/8 8262/7684/8
f 7512/6569/8 8263/7680/8 7514/7683/8 7103/6570/8
f 7224/7702/8 8077/7687/8 8263/7680/8 7512/6569/8
f 8077/7687/8 7388/7686/8 8075/7681/8 8263/7680/8
f 8072/7673/8 8264/7676/8 8074/7679/8 7387/7674/8
f 7229/7658/8 7709/6583/8 8264/7676/8 8072/7673/8
f 7709/6583/8 7104/6582/8 7707/7677/8 8264/7676/8
f 7463/8013/8 8265/7672/8 8073/7675/8 7175/8014/8
f 7055/8015/8 7517/7659/8 8265/7672/8 7463/8013/8
f 7517/7659/8 7229/7658/8 8072/7673/8 8265/7672/8
f 7655/8016/8 8266/7668/8 7461/7671/8 7037/8017/8
f 7175/8014/8 8073/7675/8 8266/7668/8 7655/8016/8
f 8073/7675/8 7387/7674/8 8071/7669/8 8266/7668/8
f 8068/7661/8 8267/7664/8 8070/7667/8 7386/7662/8
f 7188/8018/8 7476/8019/8 8267/7664/8 8068/7661/8
f 7476/8019/8 7068/8020/8 7708/7665/8 8267/7664/8
f 7415/8021/8 8268/7660/8 8069/7663/8 7127/8022/8
f 7029/8023/8 7668/8024/8 8268/7660/8 7415/8021/8
f 7668/8024/8 7188/8018/8 8068/7661/8 8268/7660/8
f 7607/8025/8 8269/7656/8 7517/7659/8 7055/8015/8
f 7127/8022/8 8069/7663/8 8269/7656/8 7607/8025/8
f 8069/7663/8 7386/7662/8 8067/7657/8 8269/7656/8
f 8064/7649/8 8270/7652/8 8066/7655/8 7385/7650/8
f 7140/8026/8 7428/8027/8 8270/7652/8 8064/7649/8
f 7428/8027/8 7038/8007/8 7700/7653/8 8270/7652/8
f 7708/7665/8 8271/7648/8 8065/7651/8 7228/7666/8
f 7068/8020/8 7620/8028/8 8271/7648/8 7708/7665/8
f 7620/8028/8 7140/8026/8 8064/7649/8 8271/7648/8
f 7516/6581/8 8272/7644/8 7518/7647/8 7104/6582/8
f 7228/7666/8 8065/7651/8 8272/7644/8 7516/6581/8
f 8065/7651/8 7385/7650/8 8063/7645/8 8272/7644/8
f 8060/7637/8 8273/7640/8 8062/7643/8 7384/7638/8
f 7233/7622/8 7713/6595/8 8273/7640/8 8060/7637/8
f 7713/6595/8 7105/6594/8 7711/7641/8 8273/7640/8
f 7475/8029/8 8274/7636/8 8061/7639/8 7187/8030/8
f 7067/8031/8 7521/7623/8 8274/7636/8 7475/8029/8
f 7521/7623/8 7233/7622/8 8060/7637/8 8274/7636/8
f 7667/8032/8 8275/7632/8 7418/7635/8 7031/8033/8
f 7187/8030/8 8061/7639/8 8275/7632/8 7667/8032/8
f 8061/7639/8 7384/7638/8 8059/7633/8 8275/7632/8
f 8056/7625/8 8276/7628/8 8058/7631/8 7383/7626/8
f 7173/7670/8 7653/6579/8 8276/7628/8 8056/7625/8
f 7653/6579/8 7101/6578/8 7712/7629/8 8276/7628/8
f 7427/8034/8 8277/7624/8 8057/7627/8 7139/8035/8
f 7037/8017/8 7461/7671/8 8277/7624/8 7427/8034/8
f 7461/7671/8 7173/7670/8 8056/7625/8 8277/7624/8
f 7619/8036/8 8278/7620/8 7521/7623/8 7067/8031/8
f 7139/8035/8 8057/7627/8 8278/7620/8 7619/8036/8
f 8057/7627/8 7383/7626/8 8055/7621/8 8278/7620/8
f 8052/7613/8 8279/7616/8 8054/7619/8 7382/7614/8
f 7221/7730/8 7701/6559/8 8279/7616/8 8052/7613/8
f 7701/6559/8 7054/6558/8 7699/7617/8 8279/7616/8
f 7712/7629/8 8280/7612/8 8053/7615/8 7232/7630/8
f 7101/6578/8 7509/7731/8 8280/7612/8 7712/7629/8
f 7509/7731/8 7221/7730/8 8052/7613/8 8280/7612/8
f 7520/6593/8 8281/7608/8 7522/7611/8 7105/6594/8
f 7232/7630/8 8053/7615/8 8281/7608/8 7520/6593/8
f 8053/7615/8 7382/7614/8 8051/7609/8 8281/7608/8
f 8048/7601/9 8282/7604/9 8050/7607/9 7381/7602/9
f 7237/7586/9 7717/6607/9 8282/7604/9 8048/7601/9
f 7717/6607/9 7106/6606/9 7715/7605/9 8282/7604/9
f 7648/7773/9 8283/7600/9 8049/7603/9 7168/7774/9
f 7096/6622/9 7525/7587/9 8283/7600/9 7648/7773/9
f 7525/7587/9 7237/7586/9 8048/7601/9 8283/7600/9
f 7456/6545/9 8284/7596/9 7458/7599/9 7053/6546/9
f 7168/7774/9 8049/7603/9 8284/7596/9 7456/6545/9
f 8049/7603/9 7381/7602/9 8047/7597/9 8284/7596/9
f 8044/7589/9 8285/7592/9 8046/7595/9 7380/7590/9
f 7142/6878/9 7622/6843/9 8285/7592/9 8044/7589/9
f 7622/6843/9 7070/6842/9 7716/7593/9 8285/7592/9
f 7696/7545/9 8286/7588/9 8045/7591/9 7216/7546/9
f 7040/6554/9 7430/6879/9 8286/7588/9 7696/7545/9
f 7430/6879/9 7142/6878/9 8044/7589/9 8286/7588/9
f 7504/6621/9 8287/7584/9 7525/7587/9 7096/6622/9
f 7216/7546/9 8045/7591/9 8287/7584/9 7504/6621/9
f 8045/7591/9 7380/7590/9 8043/7585/9 8287/7584/9
f 8040/7577/9 8288/7580/9 8042/7583/9 7379/7578/9
f 7190/7994/9 7670/6471/9 8288/7580/9 8040/7577/9
f 7670/6471/9 7032/6470/9 7672/7581/9 8288/7580/9
f 7716/7593/9 8289/7576/9 8041/7579/9 7236/7594/9
f 7070/6842/9 7478/7995/9 8289/7576/9 7716/7593/9
f 7478/7995/9 7190/7994/9 8040/7577/9 8289/7576/9
f 7524/6605/9 8290/7572/9 7526/7575/9 7106/6606/9
f 7236/7594/9 8041/7579/9 8290/7572/9 7524/6605/9
f 8041/7579/9 7379/7578/9 8039/7573/9 8290/7572/9
f 8036/7565/9 8291/7568/9 8038/7571/9 7378/7566/9
f 7241/7550/9 7721/6619/9 8291/7568/9 8036/7565/9
f 7721/6619/9 7107/6618/9 7719/7569/9 8291/7568/9
f 7467/8037/9 8292/7564/9 8037/7567/9 7179/8038/9
f 7059/8039/9 7529/7551/9 8292/7564/9 7467/8037/9
f 7529/7551/9 7241/7550/9 8036/7565/9 8292/7564/9
f 7659/8040/9 8293/7560/9 7457/7563/9 7041/8041/9
f 7179/8038/9 8037/7567/9 8293/7560/9 7659/8040/9
f 8037/7567/9 7378/7566/9 8035/7561/9 8293/7560/9
f 8032/7553/9 8294/7556/9 8034/7559/9 7377/7554/9
f 7130/7634/9 7610/6591/9 8294/7556/9 8032/7553/9
f 7610/6591/9 7058/6590/9 7720/7557/9 8294/7556/9
f 7419/8042/9 8295/7552/9 8033/7555/9 7131/8043/9
f 7031/8033/9 7418/7635/9 8295/7552/9 7419/8042/9
f 7418/7635/9 7130/7634/9 8032/7553/9 8295/7552/9
f 7611/8044/9 8296/7548/9 7529/7551/9 7059/8039/9
f 7131/8043/9 8033/7555/9 8296/7548/9 7611/8044/9
f 8033/7555/9 7377/7554/9 8031/7549/9 8296/7548/9
f 8028/7541/9 8297/7544/9 8030/7547/9 7376/7542/9
f 7178/7742/9 7658/6555/9 8297/7544/9 8028/7541/9
f 7658/6555/9 7040/6554/9 7696/7545/9 8297/7544/9
f 7720/7557/9 8298/7540/9 8029/7543/9 7240/7558/9
f 7058/6590/9 7466/7743/9 8298/7540/9 7720/7557/9
f 7466/7743/9 7178/7742/9 8028/7541/9 8298/7540/9
f 7528/6617/9 8299/7536/9 7530/7539/9 7107/6618/9
f 7240/7558/9 8029/7543/9 8299/7536/9 7528/6617/9
f 8029/7543/9 7376/7542/9 8027/7537/9 8299/7536/9
f 8024/7529/9 8300/7532/9 8026/7535/9 7375/7530/9
f 7245/7514/9 7725/6631/9 8300/7532/9 8024/7529/9
f 7725/6631/9 7108/6630/9 7723/7533/9 8300/7532/9
f 7479/8045/9 8301/7528/9 8025/7531/9 7191/8046/9
f 7071/8047/9 7533/7515/9 8301/7528/9 7479/8045/9
f 7533/7515/9 7245/7514/9 8024/7529/9 8301/7528/9
f 7671/8048/9 8302/7524/9 7421/7527/9 7035/8049/9
f 7191/8046/9 8025/7531/9 8302/7524/9 7671/8048/9
f 8025/7531/9 7375/7530/9 8023/7525/9 8302/7524/9
f 8020/7517/9 8303/7520/9 8022/7523/9 7374/7518/9
f 7169/7562/9 7649/6615/9 8303/7520/9 8020/7517/9
f 7649/6615/9 7097/6614/9 7724/7521/9 8303/7520/9
f 7431/8050/9 8304/7516/9 8021/7519/9 7143/8051/9
f 7041/8041/9 7457/7563/9 8304/7516/9 7431/8050/9
f 7457/7563/9 7169/7562/9 8020/7517/9 8304/7516/9
f 7623/8052/9 8305/7512/9 7533/7515/9 7071/8047/9
f 7143/8051/9 8021/7519/9 8305/7512/9 7623/8052/9
f 8021/7519/9 7374/7518/9 8019/7513/9 8305/7512/9
f 8016/7505/9 8306/7508/9 8018/7511/9 7373/7506/9
f 7217/7766/9 7697/6547/9 8306/7508/9 8016/7505/9
f 7697/6547/9 7053/6546/9 7695/7509/9 8306/7508/9
f 7724/7521/9 8307/7504/9 8017/7507/9 7244/7522/9
f 7097/6614/9 7505/7767/9 8307/7504/9 7724/7521/9
f 7505/7767/9 7217/7766/9 8016/7505/9 8307/7504/9
f 7532/6629/9 8308/7500/9 7534/7503/9 7108/6630/9
f 7244/7522/9 8017/7507/9 8308/7500/9 7532/6629/9
f 8017/7507/9 7373/7506/9 8015/7501/9 8308/7500/9
f 8012/7493/10 8309/7496/10 8014/7499/10 7372/7494/10
f 7249/7478/10 7729/6643/10 8309/7496/10 8012/7493/10
f 7729/6643/10 7109/6642/10 7727/7497/10 8309/7496/10
f 7644/7809/10 8310/7492/10 8013/7495/10 7164/7810/10
f 7092/6658/10 7537/7479/10 8310/7492/10 7644/7809/10
f 7537/7479/10 7249/7478/10 8012/7493/10 8310/7492/10
f 7452/6533/10 8311/7488/10 7454/7491/10 7052/6534/10
f 7164/7810/10 8013/7495/10 8311/7488/10 7452/6533/10
f 8013/7495/10 7372/7494/10 8011/7489/10 8311/7488/10
f 8008/7481/10 8312/7484/10 8010/7487/10 7371/7482/10
f 7145/6914/10 7625/6831/10 8312/7484/10 8008/7481/10
f 7625/6831/10 7073/6830/10 7728/7485/10 8312/7484/10
f 7692/7437/10 8313/7480/10 8009/7483/10 7212/7438/10
f 7043/6542/10 7433/6915/10 8313/7480/10 7692/7437/10
f 7433/6915/10 7145/6914/10 8008/7481/10 8313/7480/10
f 7500/6657/10 8314/7476/10 7537/7479/10 7092/6658/10
f 7212/7438/10 8009/7483/10 8314/7476/10 7500/6657/10
f 8009/7483/10 7371/7482/10 8007/7477/10 8314/7476/10
f 8004/7469/10 8315/7472/10 8006/7475/10 7370/7470/10
f 7193/7982/10 7673/6475/10 8315/7472/10 8004/7469/10
f 7673/6475/10 7036/6474/10 7675/7473/10 8315/7472/10
f 7728/7485/10 8316/7468/10 8005/7471/10 7248/7486/10
f 7073/6830/10 7481/7983/10 8316/7468/10 7728/7485/10
f 7481/7983/10 7193/7982/10 8004/7469/10 8316/7468/10
f 7536/6641/10 8317/7464/10 7538/7467/10 7109/6642/10
f 7248/7486/10 8005/7471/10 8317/7464/10 7536/6641/10
f 8005/7471/10 7370/7470/10 8003/7465/10 8317/7464/10
f 8000/7457/10 8318/7460/10 8002/7463/10 7369/7458/10
f 7253/7442/10 7733/6655/10 8318/7460/10 8000/7457/10
f 7733/6655/10 7110/6654/10 7731/7461/10 8318/7460/10
f 7470/7869/10 8319/7456/10 8001/7459/10 7182/7870/10
f 7062/6718/10 7541/7443/10 8319/7456/10 7470/7869/10
f 7541/7443/10 7253/7442/10 8000/7457/10 8319/7456/10
f 7662/6513/10 8320/7452/10 7453/7455/10 7044/6514/10
f 7182/7870/10 8001/7459/10 8320/7452/10 7662/6513/10
f 8001/7459/10 7369/7458/10 7999/7453/10 8320/7452/10
f 7996/7445/10 8321/7448/10 7998/7451/10 7368/7446/10
f 7133/7526/10 7613/6627/10 8321/7448/10 7996/7445/10
f 7613/6627/10 7061/6626/10 7732/7449/10 8321/7448/10
f 7422/7257/10 8322/7444/10 7997/7447/10 7134/7258/10
f 7035/8049/10 7421/7527/10 8322/7444/10 7422/7257/10
f 7421/7527/10 7133/7526/10 7996/7445/10 8322/7444/10
f 7614/6717/10 8323/7440/10 7541/7443/10 7062/6718/10
f 7134/7258/10 7997/7447/10 8323/7440/10 7614/6717/10
f 7997/7447/10 7368/7446/10 7995/7441/10 8323/7440/10
f 7992/7433/10 8324/7436/10 7994/7439/10 7367/7434/10
f 7181/7778/10 7661/6543/10 8324/7436/10 7992/7433/10
f 7661/6543/10 7043/6542/10 7692/7437/10 8324/7436/10
f 7732/7449/10 8325/7432/10 7993/7435/10 7252/7450/10
f 7061/6626/10 7469/7779/10 8325/7432/10 7732/7449/10
f 7469/7779/10 7181/7778/10 7992/7433/10 8325/7432/10
f 7540/6653/10 8326/7428/10 7542/7431/10 7110/6654/10
f 7252/7450/10 7993/7435/10 8326/7428/10 7540/6653/10
f 7993/7435/10 7367/7434/10 7991/7429/10 8326/7428/10
f 7988/7421/10 8327/7424/10 7990/7427/10 7366/7422/10
f 7257/7406/10 7737/6667/10 8327/7424/10 7988/7421/10
f 7737/6667/10 7111/6666/10 7735/7425/10 8327/7424/10
f 7482/7953/10 8328/7420/10 7989/7423/10 7194/7954/10
f 7074/6802/10 7545/7407/10 8328/7420/10 7482/7953/10
f 7545/7407/10 7257/7406/10 7988/7421/10 8328/7420/10
f 7674/6485/10 8329/7416/10 7424/7419/10 7033/6486/10
f 7194/7954/10 7989/7423/10 8329/7416/10 7674/6485/10
f 7989/7423/10 7366/7422/10 7987/7417/10 8329/7416/10
f 7984/7409/10 8330/7412/10 7986/7415/10 7365/7410/10
f 7165/7454/10 7645/6651/10 8330/7412/10 7984/7409/10
f 7645/6651/10 7093/6650/10 7736/7413/10 8330/7412/10
f 7434/7005/10 8331/7408/10 7985/7411/10 7146/7006/10
f 7044/6514/10 7453/7455/10 8331/7408/10 7434/7005/10
f 7453/7455/10 7165/7454/10 7984/7409/10 8331/7408/10
f 7626/6801/10 8332/7404/10 7545/7407/10 7074/6802/10
f 7146/7006/10 7985/7411/10 8332/7404/10 7626/6801/10
f 7985/7411/10 7365/7410/10 7983/7405/10 8332/7404/10
f 7980/7397/10 8333/7400/10 7982/7403/10 7364/7398/10
f 7213/7802/10 7693/6535/10 8333/7400/10 7980/7397/10
f 7693/6535/10 7052/6534/10 7691/7401/10 8333/7400/10
f 7736/7413/10 8334/7396/10 7981/7399/10 7256/7414/10
f 7093/6650/10 7501/7803/10 8334/7396/10 7736/7413/10
f 7501/7803/10 7213/7802/10 7980/7397/10 8334/7396/10
f 7544/6665/10 8335/7392/10 7546/7395/10 7111/6666/10
f 7256/7414/10 7981/7399/10 8335/7392/10 7544/6665/10
f 7981/7399/10 7364/7398/10 7979/7393/10 8335/7392/10
f 7976/7385/11 8336/7388/11 7978/7391/11 7363/7386/11
f 7261/7370/11 7741/6679/11 8336/7388/11 7976/7385/11
f 7741/6679/11 7112/6678/11 7739/7389/11 8336/7388/11
f 7640/7845/11 8337/7384/11 7977/7387/11 7160/7846/11
f 7088/6694/11 7549/7371/11 8337/7384/11 7640/7845/11
f 7549/7371/11 7261/7370/11 7976/7385/11 8337/7384/11
f 7448/6521/11 8338/7380/11 7450/7383/11 7051/6522/11
f 7160/7846/11 7977/7387/11 8338/7380/11 7448/6521/11
f 7977/7387/11 7363/7386/11 7975/7381/11 8338/7380/11
f 7972/7373/11 8339/7376/11 7974/7379/11 7362/7374/11
f 7148/6950/11 7628/6819/11 8339/7376/11 7972/7373/11
f 7628/6819/11 7076/6818/11 7740/7377/11 8339/7376/11
f 7688/7329/11 8340/7372/11 7973/7375/11 7208/7330/11
f 7046/6530/11 7436/6951/11 8340/7372/11 7688/7329/11
f 7436/6951/11 7148/6950/11 7972/7373/11 8340/7372/11
f 7496/6693/11 8341/7368/11 7549/7371/11 7088/6694/11
f 7208/7330/11 7973/7375/11 8341/7368/11 7496/6693/11
f 7973/7375/11 7362/7374/11 7971/7369/11 8341/7368/11
f 7968/7361/11 8342/7364/11 7970/7367/11 7361/7362/11
f 7196/7970/11 7676/6479/11 8342/7364/11 7968/7361/11
f 7676/6479/11 7034/6478/11 7678/7365/11 8342/7364/11
f 7740/7377/11 8343/7360/11 7969/7363/11 7260/7378/11
f 7076/6818/11 7484/7971/11 8343/7360/11 7740/7377/11
f 7484/7971/11 7196/7970/11 7968/7361/11 8343/7360/11
f 7548/6677/11 8344/7356/11 7550/7359/11 7112/6678/11
f 7260/7378/11 7969/7363/11 8344/7356/11 7548/6677/11
f 7969/7363/11 7361/7362/11 7967/7357/11 8344/7356/11
f 7964/7349/11 8345/7352/11 7966/7355/11 7360/7350/11
f 7265/7334/11 7745/6691/11 8345/7352/11 7964/7349/11
f 7745/6691/11 7113/6690/11 7743/7353/11 8345/7352/11
f 7473/8053/11 8346/7348/11 7965/7351/11 7185/8054/11
f 7065/8055/11 7553/7335/11 8346/7348/11 7473/8053/11
f 7553/7335/11 7265/7334/11 7964/7349/11 8346/7348/11
f 7665/8056/11 8347/7344/11 7449/7347/11 7047/8057/11
f 7185/8054/11 7965/7351/11 8347/7344/11 7665/8056/11
f 7965/7351/11 7360/7350/11 7963/7345/11 8347/7344/11
f 7960/7337/11 8348/7340/11 7962/7343/11 7359/7338/11
f 7136/7418/11 7616/6663/11 8348/7340/11 7960/7337/11
f 7616/6663/11 7064/6662/11 7744/7341/11 8348/7340/11
f 7425/8058/11 8349/7336/11 7961/7339/11 7137/8059/11
f 7033/6486/11 7424/7419/11 8349/7336/11 7425/8058/11
f 7424/7419/11 7136/7418/11 7960/7337/11 8349/7336/11
f 7617/8060/11 8350/7332/11 7553/7335/11 7065/8055/11
f 7137/8059/11 7961/7339/11 8350/7332/11 7617/8060/11
f 7961/7339/11 7359/7338/11 7959/7333/11 8350/7332/11
f 7956/7325/11 8351/7328/11 7958/7331/11 7358/7326/11
f 7184/7814/11 7664/6531/11 8351/7328/11 7956/7325/11
f 7664/6531/11 7046/6530/11 7688/7329/11 8351/7328/11
f 7744/7341/11 8352/7324/11 7957/7327/11 7264/7342/11
f 7064/6662/11 7472/7815/11 8352/7324/11 7744/7341/11
f 7472/7815/11 7184/7814/11 7956/7325/11 8352/7324/11
f 7552/6689/11 8353/7320/11 7554/7323/11 7113/6690/11
f 7264/7342/11 7957/7327/11 8353/7320/11 7552/6689/11
f 7957/7327/11 7358/7326/11 7955/7321/11 8353/7320/11
f 7952/7313/11 8354/7316/11 7954/7319/11 7357/7314/11
f 7269/7298/11 7749/6703/11 8354/7316/11 7952/7313/11
f 7749/6703/11 7114/6702/11 7747/7317/11 8354/7316/11
f 7485/8061/11 8355/7312/11 7953/7315/11 7197/8062/11
f 7077/8063/11 7557/7299/11 8355/7312/11 7485/8061/11
f 7557/7299/11 7269/7298/11 7952/7313/11 8355/7312/11
f 7677/8064/11 8356/7308/11 7668/7311/11 7029/8065/11
f 7197/8062/11 7953/7315/11 8356/7308/11 7677/8064/11
f 7953/7315/11 7357/7314/11 7951/7309/11 8356/7308/11
f 7948/7301/11 8357/7304/11 7950/7307/11 7356/7302/11
f 7161/7346/11 7641/6687/11 8357/7304/11 7948/7301/11
f 7641/6687/11 7089/6686/11 7748/7305/11 8357/7304/11
f 7437/8066/11 8358/7300/11 7949/7303/11 7149/8067/11
f 7047/8057/11 7449/7347/11 8358/7300/11 7437/8066/11
f 7449/7347/11 7161/7346/11 7948/7301/11 8358/7300/11
f 7629/8068/11 8359/7296/11 7557/7299/11 7077/8063/11
f 7149/8067/11 7949/7303/11 8359/7296/11 7629/8068/11
f 7949/7303/11 7356/7302/11 7947/7297/11 8359/7296/11
f 7944/7289/11 8360/7292/11 7946/7295/11 7355/7290/11
f 7209/7838/11 7689/6523/11 8360/7292/11 7944/7289/11
f 7689/6523/11 7051/6522/11 7687/7293/11 8360/7292/11
f 7748/7305/11 8361/7288/11 7945/7291/11 7268/7306/11
f 7089/6686/11 7497/7839/11 8361/7288/11 7748/7305/11
f 7497/7839/11 7209/7838/11 7944/7289/11 8361/7288/11
f 7556/6701/11 8362/7284/11 7558/7287/11 7114/6702/11
f 7268/7306/11 7945/7291/11 8362/7284/11 7556/6701/11
f 7945/7291/11 7355/7290/11 7943/7285/11 8362/7284/11
f 7940/7277/12 8363/7280/12 7942/7283/12 7354/7278/12
f 7273/7262/12 7753/6715/12 8363/7280/12 7940/7277/12
f 7753/6715/12 7115/6714/12 7751/7281/12 8363/7280/12
f 7636/7881/12 8364/7276/12 7941/7279/12 7156/7882/12
f 7084/6730/12 7561/7263/12 8364/7276/12 7636/7881/12
f 7561/7263/12 7273/7262/12 7940/7277/12 8364/7276/12
f 7444/6509/12 8365/7272/12 7446/7275/12 7050/6510/12
f 7156/7882/12 7941/7279/12 8365/7272/12 7444/6509/12
f 7941/7279/12 7354/7278/12 7939/7273/12 8365/7272/12
f 7936/7265/12 8366/7268/12 7938/7271/12 7353/7266/12
f 7143/8069/12 7623/8070/12 8366/7268/12 7936/7265/12
f 7623/8070/12 7071/8071/12 7752/7269/12 8366/7268/12
f 7684/7221/12 8367/7264/12 7937/7267/12 7204/7222/12
f 7041/8072/12 7431/8073/12 8367/7264/12 7684/7221/12
f 7431/8073/12 7143/8069/12 7936/7265/12 8367/7264/12
f 7492/6729/12 8368/7260/12 7561/7263/12 7084/6730/12
f 7204/7222/12 7937/7267/12 8368/7260/12 7492/6729/12
f 7937/7267/12 7353/7266/12 7935/7261/12 8368/7260/12
f 7932/7253/12 8369/7256/12 7934/7259/12 7352/7254/12
f 7191/8074/12 7671/8075/12 8369/7256/12 7932/7253/12
f 7671/8075/12 7035/8049/12 7422/7257/12 8369/7256/12
f 7752/7269/12 8370/7252/12 7933/7255/12 7272/7270/12
f 7071/8071/12 7479/8076/12 8370/7252/12 7752/7269/12
f 7479/8076/12 7191/8074/12 7932/7253/12 8370/7252/12
f 7560/6713/12 8371/7248/12 7562/7251/12 7115/6714/12
f 7272/7270/12 7933/7255/12 8371/7248/12 7560/6713/12
f 7933/7255/12 7352/7254/12 7931/7249/12 8371/7248/12
f 7928/7241/12 8372/7244/12 7930/7247/12 7351/7242/12
f 7277/7226/12 7757/6727/12 8372/7244/12 7928/7241/12
f 7757/6727/12 7116/6726/12 7755/7245/12 8372/7244/12
f 7619/8077/12 8373/7240/12 7929/7243/12 7139/8078/12
f 7067/8079/12 7565/7227/12 8373/7240/12 7619/8077/12
f 7565/7227/12 7277/7226/12 7928/7241/12 8373/7240/12
f 7427/8080/12 8374/7236/12 7445/7239/12 7037/8081/12
f 7139/8078/12 7929/7243/12 8374/7236/12 7427/8080/12
f 7929/7243/12 7351/7242/12 7927/7237/12 8374/7236/12
f 7924/7229/12 8375/7232/12 7926/7235/12 7350/7230/12
f 7131/8082/12 7611/8083/12 8375/7232/12 7924/7229/12
f 7611/8083/12 7059/8084/12 7756/7233/12 8375/7232/12
f 7667/8085/12 8376/7228/12 7925/7231/12 7187/8086/12
f 7031/8087/12 7419/8088/12 8376/7228/12 7667/8085/12
f 7419/8088/12 7131/8082/12 7924/7229/12 8376/7228/12
f 7475/8089/12 8377/7224/12 7565/7227/12 7067/8079/12
f 7187/8086/12 7925/7231/12 8377/7224/12 7475/8089/12
f 7925/7231/12 7350/7230/12 7923/7225/12 8377/7224/12
f 7920/7217/12 8378/7220/12 7922/7223/12 7349/7218/12
f 7179/8090/12 7659/8091/12 8378/7220/12 7920/7217/12
f 7659/8091/12 7041/8072/12 7684/7221/12 8378/7220/12
f 7756/7233/12 8379/7216/12 7921/7219/12 7276/7234/12
f 7059/8084/12 7467/8092/12 8379/7216/12 7756/7233/12
f 7467/8092/12 7179/8090/12 7920/7217/12 8379/7216/12
f 7564/6725/12 8380/7212/12 7566/7215/12 7116/6726/12
f 7276/7234/12 7921/7219/12 8380/7212/12 7564/6725/12
f 7921/7219/12 7349/7218/12 7919/7213/12 8380/7212/12
f 7916/7205/12 8381/7208/12 7918/7211/12 7348/7206/12
f 7281/7190/12 7761/6739/12 8381/7208/12 7916/7205/12
f 7761/6739/12 7117/6738/12 7759/7209/12 8381/7208/12
f 7607/8093/12 8382/7204/12 7917/7207/12 7127/8094/12
f 7055/8095/12 7569/7191/12 8382/7204/12 7607/8093/12
f 7569/7191/12 7281/7190/12 7916/7205/12 8382/7204/12
f 7415/8096/12 8383/7200/12 7677/7203/12 7029/8097/12
f 7127/8094/12 7917/7207/12 8383/7200/12 7415/8096/12
f 7917/7207/12 7348/7206/12 7915/7201/12 8383/7200/12
f 7912/7193/12 8384/7196/12 7914/7199/12 7347/7194/12
f 7157/7238/12 7637/6723/12 8384/7196/12 7912/7193/12
f 7637/6723/12 7085/6722/12 7760/7197/12 8384/7196/12
f 7655/8098/12 8385/7192/12 7913/7195/12 7175/8099/12
f 7037/8081/12 7445/7239/12 8385/7192/12 7655/8098/12
f 7445/7239/12 7157/7238/12 7912/7193/12 8385/7192/12
f 7463/8100/12 8386/7188/12 7569/7191/12 7055/8095/12
f 7175/8099/12 7913/7195/12 8386/7188/12 7463/8100/12
f 7913/7195/12 7347/7194/12 7911/7189/12 8386/7188/12
f 7908/7181/12 8387/7184/12 7910/7187/12 7346/7182/12
f 7205/7874/12 7685/6511/12 8387/7184/12 7908/7181/12
f 7685/6511/12 7050/6510/12 7683/7185/12 8387/7184/12
f 7760/7197/12 8388/7180/12 7909/7183/12 7280/7198/12
f 7085/6722/12 7493/7875/12 8388/7180/12 7760/7197/12
f 7493/7875/12 7205/7874/12 7908/7181/12 8388/7180/12
f 7568/6737/12 8389/7176/12 7570/7179/12 7117/6738/12
f 7280/7198/12 7909/7183/12 8389/7176/12 7568/6737/12
f 7909/7183/12 7346/7182/12 7907/7177/12 8389/7176/12
f 7904/7169/13 8390/7172/13 7906/7175/13 7345/7170/13
f 7285/7154/13 7765/6751/13 8390/7172/13 7904/7169/13
f 7765/6751/13 7118/6750/13 7763/7173/13 8390/7172/13
f 7632/7917/13 8391/7168/13 7905/7171/13 7152/7918/13
f 7080/6766/13 7573/7155/13 8391/7168/13 7632/7917/13
f 7573/7155/13 7285/7154/13 7904/7169/13 8391/7168/13
f 7440/6497/13 8392/7164/13 7442/7167/13 7049/6498/13
f 7152/7918/13 7905/7171/13 8392/7164/13 7440/6497/13
f 7905/7171/13 7345/7170/13 7903/7165/13 8392/7164/13
f 7144/8101/13 7624/8102/13 8393/7160/13 7900/7157/13
f 7624/8102/13 7072/8103/13 7764/7161/13 8393/7160/13
f 7042/8104/13 7432/8105/13 8394/7156/13 7680/7113/13
f 7432/8105/13 7144/8101/13 7900/7157/13 8394/7156/13
f 7488/6765/13 8395/7152/13 7573/7155/13 7080/6766/13
f 7200/7114/13 7901/7159/13 8395/7152/13 7488/6765/13
f 7901/7159/13 7344/7158/13 7899/7153/13 8395/7152/13
f 7192/8106/13 7672/8107/13 8396/7148/13 7896/7145/13
f 7672/8107/13 7032/8108/13 7417/7149/13 8396/7148/13
f 7072/8103/13 7480/8109/13 8397/7144/13 7764/7161/13
f 7480/8109/13 7192/8106/13 7896/7145/13 8397/7144/13
f 7572/6749/13 8398/7140/13 7574/7143/13 7118/6750/13
f 7284/7162/13 7897/7147/13 8398/7140/13 7572/6749/13
f 7897/7147/13 7343/7146/13 7895/7141/13 8398/7140/13
f 7892/7133/13 8399/7136/13 7894/7139/13 7342/7134/13
f 7289/7118/13 7769/6763/13 8399/7136/13 7892/7133/13
f 7627/7797/13 8400/7132/13 7893/7135/13 7147/7798/13
f 7075/6646/13 7577/7119/13 8400/7132/13 7627/7797/13
f 7435/6537/13 8401/7128/13 7441/7131/13 7045/6538/13
f 7147/7798/13 7893/7135/13 8401/7128/13 7435/6537/13
f 7132/8110/13 7612/8111/13 8402/7124/13 7888/7121/13
f 7612/8111/13 7060/8112/13 7768/7125/13 8402/7124/13
f 7675/7473/13 8403/7120/13 7889/7123/13 7195/7474/13
f 7036/6474/13 7420/8113/13 8403/7120/13 7675/7473/13
f 7420/8113/13 7132/8110/13 7888/7121/13 8403/7120/13
f 7483/6645/13 8404/7116/13 7577/7119/13 7075/6646/13
f 7195/7474/13 7889/7123/13 8404/7116/13 7483/6645/13
f 7180/8114/13 7660/8115/13 8405/7112/13 7884/7109/13
f 7660/8115/13 7042/8104/13 7680/7113/13 8405/7112/13
f 7060/8112/13 7468/8116/13 8406/7108/13 7768/7125/13
f 7468/8116/13 7180/8114/13 7884/7109/13 8406/7108/13
f 7288/7126/13 7885/7111/13 8407/7104/13 7576/6761/13
f 7885/7111/13 7340/7110/13 7883/7105/13 8407/7104/13
f 7880/7097/13 8408/7100/13 7882/7103/13 7339/7098/13
f 7293/7082/13 7773/6775/13 8408/7100/13 7880/7097/13
f 7773/6775/13 7120/6774/13 7771/7101/13 8408/7100/13
f 7615/7977/13 8409/7096/13 7881/7099/13 7135/7978/13
f 7063/6826/13 7581/7083/13 8409/7096/13 7615/7977/13
f 7423/6477/13 8410/7092/13 7678/7095/13 7034/6478/13
f 7135/7978/13 7881/7099/13 8410/7092/13 7423/6477/13
f 7876/7085/13 8411/7088/13 7878/7091/13 7338/7086/13
f 7153/7130/13 7633/6759/13 8411/7088/13 7876/7085/13
f 7633/6759/13 7081/6758/13 7772/7089/13 8411/7088/13
f 7663/6933/13 8412/7084/13 7877/7087/13 7183/6934/13
f 7045/6538/13 7441/7131/13 8412/7084/13 7663/6933/13
f 7471/6825/13 8413/7080/13 7581/7083/13 7063/6826/13
f 7183/6934/13 7877/7087/13 8413/7080/13 7471/6825/13
f 7872/7073/13 8414/7076/13 7874/7079/13 7337/7074/13
f 7201/7910/13 7681/6499/13 8414/7076/13 7872/7073/13
f 7681/6499/13 7049/6498/13 7679/7077/13 8414/7076/13
f 7772/7089/13 8415/7072/13 7873/7075/13 7292/7090/13
f 7081/6758/13 7489/7911/13 8415/7072/13 7772/7089/13
f 7489/7911/13 7201/7910/13 7872/7073/13 8415/7072/13
f 7580/6773/13 8416/7068/13 7582/7071/13 7120/6774/13
f 7292/7090/13 7873/7075/13 8416/7068/13 7580/6773/13
f 7873/7075/13 7337/7074/13 7871/7069/13 8416/7068/13
f 7868/7061/13 8417/7064/13 7870/7067/13 7336/7062/13
f 7297/7046/13 7777/6787/13 8417/7064/13 7868/7061/13
f 7777/6787/13 7121/6786/13 7775/7065/13 8417/7064/13
f 7631/7929/13 8418/7060/13 7869/7063/13 7151/7930/13
f 7079/6778/13 7585/7047/13 8418/7060/13 7631/7929/13
f 7585/7047/13 7297/7046/13 7868/7061/13 8418/7060/13
f 7439/6493/13 8419/7056/13 7666/7059/13 7048/6494/13
f 7864/7049/13 8420/7052/13 7866/7055/13 7335/7050/13
f 7154/7166/13 7634/6747/13 8420/7052/13 7864/7049/13
f 7634/6747/13 7082/6746/13 7776/7053/13 8420/7052/13
f 7679/7077/13 8421/7048/13 7865/7051/13 7199/7078/13
f 7049/6498/13 7442/7167/13 8421/7048/13 7679/7077/13
f 7442/7167/13 7154/7166/13 7864/7049/13 8421/7048/13
f 7487/6777/13 8422/7044/13 7585/7047/13 7079/6778/13
f 7199/7078/13 7865/7051/13 8422/7044/13 7487/6777/13
f 7865/7051/13 7335/7050/13 7863/7045/13 8422/7044/13
f 7682/6503/13 7039/6502/13 7429/7041/13 8423/7040/13
f 7776/7053/13 8424/7036/13 7861/7039/13 7296/7054/13
f 7082/6746/13 7490/7899/13 8424/7036/13 7776/7053/13
f 7490/7899/13 7202/7898/13 7860/7037/13 8424/7036/13
f 7584/6785/13 8425/7032/13 7586/7035/13 7121/6786/13
f 7296/7054/13 7861/7039/13 8425/7032/13 7584/6785/13
f 7861/7039/13 7334/7038/13 7859/7033/13 8425/7032/13
f 7856/7025/12 8426/7028/12 7858/7031/12 7333/7026/12
f 7301/7010/12 7781/6799/12 8426/7028/12 7856/7025/12
f 7781/6799/12 7122/6798/12 7779/7029/12 8426/7028/12
f 7635/7893/12 8427/7024/12 7857/7027/12 7155/7894/12
f 7083/6742/12 7589/7011/12 8427/7024/12 7635/7893/12
f 7589/7011/12 7301/7010/12 7856/7025/12 8427/7024/12
f 7443/6505/12 8428/7020/12 7665/7023/12 7047/6506/12
f 7155/7894/12 7857/7027/12 8428/7020/12 7443/6505/12
f 7857/7027/12 7333/7026/12 7855/7021/12 8428/7020/12
f 7852/7013/12 8429/7016/12 7854/7019/12 7332/7014/12
f 7158/7274/12 7638/6711/12 8429/7016/12 7852/7013/12
f 7638/6711/12 7086/6710/12 7780/7017/12 8429/7016/12
f 7683/7185/12 8430/7012/12 7853/7015/12 7203/7186/12
f 7050/6510/12 7446/7275/12 8430/7012/12 7683/7185/12
f 7446/7275/12 7158/7274/12 7852/7013/12 8430/7012/12
f 7491/6741/12 8431/7008/12 7589/7011/12 7083/6742/12
f 7203/7186/12 7853/7015/12 8431/7008/12 7491/6741/12
f 7853/7015/12 7332/7014/12 7851/7009/12 8431/7008/12
f 7848/7001/12 8432/7004/12 7850/7007/12 7331/7002/12
f 7206/7862/12 7686/6515/12 8432/7004/12 7848/7001/12
f 7686/6515/12 7044/6514/12 7434/7005/12 8432/7004/12
f 7780/7017/12 8433/7000/12 7849/7003/12 7300/7018/12
f 7086/6710/12 7494/7863/12 8433/7000/12 7780/7017/12
f 7494/7863/12 7206/7862/12 7848/7001/12 8433/7000/12
f 7588/6797/12 8434/6996/12 7590/6999/12 7122/6798/12
f 7300/7018/12 7849/7003/12 8434/6996/12 7588/6797/12
f 7849/7003/12 7331/7002/12 7847/6997/12 8434/6996/12
f 7844/6989/11 8435/6992/11 7846/6995/11 7330/6990/11
f 7305/6974/11 7785/6811/11 8435/6992/11 7844/6989/11
f 7785/6811/11 7123/6810/11 7783/6993/11 8435/6992/11
f 7639/7857/11 8436/6988/11 7845/6991/11 7159/7858/11
f 7087/6706/11 7593/6975/11 8436/6988/11 7639/7857/11
f 7593/6975/11 7305/6974/11 7844/6989/11 8436/6988/11
f 7447/6517/11 8437/6984/11 7656/6987/11 7038/6518/11
f 7159/7858/11 7845/6991/11 8437/6984/11 7447/6517/11
f 7845/6991/11 7330/6990/11 7843/6985/11 8437/6984/11
f 7840/6977/11 8438/6980/11 7842/6983/11 7329/6978/11
f 7162/7382/11 7642/6675/11 8438/6980/11 7840/6977/11
f 7642/6675/11 7090/6674/11 7784/6981/11 8438/6980/11
f 7687/7293/11 8439/6976/11 7841/6979/11 7207/7294/11
f 7051/6522/11 7450/7383/11 8439/6976/11 7687/7293/11
f 7450/7383/11 7162/7382/11 7840/6977/11 8439/6976/11
f 7495/6705/11 8440/6972/11 7593/6975/11 7087/6706/11
f 7207/7294/11 7841/6979/11 8440/6972/11 7495/6705/11
f 7841/6979/11 7329/6978/11 7839/6973/11 8440/6972/11
f 7836/6965/11 8441/6968/11 7838/6971/11 7328/6966/11
f 7210/7826/11 7690/6527/11 8441/6968/11 7836/6965/11
f 7690/6527/11 7048/6526/11 7666/6969/11 8441/6968/11
f 7784/6981/11 8442/6964/11 7837/6967/11 7304/6982/11
f 7090/6674/11 7498/7827/11 8442/6964/11 7784/6981/11
f 7498/7827/11 7210/7826/11 7836/6965/11 8442/6964/11
f 7592/6809/11 8443/6960/11 7594/6963/11 7123/6810/11
f 7304/6982/11 7837/6967/11 8443/6960/11 7592/6809/11
f 7837/6967/11 7328/6966/11 7835/6961/11 8443/6960/11
f 7832/6953/10 8444/6956/10 7834/6959/10 7327/6954/10
f 7309/6938/10 7789/6823/10 8444/6956/10 7832/6953/10
f 7789/6823/10 7124/6822/10 7787/6957/10 8444/6956/10
f 7643/7821/10 8445/6952/10 7833/6955/10 7163/7822/10
f 7091/6670/10 7597/6939/10 8445/6952/10 7643/7821/10
f 7597/6939/10 7309/6938/10 7832/6953/10 8445/6952/10
f 7451/6529/10 8446/6948/10 7436/6951/10 7046/6530/10
f 7163/7822/10 7833/6955/10 8446/6948/10 7451/6529/10
f 7833/6955/10 7327/6954/10 7831/6949/10 8446/6948/10
f 7828/6941/10 8447/6944/10 7830/6947/10 7326/6942/10
f 7166/7490/10 7646/6639/10 8447/6944/10 7828/6941/10
f 7646/6639/10 7094/6638/10 7788/6945/10 8447/6944/10
f 7691/7401/10 8448/6940/10 7829/6943/10 7211/7402/10
f 7052/6534/10 7454/7491/10 8448/6940/10 7691/7401/10
f 7454/7491/10 7166/7490/10 7828/6941/10 8448/6940/10
f 7499/6669/10 8449/6936/10 7597/6939/10 7091/6670/10
f 7211/7402/10 7829/6943/10 8449/6936/10 7499/6669/10
f 7829/6943/10 7326/6942/10 7827/6937/10 8449/6936/10
f 7824/6929/10 8450/6932/10 7826/6935/10 7325/6930/10
f 7214/7790/10 7694/6539/10 8450/6932/10 7824/6929/10
f 7694/6539/10 7045/6538/10 7663/6933/10 8450/6932/10
f 7788/6945/10 8451/6928/10 7825/6931/10 7308/6946/10
f 7094/6638/10 7502/7791/10 8451/6928/10 7788/6945/10
f 7502/7791/10 7214/7790/10 7824/6929/10 8451/6928/10
f 7596/6821/10 8452/6924/10 7598/6927/10 7124/6822/10
f 7308/6946/10 7825/6931/10 8452/6924/10 7596/6821/10
f 7825/6931/10 7325/6930/10 7823/6925/10 8452/6924/10
f 7820/6917/9 8453/6920/9 7822/6923/9 7324/6918/9
f 7313/6902/9 7793/6835/9 8453/6920/9 7820/6917/9
f 7793/6835/9 7125/6834/9 7791/6921/9 8453/6920/9
f 7647/7785/9 8454/6916/9 7821/6919/9 7167/7786/9
f 7095/6634/9 7601/6903/9 8454/6916/9 7647/7785/9
f 7601/6903/9 7313/6902/9 7820/6917/9 8454/6916/9
f 7455/6541/9 8455/6912/9 7433/6915/9 7043/6542/9
f 7167/7786/9 7821/6919/9 8455/6912/9 7455/6541/9
f 7821/6919/9 7324/6918/9 7819/6913/9 8455/6912/9
f 7816/6905/9 8456/6908/9 7818/6911/9 7323/6906/9
f 7170/7598/9 7650/6603/9 8456/6908/9 7816/6905/9
f 7650/6603/9 7098/6602/9 7792/6909/9 8456/6908/9
f 7695/7509/9 8457/6904/9 7817/6907/9 7215/7510/9
f 7053/6546/9 7458/7599/9 8457/6904/9 7695/7509/9
f 7458/7599/9 7170/7598/9 7816/6905/9 8457/6904/9
f 7503/6633/9 8458/6900/9 7601/6903/9 7095/6634/9
f 7215/7510/9 7817/6907/9 8458/6900/9 7503/6633/9
f 7817/6907/9 7323/6906/9 7815/6901/9 8458/6900/9
f 7812/6893/9 8459/6896/9 7814/6899/9 7322/6894/9
f 7218/7754/9 7698/6551/9 8459/6896/9 7812/6893/9
f 7698/6551/9 7042/6550/9 7660/6897/9 8459/6896/9
f 7792/6909/9 8460/6892/9 7813/6895/9 7312/6910/9
f 7098/6602/9 7506/7755/9 8460/6892/9 7792/6909/9
f 7506/7755/9 7218/7754/9 7812/6893/9 8460/6892/9
f 7600/6833/9 8461/6888/9 7602/6891/9 7125/6834/9
f 7312/6910/9 7813/6895/9 8461/6888/9 7600/6833/9
f 7813/6895/9 7322/6894/9 7811/6889/9 8461/6888/9
f 7808/6881/8 8462/6884/8 7810/6887/8 7321/6882/8
f 7317/6866/8 7797/6847/8 8462/6884/8 7808/6881/8
f 7797/6847/8 7126/6846/8 7795/6885/8 8462/6884/8
f 7651/7749/8 8463/6880/8 7809/6883/8 7171/7750/8
f 7099/6598/8 7605/6867/8 8463/6880/8 7651/7749/8
f 7605/6867/8 7317/6866/8 7808/6881/8 8463/6880/8
f 7459/6553/8 8464/6876/8 7430/6879/8 7040/6554/8
f 7171/7750/8 7809/6883/8 8464/6876/8 7459/6553/8
f 7809/6883/8 7321/6882/8 7807/6877/8 8464/6876/8
f 7804/6869/8 8465/6872/8 7806/6875/8 7320/6870/8
f 7174/7706/8 7654/6567/8 8465/6872/8 7804/6869/8
f 7654/6567/8 7102/6566/8 7796/6873/8 8465/6872/8
f 7699/7617/8 8466/6868/8 7805/6871/8 7219/7618/8
f 7054/6558/8 7462/7707/8 8466/6868/8 7699/7617/8
f 7462/7707/8 7174/7706/8 7804/6869/8 8466/6868/8
f 7507/6597/8 8467/6864/8 7605/6867/8 7099/6598/8
f 7219/7618/8 7805/6871/8 8467/6864/8 7507/6597/8
f 7805/6871/8 7320/6870/8 7803/6865/8 8467/6864/8
f 7800/6857/8 8468/6860/8 7802/6863/8 7319/6858/8
f 7222/7718/8 7702/6563/8 8468/6860/8 7800/6857/8
f 7702/6563/8 7039/6562/8 7657/6861/8 8468/6860/8
f 7796/6873/8 8469/6856/8 7801/6859/8 7316/6874/8
f 7102/6566/8 7510/7719/8 8469/6856/8 7796/6873/8
f 7510/7719/8 7222/7718/8 7800/6857/8 8469/6856/8
f 7604/6845/8 8470/6852/8 7606/6855/8 7126/6846/8
f 7316/6874/8 7801/6859/8 8470/6852/8 7604/6845/8
f 7801/6859/8 7319/6858/8 7799/6853/8 8470/6852/8
f 7799/6853/8 8471/6848/8 7798/6851/8 7318/6854/8
f 7319/6858/8 7802/6863/8 8471/6848/8 7799/6853/8
f 7802/6863/8 7177/6862/8 7465/6849/8 8471/6848/8
f 7803/6865/8 8472/6844/8 7797/6847/8 7317/6866/8
f 7320/6870/8 7806/6875/8 8472/6844/8 7803/6865/8
f 7806/6875/8 7316/6874/8 7604/6845/8 8472/6844/8
f 7807/6877/8 8473/6840/8 7622/6843/8 7142/6878/8
f 7321/6882/8 7810/6887/8 8473/6840/8 7807/6877/8
f 7810/6887/8 7315/6886/8 7603/6841/8 8473/6840/8
f 7811/6889/9 8474/6836/9 7794/6839/9 7314/6890/9
f 7322/6894/9 7814/6899/9 8474/6836/9 7811/6889/9
f 7814/6899/9 7180/6898/9 7468/6837/9 8474/6836/9
f 7815/6901/9 8475/6832/9 7793/6835/9 7313/6902/9
f 7323/6906/9 7818/6911/9 8475/6832/9 7815/6901/9
f 7818/6911/9 7312/6910/9 7600/6833/9 8475/6832/9
f 7819/6913/9 8476/6828/9 7625/6831/9 7145/6914/9
f 7324/6918/9 7822/6923/9 8476/6828/9 7819/6913/9
f 7822/6923/9 7311/6922/9 7599/6829/9 8476/6828/9
f 7823/6925/10 8477/6824/10 7790/6827/10 7310/6926/10
f 7325/6930/10 7826/6935/10 8477/6824/10 7823/6925/10
f 7826/6935/10 7183/6934/10 7471/6825/10 8477/6824/10
f 7827/6937/10 8478/6820/10 7789/6823/10 7309/6938/10
f 7326/6942/10 7830/6947/10 8478/6820/10 7827/6937/10
f 7830/6947/10 7308/6946/10 7596/6821/10 8478/6820/10
f 7831/6949/10 8479/6816/10 7628/6819/10 7148/6950/10
f 7327/6954/10 7834/6959/10 8479/6816/10 7831/6949/10
f 7834/6959/10 7307/6958/10 7595/6817/10 8479/6816/10
f 7835/6961/11 8480/6812/11 7786/6815/11 7306/6962/11
f 7328/6966/11 7838/6971/11 8480/6812/11 7835/6961/11
f 7838/6971/11 7186/6970/11 7474/6813/11 8480/6812/11
f 7839/6973/11 8481/6808/11 7785/6811/11 7305/6974/11
f 7329/6978/11 7842/6983/11 8481/6808/11 7839/6973/11
f 7842/6983/11 7304/6982/11 7592/6809/11 8481/6808/11
f 7843/6985/11 8482/6804/11 7464/6807/11 7176/6986/11
f 7330/6990/11 7846/6995/11 8482/6804/11 7843/6985/11
f 7846/6995/11 7303/6994/11 7591/6805/11 8482/6804/11
f 7847/6997/12 8483/6800/12 7782/6803/12 7302/6998/12
f 7331/7002/12 7850/7007/12 8483/6800/12 7847/6997/12
f 7850/7007/12 7146/7006/12 7626/6801/12 8483/6800/12
f 7851/7009/12 8484/6796/12 7781/6799/12 7301/7010/12
f 7332/7014/12 7854/7019/12 8484/6796/12 7851/7009/12
f 7854/7019/12 7300/7018/12 7588/6797/12 8484/6796/12
f 7855/7021/12 8485/6792/12 7473/6795/12 7185/7022/12
f 7333/7026/12 7858/7031/12 8485/6792/12 7855/7021/12
f 7858/7031/12 7299/7030/12 7587/6793/12 8485/6792/12
f 7862/7043/13 7141/7042/13 7621/6789/13 8486/6788/13
f 7863/7045/13 8487/6784/13 7777/6787/13 7297/7046/13
f 7335/7050/13 7866/7055/13 8487/6784/13 7863/7045/13
f 7866/7055/13 7296/7054/13 7584/6785/13 8487/6784/13
f 7867/7057/13 8488/6780/13 7474/6783/13 7186/7058/13
f 7871/7069/13 8489/6776/13 7774/6779/13 7294/7070/13
f 7337/7074/13 7874/7079/13 8489/6776/13 7871/7069/13
f 7874/7079/13 7199/7078/13 7487/6777/13 8489/6776/13
f 7875/7081/13 8490/6772/13 7773/6775/13 7293/7082/13
f 7338/7086/13 7878/7091/13 8490/6772/13 7875/7081/13
f 7878/7091/13 7292/7090/13 7580/6773/13 8490/6772/13
f 7879/7093/13 8491/6768/13 7486/6771/13 7198/7094/13
f 7883/7105/13 8492/6764/13 7770/6767/13 7290/7106/13
f 7340/7110/13 7886/7115/13 8492/6764/13 7883/7105/13
f 7886/7115/13 7200/7114/13 7488/6765/13 8492/6764/13
f 7887/7117/13 8493/6760/13 7769/6763/13 7289/7118/13
f 7341/7122/13 7890/7127/13 8493/6760/13 7887/7117/13
f 7890/7127/13 7288/7126/13 7576/6761/13 8493/6760/13
f 7891/7129/13 8494/6756/13 7633/6759/13 7153/7130/13
f 7342/7134/13 7894/7139/13 8494/6756/13 7891/7129/13
f 7894/7139/13 7287/7138/13 7575/6757/13 8494/6756/13
f 7898/7151/13 7129/7150/13 7609/6753/13 8495/6752/13
f 7899/7153/13 8496/6748/13 7765/6751/13 7285/7154/13
f 7344/7158/13 7902/7163/13 8496/6748/13 7899/7153/13
f 7902/7163/13 7284/7162/13 7572/6749/13 8496/6748/13
f 7903/7165/13 8497/6744/13 7634/6747/13 7154/7166/13
f 7345/7170/13 7906/7175/13 8497/6744/13 7903/7165/13
f 7906/7175/13 7283/7174/13 7571/6745/13 8497/6744/13
f 7907/7177/12 8498/6740/12 7762/6743/12 7282/7178/12
f 7346/7182/12 7910/7187/12 8498/6740/12 7907/7177/12
f 7910/7187/12 7203/7186/12 7491/6741/12 8498/6740/12
f 7911/7189/12 8499/6736/12 7761/6739/12 7281/7190/12
f 7347/7194/12 7914/7199/12 8499/6736/12 7911/7189/12
f 7914/7199/12 7280/7198/12 7568/6737/12 8499/6736/12
f 7915/7201/12 8500/6732/12 7485/6735/12 7197/7202/12
f 7348/7206/12 7918/7211/12 8500/6732/12 7915/7201/12
f 7918/7211/12 7279/7210/12 7567/6733/12 8500/6732/12
f 7919/7213/12 8501/6728/12 7758/6731/12 7278/7214/12
f 7349/7218/12 7922/7223/12 8501/6728/12 7919/7213/12
f 7922/7223/12 7204/7222/12 7492/6729/12 8501/6728/12
f 7923/7225/12 8502/6724/12 7757/6727/12 7277/7226/12
f 7350/7230/12 7926/7235/12 8502/6724/12 7923/7225/12
f 7926/7235/12 7276/7234/12 7564/6725/12 8502/6724/12
f 7927/7237/12 8503/6720/12 7637/6723/12 7157/7238/12
f 7351/7242/12 7930/7247/12 8503/6720/12 7927/7237/12
f 7930/7247/12 7275/7246/12 7563/6721/12 8503/6720/12
f 7931/7249/12 8504/6716/12 7754/6719/12 7274/7250/12
f 7352/7254/12 7934/7259/12 8504/6716/12 7931/7249/12
f 7934/7259/12 7134/7258/12 7614/6717/12 8504/6716/12
f 7935/7261/12 8505/6712/12 7753/6715/12 7273/7262/12
f 7353/7266/12 7938/7271/12 8505/6712/12 7935/7261/12
f 7938/7271/12 7272/7270/12 7560/6713/12 8505/6712/12
f 7939/7273/12 8506/6708/12 7638/6711/12 7158/7274/12
f 7354/7278/12 7942/7283/12 8506/6708/12 7939/7273/12
f 7942/7283/12 7271/7282/12 7559/6709/12 8506/6708/12
f 7943/7285/11 8507/6704/11 7750/6707/11 7270/7286/11
f 7355/7290/11 7946/7295/11 8507/6704/11 7943/7285/11
f 7946/7295/11 7207/7294/11 7495/6705/11 8507/6704/11
f 7947/7297/11 8508/6700/11 7749/6703/11 7269/7298/11
f 7356/7302/11 7950/7307/11 8508/6700/11 7947/7297/11
f 7950/7307/11 7268/7306/11 7556/6701/11 8508/6700/11
f 7951/7309/11 8509/6696/11 7476/6699/11 7188/7310/11
f 7357/7314/11 7954/7319/11 8509/6696/11 7951/7309/11
f 7954/7319/11 7267/7318/11 7555/6697/11 8509/6696/11
f 7955/7321/11 8510/6692/11 7746/6695/11 7266/7322/11
f 7358/7326/11 7958/7331/11 8510/6692/11 7955/7321/11
f 7958/7331/11 7208/7330/11 7496/6693/11 8510/6692/11
f 7959/7333/11 8511/6688/11 7745/6691/11 7265/7334/11
f 7359/7338/11 7962/7343/11 8511/6688/11 7959/7333/11
f 7962/7343/11 7264/7342/11 7552/6689/11 8511/6688/11
f 7963/7345/11 8512/6684/11 7641/6687/11 7161/7346/11
f 7360/7350/11 7966/7355/11 8512/6684/11 7963/7345/11
f 7966/7355/11 7263/7354/11 7551/6685/11 8512/6684/11
f 7967/7357/11 8513/6680/11 7742/6683/11 7262/7358/11
f 7361/7362/11 7970/7367/11 8513/6680/11 7967/7357/11
f 7970/7367/11 7198/7366/11 7486/6681/11 8513/6680/11
f 7971/7369/11 8514/6676/11 7741/6679/11 7261/7370/11
f 7362/7374/11 7974/7379/11 8514/6676/11 7971/7369/11
f 7974/7379/11 7260/7378/11 7548/6677/11 8514/6676/11
f 7975/7381/11 8515/6672/11 7642/6675/11 7162/7382/11
f 7363/7386/11 7978/7391/11 8515/6672/11 7975/7381/11
f 7978/7391/11 7259/7390/11 7547/6673/11 8515/6672/11
f 7979/7393/10 8516/6668/10 7738/6671/10 7258/7394/10
f 7364/7398/10 7982/7403/10 8516/6668/10 7979/7393/10
f 7982/7403/10 7211/7402/10 7499/6669/10 8516/6668/10
f 7983/7405/10 8517/6664/10 7737/6667/10 7257/7406/10
f 7365/7410/10 7986/7415/10 8517/6664/10 7983/7405/10
f 7986/7415/10 7256/7414/10 7544/6665/10 8517/6664/10
f 7987/7417/10 8518/6660/10 7616/6663/10 7136/7418/10
f 7366/7422/10 7990/7427/10 8518/6660/10 7987/7417/10
f 7990/7427/10 7255/7426/10 7543/6661/10 8518/6660/10
f 7991/7429/10 8519/6656/10 7734/6659/10 7254/7430/10
f 7367/7434/10 7994/7439/10 8519/6656/10 7991/7429/10
f 7994/7439/10 7212/7438/10 7500/6657/10 8519/6656/10
f 7995/7441/10 8520/6652/10 7733/6655/10 7253/7442/10
f 7368/7446/10 7998/7451/10 8520/6652/10 7995/7441/10
f 7998/7451/10 7252/7450/10 7540/6653/10 8520/6652/10
f 7999/7453/10 8521/6648/10 7645/6651/10 7165/7454/10
f 7369/7458/10 8002/7463/10 8521/6648/10 7999/7453/10
f 8002/7463/10 7251/7462/10 7539/6649/10 8521/6648/10
f 8003/7465/10 8522/6644/10 7730/6647/10 7250/7466/10
f 7370/7470/10 8006/7475/10 8522/6644/10 8003/7465/10
f 8006/7475/10 7195/7474/10 7483/6645/10 8522/6644/10
f 8007/7477/10 8523/6640/10 7729/6643/10 7249/7478/10
f 7371/7482/10 8010/7487/10 8523/6640/10 8007/7477/10
f 8010/7487/10 7248/7486/10 7536/6641/10 8523/6640/10
f 8011/7489/10 8524/6636/10 7646/6639/10 7166/7490/10
f 7372/7494/10 8014/7499/10 8524/6636/10 8011/7489/10
f 8014/7499/10 7247/7498/10 7535/6637/10 8524/6636/10
f 8015/7501/9 8525/6632/9 7726/6635/9 7246/7502/9
f 7373/7506/9 8018/7511/9 8525/6632/9 8015/7501/9
f 8018/7511/9 7215/7510/9 7503/6633/9 8525/6632/9
f 8019/7513/9 8526/6628/9 7725/6631/9 7245/7514/9
f 7374/7518/9 8022/7523/9 8526/6628/9 8019/7513/9
f 8022/7523/9 7244/7522/9 7532/6629/9 8526/6628/9
f 8023/7525/9 8527/6624/9 7613/6627/9 7133/7526/9
f 7375/7530/9 8026/7535/9 8527/6624/9 8023/7525/9
f 8026/7535/9 7243/7534/9 7531/6625/9 8527/6624/9
f 8027/7537/9 8528/6620/9 7722/6623/9 7242/7538/9
f 7376/7542/9 8030/7547/9 8528/6620/9 8027/7537/9
f 8030/7547/9 7216/7546/9 7504/6621/9 8528/6620/9
f 8031/7549/9 8529/6616/9 7721/6619/9 7241/7550/9
f 7377/7554/9 8034/7559/9 8529/6616/9 8031/7549/9
f 8034/7559/9 7240/7558/9 7528/6617/9 8529/6616/9
f 8035/7561/9 8530/6612/9 7649/6615/9 7169/7562/9
f 7378/7566/9 8038/7571/9 8530/6612/9 8035/7561/9
f 8038/7571/9 7239/7570/9 7527/6613/9 8530/6612/9
f 8039/7573/9 8531/6608/9 7718/6611/9 7238/7574/9
f 7379/7578/9 8042/7583/9 8531/6608/9 8039/7573/9
f 8042/7583/9 7192/7582/9 7480/6609/9 8531/6608/9
f 8043/7585/9 8532/6604/9 7717/6607/9 7237/7586/9
f 7380/7590/9 8046/7595/9 8532/6604/9 8043/7585/9
f 8046/7595/9 7236/7594/9 7524/6605/9 8532/6604/9
f 8047/7597/9 8533/6600/9 7650/6603/9 7170/7598/9
f 7381/7602/9 8050/7607/9 8533/6600/9 8047/7597/9
f 8050/7607/9 7235/7606/9 7523/6601/9 8533/6600/9
f 8051/7609/8 8534/6596/8 7714/6599/8 7234/7610/8
f 7382/7614/8 8054/7619/8 8534/6596/8 8051/7609/8
f 8054/7619/8 7219/7618/8 7507/6597/8 8534/6596/8
f 8055/7621/8 8535/6592/8 7713/6595/8 7233/7622/8
f 7383/7626/8 8058/7631/8 8535/6592/8 8055/7621/8
f 8058/7631/8 7232/7630/8 7520/6593/8 8535/6592/8
f 8059/7633/8 8536/6588/8 7610/6591/8 7130/7634/8
f 7384/7638/8 8062/7643/8 8536/6588/8 8059/7633/8
f 8062/7643/8 7231/7642/8 7519/6589/8 8536/6588/8
f 8063/7645/8 8537/6584/8 7710/6587/8 7230/7646/8
f 7385/7650/8 8066/7655/8 8537/6584/8 8063/7645/8
f 8066/7655/8 7220/7654/8 7508/6585/8 8537/6584/8
f 8067/7657/8 8538/6580/8 7709/6583/8 7229/7658/8
f 7386/7662/8 8070/7667/8 8538/6580/8 8067/7657/8
f 8070/7667/8 7228/7666/8 7516/6581/8 8538/6580/8
f 8071/7669/8 8539/6576/8 7653/6579/8 7173/7670/8
f 7387/7674/8 8074/7679/8 8539/6576/8 8071/7669/8
f 8074/7679/8 7227/7678/8 7515/6577/8 8539/6576/8
f 8075/7681/8 8540/6572/8 7706/6575/8 7226/7682/8
f 7388/7686/8 8078/7691/8 8540/6572/8 8075/7681/8
f 8078/7691/8 7189/7690/8 7477/6573/8 8540/6572/8
f 8079/7693/8 8541/6568/8 7705/6571/8 7225/7694/8
f 7389/7698/8 8082/7703/8 8541/6568/8 8079/7693/8
f 8082/7703/8 7224/7702/8 7512/6569/8 8541/6568/8
f 8083/7705/8 8542/6564/8 7654/6567/8 7174/7706/8
f 7390/7710/8 8086/7715/8 8542/6564/8 8083/7705/8
f 8086/7715/8 7223/7714/8 7511/6565/8 8542/6564/8
f 8087/7717/8 8543/6560/8 7702/6563/8 7222/7718/8
f 7391/7722/8 8090/7727/8 8543/6560/8 8087/7717/8
f 8090/7727/8 7141/7726/8 7429/6561/8 8543/6560/8
f 8091/7729/8 8544/6556/8 7701/6559/8 7221/7730/8
f 7392/7734/8 8094/7739/8 8544/6556/8 8091/7729/8
f 8094/7739/8 7172/7738/8 7460/6557/8 8544/6556/8
f 8095/7741/8 8545/6552/8 7658/6555/8 7178/7742/8
f 7393/7746/8 8098/7751/8 8545/6552/8 8095/7741/8
f 8098/7751/8 7171/7750/8 7459/6553/8 8545/6552/8
f 8099/7753/9 8546/6548/9 7698/6551/9 7218/7754/9
f 7394/7758/9 8102/7763/9 8546/6548/9 8099/7753/9
f 8102/7763/9 7144/7762/9 7432/6549/9 8546/6548/9
f 8103/7765/9 8547/6544/9 7697/6547/9 7217/7766/9
f 7395/7770/9 8106/7775/9 8547/6544/9 8103/7765/9
f 8106/7775/9 7168/7774/9 7456/6545/9 8547/6544/9
f 8107/7777/9 8548/6540/9 7661/6543/9 7181/7778/9
f 7396/7782/9 8110/7787/9 8548/6540/9 8107/7777/9
f 8110/7787/9 7167/7786/9 7455/6541/9 8548/6540/9
f 8111/7789/10 8549/6536/10 7694/6539/10 7214/7790/10
f 7397/7794/10 8114/7799/10 8549/6536/10 8111/7789/10
f 8114/7799/10 7147/7798/10 7435/6537/10 8549/6536/10
f 8115/7801/10 8550/6532/10 7693/6535/10 7213/7802/10
f 7398/7806/10 8118/7811/10 8550/6532/10 8115/7801/10
f 8118/7811/10 7164/7810/10 7452/6533/10 8550/6532/10
f 8119/7813/10 8551/6528/10 7664/6531/10 7184/7814/10
f 7399/7818/10 8122/7823/10 8551/6528/10 8119/7813/10
f 8122/7823/10 7163/7822/10 7451/6529/10 8551/6528/10
f 8123/7825/11 8552/6524/11 7690/6527/11 7210/7826/11
f 7400/7830/11 8126/7835/11 8552/6524/11 8123/7825/11
f 8126/7835/11 7150/7834/11 7438/6525/11 8552/6524/11
f 8127/7837/11 8553/6520/11 7689/6523/11 7209/7838/11
f 7401/7842/11 8130/7847/11 8553/6520/11 8127/7837/11
f 8130/7847/11 7160/7846/11 7448/6521/11 8553/6520/11
f 8131/7849/11 8554/6516/11 7428/6519/11 7140/7850/11
f 7402/7854/11 8134/7859/11 8554/6516/11 8131/7849/11
f 8134/7859/11 7159/7858/11 7447/6517/11 8554/6516/11
f 8135/7861/12 8555/6512/12 7686/6515/12 7206/7862/12
f 7403/7866/12 8138/7871/12 8555/6512/12 8135/7861/12
f 8138/7871/12 7182/7870/12 7662/6513/12 8555/6512/12
f 8139/7873/12 8556/6508/12 7685/6511/12 7205/7874/12
f 7404/7878/12 8142/7883/12 8556/6508/12 8139/7873/12
f 8142/7883/12 7156/7882/12 7444/6509/12 8556/6508/12
f 8143/7885/12 8557/6504/12 7437/6507/12 7149/7886/12
f 7405/7890/12 8146/7895/12 8557/6504/12 8143/7885/12
f 8146/7895/12 7155/7894/12 7443/6505/12 8557/6504/12
f 8150/7907/13 7177/7906/13 7657/6501/13 8558/6500/13
f 8151/7909/13 8559/6496/13 7681/6499/13 7201/7910/13
f 7407/7914/13 8154/7919/13 8559/6496/13 8151/7909/13
f 8154/7919/13 7152/7918/13 7440/6497/13 8559/6496/13
f 8155/7921/13 8560/6492/13 7438/6495/13 7150/7922/13
f 8159/7933/13 8561/6488/13 7426/6491/13 7138/7934/13
f 8162/7943/13 7189/7942/13 7669/6489/13 8561/6488/13
f 8163/7945/12 8562/6484/12 7425/6487/12 7137/7946/12
f 7410/7950/12 8166/7955/12 8562/6484/12 8163/7945/12
f 8166/7955/12 7194/7954/12 7674/6485/12 8562/6484/12
f 8167/7957/11 8563/6480/11 7416/6483/11 7128/7958/11
f 7411/7962/11 8170/7967/11 8563/6480/11 8167/7957/11
f 8170/7967/11 7138/7966/11 7426/6481/11 8563/6480/11
f 8171/7969/10 8564/6476/10 7676/6479/10 7196/7970/10
f 7412/7974/10 8174/7979/10 8564/6476/10 8171/7969/10
f 8174/7979/10 7135/7978/10 7423/6477/10 8564/6476/10
f 8175/7981/9 8565/6472/9 7673/6475/9 7193/7982/9
f 7413/7986/9 8178/7991/9 8565/6472/9 8175/7981/9
f 8178/7991/9 7132/7990/9 7420/6473/9 8565/6472/9
f 8179/7993/8 8566/6468/8 7670/6471/8 7190/7994/8
f 7414/7998/8 8182/8003/8 8566/6468/8 8179/7993/8
f 8182/8003/8 7129/8002/8 7417/6469/8 8566/6468/8
usemtl Material.007
f 8413/7080/13 7875/7081/13 7293/7082/13 7581/7083/13
f 8412/7084/13 7876/7085/13 7338/7086/13 7877/7087/13
f 8409/7096/13 7880/7097/13 7339/7098/13 7881/7099/13
f 8406/7108/13 7884/7109/13 7340/7110/13 7885/7111/13
f 8405/7112/13 7680/7113/13 7200/7114/13 7886/7115/13
f 8404/7116/13 7887/7117/13 7289/7118/13 7577/7119/13
f 8403/7120/13 7888/7121/13 7341/7122/13 7889/7123/13
f 8402/7124/13 7768/7125/13 7288/7126/13 7890/7127/13
f 8401/7128/13 7891/7129/13 7153/7130/13 7441/7131/13
f 8400/7132/13 7892/7133/13 7342/7134/13 7893/7135/13
f 8397/7144/13 7896/7145/13 7343/7146/13 7897/7147/13
f 8394/7156/13 7900/7157/13 7344/7158/13 7901/7159/13
f 8393/7160/13 7764/7161/13 7284/7162/13 7902/7163/13
f 8160/7937/13 8198/7940/13 8162/7943/13 7409/7938/13
f 7298/7034/13 7778/6791/13 8198/7940/13 8160/7937/13
f 7295/7066/13 8161/7939/13 8200/7932/13 7583/6781/13
f 8161/7939/13 7409/7938/13 8159/7933/13 8200/7932/13
f 7291/7102/13 8157/7927/13 8203/7920/13 7579/6769/13
f 8157/7927/13 7408/7926/13 8155/7921/13 8203/7920/13
f 8148/7901/13 8207/7904/13 8150/7907/13 7406/7902/13
f 7286/7142/13 7766/6755/13 8207/7904/13 8148/7901/13
f 7900/7157/13 8393/7160/13 7902/7163/13 7344/7158/13
f 7680/7113/13 8394/7156/13 7901/7159/13 7200/7114/13
f 7896/7145/13 8396/7148/13 7898/7151/13 7343/7146/13
f 7764/7161/13 8397/7144/13 7897/7147/13 7284/7162/13
f 7577/7119/13 7289/7118/13 7892/7133/13 8400/7132/13
f 7893/7135/13 7342/7134/13 7891/7129/13 8401/7128/13
f 7888/7121/13 8402/7124/13 7890/7127/13 7341/7122/13
f 7889/7123/13 7341/7122/13 7887/7117/13 8404/7116/13
f 7884/7109/13 8405/7112/13 7886/7115/13 7340/7110/13
f 7768/7125/13 8406/7108/13 7885/7111/13 7288/7126/13
f 7581/7083/13 7293/7082/13 7880/7097/13 8409/7096/13
f 7881/7099/13 7339/7098/13 7879/7093/13 8410/7092/13
f 7441/7131/13 7153/7130/13 7876/7085/13 8412/7084/13
f 7877/7087/13 7338/7086/13 7875/7081/13 8413/7080/13
f 7151/7930/13 7869/7063/13 8419/7056/13 7439/6493/13
f 7869/7063/13 7336/7062/13 7867/7057/13 8419/7056/13
f 7860/7037/13 8423/7040/13 7862/7043/13 7334/7038/13
f 7202/7898/13 7682/6503/13 8423/7040/13 7860/7037/13
f 7859/7033/13 8486/6788/13 7778/6791/13 7298/7034/13
f 7334/7038/13 7862/7043/13 8486/6788/13 7859/7033/13
f 7336/7062/13 7870/7067/13 8488/6780/13 7867/7057/13
f 7870/7067/13 7295/7066/13 7583/6781/13 8488/6780/13
f 7339/7098/13 7882/7103/13 8491/6768/13 7879/7093/13
f 7882/7103/13 7291/7102/13 7579/6769/13 8491/6768/13
f 7895/7141/13 8495/6752/13 7766/6755/13 7286/7142/13
f 7343/7146/13 7898/7151/13 8495/6752/13 7895/7141/13
f 8147/7897/13 8558/6500/13 7682/6503/13 7202/7898/13
f 7406/7902/13 8150/7907/13 8558/6500/13 8147/7897/13
f 7408/7926/13 8158/7931/13 8560/6492/13 8155/7921/13
f 8158/7931/13 7151/7930/13 7439/6493/13 8560/6492/13
f 7409/7938/13 8162/7943/13 8561/6488/13 8159/7933/13
usemtl Material.008
f 8493/6760/13 7576/6761/13 7119/6762/13 7769/6763/13
f 7119/6762/13 7578/7107/13 8205/7912/13 7767/7137/13
f 7769/6763/13 7119/6762/13 7767/7137/13 8399/7136/13
f 7576/6761/13 8407/7104/13 7578/7107/13 7119/6762/13
o Text.001
v 0.012790 0.457646 -0.100638
v 0.012773 0.457646 -0.100719
v 0.012756 0.457646 -0.100797
v 0.012737 0.457646 -0.100873
v 0.012717 0.457646 -0.100947
v 0.012694 0.457646 -0.101020
v 0.012669 0.457646 -0.101092
v 0.012641 0.457646 -0.101163
v 0.012609 0.457646 -0.101234
v 0.012574 0.457646 -0.101306
v 0.012533 0.457646 -0.101378
v 0.012488 0.457646 -0.101451
v 0.012438 0.457646 -0.101526
v 0.012291 0.457646 -0.101711
v 0.012132 0.457646 -0.101868
v 0.011960 0.457646 -0.101996
v 0.011779 0.457646 -0.102095
v 0.011588 0.457646 -0.102165
v 0.011389 0.457646 -0.102206
v 0.011184 0.457646 -0.102218
v 0.010974 0.457646 -0.102200
v 0.010760 0.457646 -0.102153
v 0.010544 0.457646 -0.102076
v 0.010327 0.457646 -0.101970
v 0.010109 0.457646 -0.101833
v 0.009929 0.457646 -0.101690
v 0.009775 0.457646 -0.101532
v 0.009646 0.457646 -0.101362
v 0.009545 0.457646 -0.101181
v 0.009470 0.457646 -0.100991
v 0.009423 0.457646 -0.100795
v 0.009403 0.457646 -0.100593
v 0.009411 0.457646 -0.100388
v 0.009447 0.457646 -0.100182
v 0.009512 0.457646 -0.099976
v 0.009605 0.457646 -0.099773
v 0.009728 0.457646 -0.099574
v 0.009778 0.457646 -0.099505
v 0.009833 0.457646 -0.099437
v 0.009890 0.457646 -0.099369
v 0.009950 0.457646 -0.099303
v 0.010012 0.457646 -0.099238
v 0.010074 0.457646 -0.099177
v 0.010137 0.457646 -0.099118
v 0.010200 0.457646 -0.099064
v 0.010261 0.457646 -0.099014
v 0.010320 0.457646 -0.098969
v 0.010377 0.457646 -0.098929
v 0.010430 0.457646 -0.098896
v 0.010945 0.457646 -0.099258
v 0.010872 0.457646 -0.099303
v 0.010802 0.457646 -0.099348
v 0.010736 0.457646 -0.099393
v 0.010674 0.457646 -0.099438
v 0.010615 0.457646 -0.099483
v 0.010559 0.457646 -0.099529
v 0.010506 0.457646 -0.099576
v 0.010456 0.457646 -0.099624
v 0.010408 0.457646 -0.099673
v 0.010364 0.457646 -0.099724
v 0.010321 0.457646 -0.099777
v 0.010281 0.457646 -0.099831
v 0.010196 0.457646 -0.099967
v 0.010131 0.457646 -0.100103
v 0.010084 0.457646 -0.100240
v 0.010057 0.457646 -0.100375
v 0.010049 0.457646 -0.100509
v 0.010060 0.457646 -0.100641
v 0.010090 0.457646 -0.100769
v 0.010139 0.457646 -0.100894
v 0.010208 0.457646 -0.101013
v 0.010296 0.457646 -0.101127
v 0.010403 0.457646 -0.101233
v 0.010530 0.457646 -0.101333
v 0.010664 0.457646 -0.101417
v 0.010799 0.457646 -0.101482
v 0.010935 0.457646 -0.101529
v 0.011069 0.457646 -0.101558
v 0.011202 0.457646 -0.101569
v 0.011331 0.457646 -0.101562
v 0.011456 0.457646 -0.101537
v 0.011576 0.457646 -0.101495
v 0.011690 0.457646 -0.101435
v 0.011796 0.457646 -0.101359
v 0.011894 0.457646 -0.101265
v 0.011982 0.457646 -0.101155
v 0.012021 0.457646 -0.101097
v 0.012056 0.457646 -0.101039
v 0.012088 0.457646 -0.100978
v 0.012116 0.457646 -0.100915
v 0.012142 0.457646 -0.100850
v 0.012164 0.457646 -0.100780
v 0.012183 0.457646 -0.100706
v 0.012199 0.457646 -0.100627
v 0.012212 0.457646 -0.100542
v 0.012223 0.457646 -0.100451
v 0.012230 0.457646 -0.100354
v 0.012234 0.457646 -0.100248
v 0.012276 0.457646 -0.104548
v 0.011032 0.457646 -0.106322
v 0.008953 0.457646 -0.104865
v 0.009142 0.457646 -0.104681
v 0.009296 0.457646 -0.104496
v 0.009417 0.457646 -0.104311
v 0.009506 0.457646 -0.104129
v 0.009564 0.457646 -0.103951
v 0.009593 0.457646 -0.103779
v 0.009595 0.457646 -0.103615
v 0.009570 0.457646 -0.103460
v 0.009519 0.457646 -0.103316
v 0.009445 0.457646 -0.103186
v 0.009349 0.457646 -0.103071
v 0.009232 0.457646 -0.102973
v 0.009130 0.457646 -0.102913
v 0.009021 0.457646 -0.102870
v 0.008908 0.457646 -0.102844
v 0.008791 0.457646 -0.102834
v 0.008672 0.457646 -0.102840
v 0.008554 0.457646 -0.102861
v 0.008437 0.457646 -0.102898
v 0.008323 0.457646 -0.102949
v 0.008214 0.457646 -0.103015
v 0.008111 0.457646 -0.103094
v 0.008017 0.457646 -0.103187
v 0.007933 0.457646 -0.103294
v 0.007883 0.457646 -0.103368
v 0.007838 0.457646 -0.103446
v 0.007797 0.457646 -0.103526
v 0.007761 0.457646 -0.103609
v 0.007728 0.457646 -0.103695
v 0.007699 0.457646 -0.103784
v 0.007675 0.457646 -0.103875
v 0.007654 0.457646 -0.103969
v 0.007638 0.457646 -0.104066
v 0.007626 0.457646 -0.104165
v 0.007618 0.457646 -0.104267
v 0.007614 0.457646 -0.104371
v 0.007022 0.457646 -0.103957
v 0.007040 0.457646 -0.103842
v 0.007061 0.457646 -0.103734
v 0.007084 0.457646 -0.103630
v 0.007110 0.457646 -0.103530
v 0.007139 0.457646 -0.103434
v 0.007172 0.457646 -0.103341
v 0.007209 0.457646 -0.103251
v 0.007249 0.457646 -0.103163
v 0.007294 0.457646 -0.103076
v 0.007342 0.457646 -0.102990
v 0.007396 0.457646 -0.102904
v 0.007454 0.457646 -0.102818
v 0.007594 0.457646 -0.102642
v 0.007749 0.457646 -0.102490
v 0.007916 0.457646 -0.102363
v 0.008094 0.457646 -0.102261
v 0.008279 0.457646 -0.102185
v 0.008472 0.457646 -0.102136
v 0.008668 0.457646 -0.102112
v 0.008867 0.457646 -0.102116
v 0.009066 0.457646 -0.102147
v 0.009264 0.457646 -0.102206
v 0.009458 0.457646 -0.102292
v 0.009646 0.457646 -0.102407
v 0.009818 0.457646 -0.102545
v 0.009967 0.457646 -0.102699
v 0.010090 0.457646 -0.102868
v 0.010187 0.457646 -0.103049
v 0.010256 0.457646 -0.103241
v 0.010297 0.457646 -0.103442
v 0.010308 0.457646 -0.103650
v 0.010288 0.457646 -0.103864
v 0.010237 0.457646 -0.104082
v 0.010152 0.457646 -0.104301
v 0.010034 0.457646 -0.104520
v 0.009881 0.457646 -0.104738
v 0.010882 0.457646 -0.105440
v 0.011760 0.457646 -0.104187
vn -0.0000 1.0000 -0.0000
vt 0.134021 0.000000
vt 0.113402 0.000000
vt 0.123711 0.000000
vt 0.103093 0.000000
vt 0.092784 0.000000
vt 0.144330 0.000000
vt 0.082474 0.000000
vt 0.072165 0.000000
vt 0.061856 0.000000
vt 0.154639 0.000000
vt 0.051546 0.000000
vt 0.041237 0.000000
vt 0.030928 0.000000
vt 0.164948 0.000000
vt 0.020619 0.000000
vt 0.010309 0.000000
vt 0.000000 0.000000
vt 0.175258 0.000000
vt 0.917526 0.000000
vt 0.927835 0.000000
vt 0.938144 0.000000
vt 0.948454 0.000000
vt 0.958763 0.000000
vt 0.969072 0.000000
vt 0.979381 0.000000
vt 0.989691 0.000000
vt 1.000000 0.000000
vt 0.185567 0.000000
vt 0.896907 0.000000
vt 0.907216 0.000000
vt 0.195876 0.000000
vt 0.876289 0.000000
vt 0.886598 0.000000
vt 0.865979 0.000000
vt 0.855670 0.000000
vt 0.845361 0.000000
vt 0.206186 0.000000
vt 0.835052 0.000000
vt 0.824742 0.000000
vt 0.814433 0.000000
vt 0.216495 0.000000
vt 0.804124 0.000000
vt 0.793814 0.000000
vt 0.226804 0.000000
vt 0.783505 0.000000
vt 0.773196 0.000000
vt 0.237113 0.000000
vt 0.762887 0.000000
vt 0.247423 0.000000
vt 0.752577 0.000000
vt 0.742268 0.000000
vt 0.257732 0.000000
vt 0.731959 0.000000
vt 0.268041 0.000000
vt 0.721649 0.000000
vt 0.711340 0.000000
vt 0.278351 0.000000
vt 0.701031 0.000000
vt 0.690722 0.000000
vt 0.288660 0.000000
vt 0.680412 0.000000
vt 0.515464 0.000000
vt 0.494845 0.000000
vt 0.505155 0.000000
vt 0.670103 0.000000
vt 0.525773 0.000000
vt 0.298969 0.000000
vt 0.536082 0.000000
vt 0.659794 0.000000
vt 0.546392 0.000000
vt 0.556701 0.000000
vt 0.567010 0.000000
vt 0.649485 0.000000
vt 0.577320 0.000000
vt 0.587629 0.000000
vt 0.639175 0.000000
vt 0.597938 0.000000
vt 0.608247 0.000000
vt 0.628866 0.000000
vt 0.618557 0.000000
vt 0.309278 0.000000
vt 0.319588 0.000000
vt 0.329897 0.000000
vt 0.340206 0.000000
vt 0.484536 0.000000
vt 0.474227 0.000000
vt 0.463918 0.000000
vt 0.350515 0.000000
vt 0.453608 0.000000
vt 0.443299 0.000000
vt 0.432990 0.000000
vt 0.422680 0.000000
vt 0.360825 0.000000
vt 0.412371 0.000000
vt 0.402062 0.000000
vt 0.391753 0.000000
vt 0.371134 0.000000
vt 0.381443 0.000000
vt 0.025974 0.000000
vt 0.987013 0.000000
vt 0.012987 0.000000
vt 0.974026 0.000000
vt 0.948052 0.000000
vt 0.961039 0.000000
vt 0.935065 0.000000
vt 0.922078 0.000000
vt 0.909091 0.000000
vt 0.038961 0.000000
vt 0.896104 0.000000
vt 0.051948 0.000000
vt 0.883117 0.000000
vt 0.064935 0.000000
vt 0.870130 0.000000
vt 0.077922 0.000000
vt 0.090909 0.000000
vt 0.103896 0.000000
vt 0.857143 0.000000
vt 0.116883 0.000000
vt 0.129870 0.000000
vt 0.844156 0.000000
vt 0.142857 0.000000
vt 0.831169 0.000000
vt 0.155844 0.000000
vt 0.168831 0.000000
vt 0.818182 0.000000
vt 0.181818 0.000000
vt 0.805195 0.000000
vt 0.194805 0.000000
vt 0.207792 0.000000
vt 0.792208 0.000000
vt 0.220779 0.000000
vt 0.233766 0.000000
vt 0.779221 0.000000
vt 0.246753 0.000000
vt 0.506494 0.000000
vt 0.480519 0.000000
vt 0.493506 0.000000
vt 0.259740 0.000000
vt 0.467532 0.000000
vt 0.766234 0.000000
vt 0.272727 0.000000
vt 0.454545 0.000000
vt 0.441558 0.000000
vt 0.285714 0.000000
vt 0.428571 0.000000
vt 0.415584 0.000000
vt 0.298701 0.000000
vt 0.402597 0.000000
vt 0.753247 0.000000
vt 0.311688 0.000000
vt 0.389610 0.000000
vt 0.376623 0.000000
vt 0.324675 0.000000
vt 0.363636 0.000000
vt 0.350649 0.000000
vt 0.337662 0.000000
vt 0.740260 0.000000
vt 0.727273 0.000000
vt 0.714286 0.000000
vt 0.519481 0.000000
vt 0.532468 0.000000
vt 0.701299 0.000000
vt 0.545455 0.000000
vt 0.558442 0.000000
vt 0.571429 0.000000
vt 0.688312 0.000000
vt 0.584416 0.000000
vt 0.597403 0.000000
vt 0.675325 0.000000
vt 0.610390 0.000000
vt 0.623377 0.000000
vt 0.636364 0.000000
vt 0.662338 0.000000
vt 0.649351 0.000000
s 0
usemtl Material.009
f 8580/8117/14 8578/8118/14 8579/8119/14
f 8580/8117/14 8577/8120/14 8578/8118/14
f 8580/8117/14 8576/8121/14 8577/8120/14
f 8581/8122/14 8576/8121/14 8580/8117/14
f 8581/8122/14 8575/8123/14 8576/8121/14
f 8581/8122/14 8574/8124/14 8575/8123/14
f 8581/8122/14 8573/8125/14 8574/8124/14
f 8582/8126/14 8573/8125/14 8581/8122/14
f 8582/8126/14 8572/8127/14 8573/8125/14
f 8582/8126/14 8571/8128/14 8572/8127/14
f 8582/8126/14 8570/8129/14 8571/8128/14
f 8583/8130/14 8570/8129/14 8582/8126/14
f 8583/8130/14 8569/8131/14 8570/8129/14
f 8583/8130/14 8568/8132/14 8569/8131/14
f 8583/8130/14 8567/8133/14 8568/8132/14
f 8584/8134/14 8567/8133/14 8583/8130/14
f 8584/8134/14 8656/8135/14 8567/8133/14
f 8656/8135/14 8657/8136/14 8567/8133/14
f 8657/8136/14 8658/8137/14 8567/8133/14
f 8658/8137/14 8659/8138/14 8567/8133/14
f 8659/8138/14 8660/8139/14 8567/8133/14
f 8660/8139/14 8661/8140/14 8567/8133/14
f 8661/8140/14 8662/8141/14 8567/8133/14
f 8662/8141/14 8663/8142/14 8567/8133/14
f 8663/8142/14 8664/8143/14 8567/8133/14
f 8585/8144/14 8654/8145/14 8584/8134/14
f 8654/8145/14 8655/8146/14 8584/8134/14
f 8655/8146/14 8656/8135/14 8584/8134/14
f 8586/8147/14 8652/8148/14 8585/8144/14
f 8652/8148/14 8653/8149/14 8585/8144/14
f 8653/8149/14 8654/8145/14 8585/8144/14
f 8586/8147/14 8651/8150/14 8652/8148/14
f 8586/8147/14 8650/8151/14 8651/8150/14
f 8586/8147/14 8649/8152/14 8650/8151/14
f 8587/8153/14 8649/8152/14 8586/8147/14
f 8587/8153/14 8648/8154/14 8649/8152/14
f 8587/8153/14 8647/8155/14 8648/8154/14
f 8587/8153/14 8646/8156/14 8647/8155/14
f 8588/8157/14 8646/8156/14 8587/8153/14
f 8588/8157/14 8645/8158/14 8646/8156/14
f 8588/8157/14 8644/8159/14 8645/8158/14
f 8589/8160/14 8644/8159/14 8588/8157/14
f 8589/8160/14 8643/8161/14 8644/8159/14
f 8589/8160/14 8642/8162/14 8643/8161/14
f 8590/8163/14 8642/8162/14 8589/8160/14
f 8590/8163/14 8641/8164/14 8642/8162/14
f 8591/8165/14 8641/8164/14 8590/8163/14
f 8591/8165/14 8640/8166/14 8641/8164/14
f 8591/8165/14 8639/8167/14 8640/8166/14
f 8592/8168/14 8639/8167/14 8591/8165/14
f 8592/8168/14 8638/8169/14 8639/8167/14
f 8593/8170/14 8638/8169/14 8592/8168/14
f 8593/8170/14 8637/8171/14 8638/8169/14
f 8593/8170/14 8636/8172/14 8637/8171/14
f 8594/8173/14 8636/8172/14 8593/8170/14
f 8594/8173/14 8635/8174/14 8636/8172/14
f 8594/8173/14 8634/8175/14 8635/8174/14
f 8595/8176/14 8634/8175/14 8594/8173/14
f 8595/8176/14 8633/8177/14 8634/8175/14
f 8617/8178/14 8615/8179/14 8616/8180/14
f 8595/8176/14 8632/8181/14 8633/8177/14
f 8618/8182/14 8615/8179/14 8617/8178/14
f 8596/8183/14 8632/8181/14 8595/8176/14
f 8619/8184/14 8615/8179/14 8618/8182/14
f 8596/8183/14 8631/8185/14 8632/8181/14
f 8620/8186/14 8615/8179/14 8619/8184/14
f 8621/8187/14 8615/8179/14 8620/8186/14
f 8622/8188/14 8615/8179/14 8621/8187/14
f 8596/8183/14 8630/8189/14 8631/8185/14
f 8623/8190/14 8615/8179/14 8622/8188/14
f 8624/8191/14 8615/8179/14 8623/8190/14
f 8596/8183/14 8629/8192/14 8630/8189/14
f 8625/8193/14 8615/8179/14 8624/8191/14
f 8626/8194/14 8615/8179/14 8625/8193/14
f 8596/8183/14 8628/8195/14 8629/8192/14
f 8627/8196/14 8615/8179/14 8626/8194/14
f 8597/8197/14 8628/8195/14 8596/8183/14
f 8628/8195/14 8615/8179/14 8627/8196/14
f 8597/8197/14 8615/8179/14 8628/8195/14
f 8598/8198/14 8615/8179/14 8597/8197/14
f 8599/8199/14 8615/8179/14 8598/8198/14
f 8600/8200/14 8615/8179/14 8599/8199/14
f 8600/8200/14 8614/8201/14 8615/8179/14
f 8600/8200/14 8613/8202/14 8614/8201/14
f 8600/8200/14 8612/8203/14 8613/8202/14
f 8601/8204/14 8612/8203/14 8600/8200/14
f 8601/8204/14 8611/8205/14 8612/8203/14
f 8601/8204/14 8610/8206/14 8611/8205/14
f 8601/8204/14 8609/8207/14 8610/8206/14
f 8601/8204/14 8608/8208/14 8609/8207/14
f 8602/8209/14 8608/8208/14 8601/8204/14
f 8602/8209/14 8607/8210/14 8608/8208/14
f 8602/8209/14 8606/8211/14 8607/8210/14
f 8602/8209/14 8605/8212/14 8606/8211/14
f 8603/8213/14 8605/8212/14 8602/8209/14
f 8603/8213/14 8604/8214/14 8605/8212/14
f 8667/8215/14 8741/8216/14 8666/8217/14
f 8741/8216/14 8665/8133/14 8666/8217/14
f 8741/8216/14 8742/8143/14 8665/8133/14
f 8667/8215/14 8740/8218/14 8741/8216/14
f 8740/8218/14 8738/8219/14 8739/8220/14
f 8667/8215/14 8738/8219/14 8740/8218/14
f 8667/8215/14 8737/8221/14 8738/8219/14
f 8667/8215/14 8736/8222/14 8737/8221/14
f 8667/8215/14 8735/8223/14 8736/8222/14
f 8667/8215/14 8668/8224/14 8735/8223/14
f 8668/8224/14 8734/8225/14 8735/8223/14
f 8668/8224/14 8669/8226/14 8734/8225/14
f 8669/8226/14 8733/8227/14 8734/8225/14
f 8669/8226/14 8670/8228/14 8733/8227/14
f 8670/8228/14 8732/8229/14 8733/8227/14
f 8671/8230/14 8732/8229/14 8670/8228/14
f 8672/8231/14 8732/8229/14 8671/8230/14
f 8673/8232/14 8732/8229/14 8672/8231/14
f 8673/8232/14 8731/8233/14 8732/8229/14
f 8674/8234/14 8731/8233/14 8673/8232/14
f 8675/8235/14 8731/8233/14 8674/8234/14
f 8675/8235/14 8730/8236/14 8731/8233/14
f 8676/8237/14 8730/8236/14 8675/8235/14
f 8676/8237/14 8729/8238/14 8730/8236/14
f 8677/8239/14 8729/8238/14 8676/8237/14
f 8678/8240/14 8729/8238/14 8677/8239/14
f 8678/8240/14 8728/8241/14 8729/8238/14
f 8679/8242/14 8728/8241/14 8678/8240/14
f 8679/8242/14 8727/8243/14 8728/8241/14
f 8680/8244/14 8727/8243/14 8679/8242/14
f 8681/8245/14 8727/8243/14 8680/8244/14
f 8681/8245/14 8726/8246/14 8727/8243/14
f 8682/8247/14 8726/8246/14 8681/8245/14
f 8683/8248/14 8726/8246/14 8682/8247/14
f 8683/8248/14 8725/8249/14 8726/8246/14
f 8684/8250/14 8725/8249/14 8683/8248/14
f 8704/8251/14 8702/8252/14 8703/8253/14
f 8685/8254/14 8725/8249/14 8684/8250/14
f 8704/8251/14 8701/8255/14 8702/8252/14
f 8685/8254/14 8724/8256/14 8725/8249/14
f 8686/8257/14 8724/8256/14 8685/8254/14
f 8704/8251/14 8700/8258/14 8701/8255/14
f 8704/8251/14 8699/8259/14 8700/8258/14
f 8687/8260/14 8724/8256/14 8686/8257/14
f 8704/8251/14 8698/8261/14 8699/8259/14
f 8704/8251/14 8697/8262/14 8698/8261/14
f 8688/8263/14 8724/8256/14 8687/8260/14
f 8704/8251/14 8696/8264/14 8697/8262/14
f 8688/8263/14 8723/8265/14 8724/8256/14
f 8689/8266/14 8723/8265/14 8688/8263/14
f 8704/8251/14 8695/8267/14 8696/8264/14
f 8704/8251/14 8694/8268/14 8695/8267/14
f 8690/8269/14 8723/8265/14 8689/8266/14
f 8704/8251/14 8693/8270/14 8694/8268/14
f 8704/8251/14 8692/8271/14 8693/8270/14
f 8691/8272/14 8723/8265/14 8690/8269/14
f 8704/8251/14 8691/8272/14 8692/8271/14
f 8704/8251/14 8723/8265/14 8691/8272/14
f 8704/8251/14 8722/8273/14 8723/8265/14
f 8704/8251/14 8721/8274/14 8722/8273/14
f 8704/8251/14 8720/8275/14 8721/8274/14
f 8705/8276/14 8720/8275/14 8704/8251/14
f 8706/8277/14 8720/8275/14 8705/8276/14
f 8706/8277/14 8719/8278/14 8720/8275/14
f 8707/8279/14 8719/8278/14 8706/8277/14
f 8708/8280/14 8719/8278/14 8707/8279/14
f 8709/8281/14 8719/8278/14 8708/8280/14
f 8709/8281/14 8718/8282/14 8719/8278/14
f 8710/8283/14 8718/8282/14 8709/8281/14
f 8711/8284/14 8718/8282/14 8710/8283/14
f 8711/8284/14 8717/8285/14 8718/8282/14
f 8712/8286/14 8717/8285/14 8711/8284/14
f 8713/8287/14 8717/8285/14 8712/8286/14
f 8714/8288/14 8717/8285/14 8713/8287/14
f 8714/8288/14 8716/8289/14 8717/8285/14
f 8715/8290/14 8716/8289/14 8714/8288/14
o Cube.002
v -0.160285 0.180551 0.174512
v -0.160285 0.223977 0.174512
v -0.160285 0.180551 0.175051
v -0.160285 0.223977 0.175051
v -0.116859 0.180551 0.174512
v -0.116859 0.223977 0.174512
v -0.116859 0.180551 0.175051
v -0.116859 0.223977 0.175051
vn -1.0000 -0.0000 -0.0000
vn -0.0000 -0.0000 1.0000
vn 1.0000 -0.0000 -0.0000
vn -0.0000 -0.0000 -1.0000
vn -0.0000 -1.0000 -0.0000
vn -0.0000 1.0000 -0.0000
vt 0.375000 0.000000
vt 0.625000 0.000000
vt 0.625000 0.250000
vt 0.375000 0.250000
vt 0.625000 0.500000
vt 0.375000 0.500000
vt 0.625000 0.750000
vt 0.375000 0.750000
vt 0.625000 1.000000
vt 0.375000 1.000000
vt 0.125000 0.500000
vt 0.125000 0.750000
vt 0.875000 0.500000
vt 0.875000 0.750000
s 0
usemtl Material.010
f 8743/8291/15 8745/8294/15 8746/8293/15 8744/8292/15
f 8745/8294/16 8749/8296/16 8750/8295/16 8746/8293/16
f 8749/8296/17 8747/8298/17 8748/8297/17 8750/8295/17
f 8747/8298/18 8743/8300/18 8744/8299/18 8748/8297/18
f 8745/8301/19 8743/8302/19 8747/8298/19 8749/8296/19
f 8750/8295/20 8748/8297/20 8744/8304/20 8746/8303/20
o Cube.003
v -0.155674 0.185162 0.174948
v -0.155674 0.219367 0.174948
v -0.155674 0.185162 0.175373
v -0.155674 0.219367 0.175373
v -0.121469 0.185162 0.174948
v -0.121469 0.219367 0.174948
v -0.121469 0.185162 0.175373
v -0.121469 0.219367 0.175373
vn -1.0000 -0.0000 -0.0000
vn -0.0000 -0.0000 1.0000
vn 1.0000 -0.0000 -0.0000
vn -0.0000 -0.0000 -1.0000
vn -0.0000 -1.0000 -0.0000
vn -0.0000 1.0000 -0.0000
vt 0.375000 0.000000
vt 0.625000 0.000000
vt 0.625000 0.250000
vt 0.375000 0.250000
vt 0.625000 0.500000
vt 0.375000 0.500000
vt 0.625000 0.750000
vt 0.375000 0.750000
vt 0.625000 1.000000
vt 0.375000 1.000000
vt 0.125000 0.500000
vt 0.125000 0.750000
vt 0.875000 0.500000
vt 0.875000 0.750000
s 0
usemtl Material.012
f 8751/8305/21 8753/8308/21 8754/8307/21 8752/8306/21
f 8753/8308/22 8757/8310/22 8758/8309/22 8754/8307/22
f 8757/8310/23 8755/8312/23 8756/8311/23 8758/8309/23
f 8755/8312/24 8751/8314/24 8752/8313/24 8756/8311/24
f 8753/8315/25 8751/8316/25 8755/8312/25 8757/8310/25
f 8758/8309/26 8756/8311/26 8752/8318/26 8754/8317/26
o Plane
v -0.151909 0.206006 0.175562
v -0.139887 0.206006 0.175562
v -0.145949 0.217963 0.175770
v -0.145889 0.218061 0.175353
v -0.148961 0.212033 0.175665
v -0.145898 0.206006 0.175562
v -0.143220 0.212034 0.175446
v -0.145898 0.218028 0.175562
v -0.145898 0.212017 0.175562
vn 0.1197 0.0342 0.9922
vn 0.0999 -0.0340 0.9944
vn 0.0113 -0.0113 0.9999
vn 0.0134 0.0134 0.9998
vt 0.500000 0.500000
vt 1.000000 0.500000
vt 1.000000 1.000000
vt 0.500000 1.000000
vt 0.000000 0.500000
vt 0.000000 1.000000
vt 0.000000 0.000000
vt 0.500000 0.000000
vt 1.000000 0.000000
s 0
usemtl Material
f 8767/8319/27 8765/8320/27 8762/8321/27 8766/8322/27
f 8763/8323/28 8767/8319/28 8766/8322/28 8761/8324/28
f 8759/8325/29 8764/8326/29 8767/8319/29 8763/8323/29
f 8764/8326/30 8760/8327/30 8765/8320/30 8767/8319/30
o Plane.001
v -0.136558 0.206006 0.175562
v -0.124536 0.206006 0.175562
v -0.130597 0.217963 0.175770
v -0.130537 0.218061 0.175353
v -0.133610 0.212033 0.175665
v -0.130547 0.206006 0.175562
v -0.127868 0.212034 0.175446
v -0.130547 0.218028 0.175562
v -0.130547 0.212017 0.175562
vn 0.1197 0.0342 0.9922
vn 0.0999 -0.0340 0.9944
vn 0.0113 -0.0113 0.9999
vn 0.0134 0.0134 0.9998
vt 0.500000 0.500000
vt 1.000000 0.500000
vt 1.000000 1.000000
vt 0.500000 1.000000
vt 0.000000 0.500000
vt 0.000000 1.000000
vt 0.000000 0.000000
vt 0.500000 0.000000
vt 1.000000 0.000000
s 0
usemtl Material.016
f 8776/8328/31 8774/8329/31 8771/8330/31 8775/8331/31
f 8772/8332/32 8776/8328/32 8775/8331/32 8770/8333/32
f 8768/8334/33 8773/8335/33 8776/8328/33 8772/8332/33
f 8773/8335/34 8769/8336/34 8774/8329/34 8776/8328/34
o Cube.004
v -0.143527 0.186742 0.175456
v -0.143527 0.205847 0.175456
v -0.143527 0.186742 0.175384
v -0.143527 0.205847 0.175384
v -0.148686 0.186742 0.175456
v -0.148686 0.205847 0.175456
v -0.148686 0.186742 0.175384
v -0.148686 0.205847 0.175384
vn 1.0000 -0.0000 -0.0000
vn -0.0000 -0.0000 -1.0000
vn -1.0000 -0.0000 -0.0000
vn -0.0000 -0.0000 1.0000
vn -0.0000 -1.0000 -0.0000
vn -0.0000 1.0000 -0.0000
vt 0.375000 0.000000
vt 0.625000 0.000000
vt 0.625000 0.250000
vt 0.375000 0.250000
vt 0.625000 0.500000
vt 0.375000 0.500000
vt 0.625000 0.750000
vt 0.375000 0.750000
vt 0.625000 1.000000
vt 0.375000 1.000000
vt 0.125000 0.500000
vt 0.125000 0.750000
vt 0.875000 0.500000
vt 0.875000 0.750000
s 0
usemtl Material.013
f 8777/8337/35 8779/8340/35 8780/8339/35 8778/8338/35
f 8779/8340/36 8783/8342/36 8784/8341/36 8780/8339/36
f 8783/8342/37 8781/8344/37 8782/8343/37 8784/8341/37
f 8781/8344/38 8777/8346/38 8778/8345/38 8782/8343/38
f 8779/8347/39 8777/8348/39 8781/8344/39 8783/8342/39
f 8784/8341/40 8782/8343/40 8778/8350/40 8780/8349/40
o Cube.005
v -0.132980 0.186742 0.175456
v -0.132980 0.205847 0.175456
v -0.132980 0.186742 0.175384
v -0.132980 0.205847 0.175384
v -0.127272 0.186742 0.175456
v -0.127272 0.205847 0.175456
v -0.127272 0.186742 0.175384
v -0.127272 0.205847 0.175384
vn -1.0000 -0.0000 -0.0000
vn -0.0000 -0.0000 -1.0000
vn 1.0000 -0.0000 -0.0000
vn -0.0000 -0.0000 1.0000
vn -0.0000 -1.0000 -0.0000
vn -0.0000 1.0000 -0.0000
vt 0.375000 0.000000
vt 0.625000 0.000000
vt 0.625000 0.250000
vt 0.375000 0.250000
vt 0.625000 0.500000
vt 0.375000 0.500000
vt 0.625000 0.750000
vt 0.375000 0.750000
vt 0.625000 1.000000
vt 0.375000 1.000000
vt 0.125000 0.500000
vt 0.125000 0.750000
vt 0.875000 0.500000
vt 0.875000 0.750000
s 0
usemtl Material.014
f 8785/8351/41 8786/8352/41 8788/8353/41 8787/8354/41
f 8787/8354/42 8788/8353/42 8792/8355/42 8791/8356/42
f 8791/8356/43 8792/8355/43 8790/8357/43 8789/8358/43
f 8789/8358/44 8790/8357/44 8786/8359/44 8785/8360/44
f 8787/8361/45 8791/8356/45 8789/8358/45 8785/8362/45
f 8792/8355/46 8788/8363/46 8786/8364/46 8790/8357/46
o Cube.006
v -0.122831 0.185640 0.175456
v -0.153550 0.185640 0.175456
v -0.122831 0.185640 0.175384
v -0.153550 0.185640 0.175384
v -0.122831 0.193162 0.175456
v -0.153550 0.193162 0.175456
v -0.122831 0.193162 0.175384
v -0.153550 0.193162 0.175384
vn -0.0000 -1.0000 -0.0000
vn -0.0000 -0.0000 -1.0000
vn -0.0000 1.0000 -0.0000
vn -0.0000 -0.0000 1.0000
vn 1.0000 -0.0000 -0.0000
vn -1.0000 -0.0000 -0.0000
vt 0.375000 0.000000
vt 0.625000 0.000000
vt 0.625000 0.250000
vt 0.375000 0.250000
vt 0.625000 0.500000
vt 0.375000 0.500000
vt 0.625000 0.750000
vt 0.375000 0.750000
vt 0.625000 1.000000
vt 0.375000 1.000000
vt 0.125000 0.500000
vt 0.125000 0.750000
vt 0.875000 0.500000
vt 0.875000 0.750000
s 0
usemtl Material.015
f 8793/8365/47 8794/8366/47 8796/8367/47 8795/8368/47
f 8795/8368/48 8796/8367/48 8800/8369/48 8799/8370/48
f 8799/8370/49 8800/8369/49 8798/8371/49 8797/8372/49
f 8797/8372/50 8798/8371/50 8794/8373/50 8793/8374/50
f 8795/8375/51 8799/8370/51 8797/8372/51 8793/8376/51
f 8800/8369/52 8796/8377/52 8794/8378/52 8798/8371/52
o Plane.002
v -0.174497 0.456883 0.005124
v 0.174497 0.456883 0.005124
v -0.174497 0.456883 -0.002981
v 0.174497 0.456883 -0.002981
v -0.174497 0.456883 0.001071
v 0.000000 0.456883 0.005124
v 0.174497 0.456883 0.001071
v -0.000208 0.455181 0.000328
v 0.000000 0.456883 0.001071
v -0.174497 0.456883 0.003098
v 0.087248 0.456883 0.005124
v 0.174497 0.456883 -0.000955
v -0.087248 0.456883 -0.002981
v -0.174497 0.456883 -0.000955
v -0.087248 0.456883 0.005124
v 0.174497 0.456883 0.003098
v 0.087825 0.457262 -0.003659
v 0.000000 0.456883 -0.000955
v 0.000000 0.456883 0.003098
v -0.087248 0.456883 0.001071
v 0.087248 0.456883 0.001071
v 0.087248 0.456883 0.003098
v -0.087248 0.456883 0.003098
v -0.087248 0.456883 -0.000955
v 0.087248 0.456883 -0.000955
v -0.174497 0.456883 0.004111
v 0.130872 0.456883 0.005124
v 0.174497 0.456883 -0.001968
v -0.130872 0.456883 -0.002981
v -0.174497 0.456883 0.000058
v -0.043624 0.456883 0.005124
v 0.174497 0.456883 0.002085
v 0.043624 0.456883 -0.002981
v 0.000000 0.456883 -0.001968
v 0.000000 0.456883 0.002085
v -0.130872 0.456883 0.001071
v 0.043624 0.456883 0.001071
v -0.174497 0.456883 0.002085
v 0.043624 0.456883 0.005124
v 0.174497 0.456883 0.000058
v -0.043624 0.456883 -0.002981
v -0.174497 0.456883 -0.001968
v -0.126152 0.456244 0.006904
v 0.174497 0.456883 0.004111
v 0.131390 0.456192 -0.001570
v 0.000000 0.456883 0.000058
v 0.000000 0.456883 0.004111
v -0.043624 0.456883 0.001071
v 0.130872 0.456883 0.001071
v 0.087248 0.456883 0.002085
v 0.087248 0.456883 0.004111
v 0.043624 0.456883 0.003098
v 0.130872 0.456883 0.003098
v -0.087248 0.456883 0.002085
v -0.137959 0.455114 0.001885
v -0.130872 0.456883 0.003098
v -0.043624 0.456883 0.003098
v -0.087248 0.456883 -0.001968
v -0.087248 0.456883 0.000058
v -0.130872 0.456883 -0.000955
v -0.043624 0.456883 -0.000955
v 0.087248 0.456883 -0.001968
v 0.013488 0.454315 -0.003187
v 0.043624 0.456883 -0.000955
v 0.130872 0.456883 -0.000955
v 0.130872 0.456883 0.000058
v 0.043624 0.456883 0.000058
v 0.043624 0.456883 -0.001968
v -0.043624 0.456883 0.000058
v -0.130872 0.456883 0.000058
v -0.130872 0.456883 -0.001968
v -0.043624 0.456883 0.004111
v -0.130872 0.456883 0.004111
v -0.130872 0.456883 0.002085
v 0.130872 0.456883 0.004111
v 0.043624 0.456883 0.004111
v 0.043624 0.456883 0.002085
v 0.130872 0.456883 0.002085
v -0.043624 0.456883 0.002085
v -0.043624 0.456883 -0.001968
v 0.130872 0.456883 -0.001968
vn -0.0175 0.6576 -0.7532
vn 0.0185 -0.6033 -0.7973
vn -0.0000 1.0000 -0.0000
vn 0.0183 -0.6144 0.7888
vn -0.0032 0.9904 0.1382
vn 0.0153 -0.7522 0.6588
vn -0.0228 0.1888 0.9817
vn -0.0080 0.9385 -0.3451
vn 0.0136 0.8108 -0.5852
vn -0.0186 -0.6004 -0.7995
vn -0.0203 0.4839 0.8749
vn -0.0072 0.9508 -0.3097
vn 0.0037 0.9870 0.1610
vn 0.0054 0.9728 -0.2316
vn 0.0173 0.9752 -0.2205
vt 0.875000 0.875000
vt 1.000000 0.875000
vt 1.000000 1.000000
vt 0.875000 1.000000
vt 0.375000 0.875000
vt 0.500000 0.875000
vt 0.500000 1.000000
vt 0.375000 1.000000
vt 0.375000 0.375000
vt 0.500000 0.375000
vt 0.500000 0.500000
vt 0.375000 0.500000
vt 0.875000 0.375000
vt 1.000000 0.375000
vt 1.000000 0.500000
vt 0.875000 0.500000
vt 0.625000 0.375000
vt 0.750000 0.375000
vt 0.750000 0.500000
vt 0.625000 0.500000
vt 0.625000 0.125000
vt 0.750000 0.125000
vt 0.750000 0.250000
vt 0.625000 0.250000
vt 0.875000 0.125000
vt 1.000000 0.125000
vt 1.000000 0.250000
vt 0.875000 0.250000
vt 0.125000 0.375000
vt 0.250000 0.375000
vt 0.250000 0.500000
vt 0.125000 0.500000
vt 0.125000 0.125000
vt 0.250000 0.125000
vt 0.250000 0.250000
vt 0.125000 0.250000
vt 0.375000 0.125000
vt 0.500000 0.125000
vt 0.500000 0.250000
vt 0.375000 0.250000
vt 0.125000 0.875000
vt 0.250000 0.875000
vt 0.250000 1.000000
vt 0.125000 1.000000
vt 0.125000 0.625000
vt 0.250000 0.625000
vt 0.250000 0.750000
vt 0.125000 0.750000
vt 0.375000 0.625000
vt 0.500000 0.625000
vt 0.500000 0.750000
vt 0.375000 0.750000
vt 0.625000 0.875000
vt 0.750000 0.875000
vt 0.750000 1.000000
vt 0.625000 1.000000
vt 0.625000 0.625000
vt 0.750000 0.625000
vt 0.750000 0.750000
vt 0.625000 0.750000
vt 0.875000 0.625000
vt 1.000000 0.625000
vt 1.000000 0.750000
vt 0.875000 0.750000
vt 0.000000 0.625000
vt 0.000000 0.750000
vt 0.000000 0.500000
vt 0.000000 0.875000
vt 0.000000 1.000000
vt 0.250000 0.000000
vt 0.375000 0.000000
vt 0.500000 0.000000
vt 0.000000 0.125000
vt 0.000000 0.250000
vt 0.000000 0.000000
vt 0.125000 0.000000
vt 0.000000 0.375000
vt 0.750000 0.000000
vt 0.875000 0.000000
vt 1.000000 0.000000
vt 0.625000 0.000000
s 0
usemtl Material.017
f 8881/8379/53 8828/8380/53 8804/8381/53 8845/8382/53
f 8880/8383/54 8834/8384/54 8808/8385/54 8841/8386/54
f 8879/8387/55 8835/8388/55 8809/8389/55 8848/8390/55
f 8878/8391/55 8832/8392/55 8807/8393/55 8849/8394/55
f 8877/8395/55 8850/8396/55 8821/8397/55 8837/8398/55
f 8876/8399/55 8851/8400/55 8822/8401/55 8852/8402/55
f 8875/8403/55 8844/8404/55 8816/8405/55 8853/8406/55
f 8874/8407/55 8854/8408/55 8820/8409/55 8836/8410/55
f 8873/8411/56 8855/8412/56 8823/8413/56 8856/8414/56
f 8872/8415/55 8847/8416/55 8819/8417/55 8857/8418/55
f 8871/8419/55 8858/8420/55 8813/8421/55 8829/8422/55
f 8870/8423/55 8859/8424/55 8824/8425/55 8860/8426/55
f 8869/8427/55 8846/8428/55 8818/8429/55 8861/8430/55
f 8868/8431/57 8862/8432/57 8817/8433/57 8833/8434/57
f 8867/8435/58 8863/8436/58 8825/8437/58 8864/8438/58
f 8866/8439/55 8840/8440/55 8812/8441/55 8865/8442/55
f 8863/8436/59 8866/8439/59 8865/8442/59 8825/8437/59
f 8821/8397/60 8849/8394/60 8866/8439/60 8863/8436/60
f 8849/8394/55 8807/8393/55 8840/8440/55 8866/8439/55
f 8846/8428/55 8867/8435/55 8864/8438/55 8818/8429/55
f 8809/8389/55 8837/8398/55 8867/8435/55 8846/8428/55
f 8837/8398/61 8821/8397/61 8863/8436/61 8867/8435/61
f 8834/8384/62 8868/8431/62 8833/8434/62 8808/8385/62
f 8818/8429/55 8864/8438/55 8868/8431/55 8834/8384/55
f 8864/8438/55 8825/8437/55 8862/8432/55 8868/8431/55
f 8859/8424/55 8869/8427/55 8861/8430/55 8824/8425/55
f 8820/8409/55 8848/8390/55 8869/8427/55 8859/8424/55
f 8848/8390/55 8809/8389/55 8846/8428/55 8869/8427/55
f 8830/8443/55 8870/8423/55 8860/8426/55 8814/8444/55
f 8805/8445/55 8836/8410/55 8870/8423/55 8830/8443/55
f 8836/8410/55 8820/8409/55 8859/8424/55 8870/8423/55
f 8842/8446/55 8871/8419/55 8829/8422/55 8803/8447/55
f 8814/8444/55 8860/8426/55 8871/8419/55 8842/8446/55
f 8860/8426/55 8824/8425/55 8858/8420/55 8871/8419/55
f 8855/8412/63 8872/8415/63 8857/8418/63 8823/8413/63
f 8815/8448/64 8831/8449/64 8872/8415/64 8855/8412/64
f 8831/8449/55 8806/8450/55 8847/8416/55 8872/8415/55
f 8826/8451/55 8873/8411/55 8856/8414/55 8810/8452/55
f 8801/8453/65 8843/8454/65 8873/8411/65 8826/8451/65
f 8843/8454/66 8815/8448/66 8855/8412/66 8873/8411/66
f 8838/8455/55 8874/8407/55 8836/8410/55 8805/8445/55
f 8810/8452/55 8856/8414/55 8874/8407/55 8838/8455/55
f 8856/8414/55 8823/8413/55 8854/8408/55 8874/8407/55
f 8851/8400/55 8875/8403/55 8853/8406/55 8822/8401/55
f 8811/8456/55 8827/8457/55 8875/8403/55 8851/8400/55
f 8827/8457/55 8802/8458/55 8844/8404/55 8875/8403/55
f 8847/8416/55 8876/8399/55 8852/8402/55 8819/8417/55
f 8806/8450/55 8839/8459/55 8876/8399/55 8847/8416/55
f 8839/8459/55 8811/8456/55 8851/8400/55 8876/8399/55
f 8835/8388/55 8877/8395/55 8837/8398/55 8809/8389/55
f 8819/8417/55 8852/8402/55 8877/8395/55 8835/8388/55
f 8852/8402/55 8822/8401/55 8850/8396/55 8877/8395/55
f 8850/8396/55 8878/8391/55 8849/8394/55 8821/8397/55
f 8822/8401/55 8853/8406/55 8878/8391/55 8850/8396/55
f 8853/8406/55 8816/8405/55 8832/8392/55 8878/8391/55
f 8854/8408/55 8879/8387/55 8848/8390/55 8820/8409/55
f 8823/8413/55 8857/8418/55 8879/8387/55 8854/8408/55
f 8857/8418/55 8819/8417/55 8835/8388/55 8879/8387/55
f 8858/8420/55 8880/8383/55 8841/8386/55 8813/8421/55
f 8824/8425/55 8861/8430/55 8880/8383/55 8858/8420/55
f 8861/8430/55 8818/8429/55 8834/8384/55 8880/8383/55
f 8862/8432/67 8881/8379/67 8845/8382/67 8817/8433/67
f 8825/8437/55 8865/8442/55 8881/8379/55 8862/8432/55
f 8865/8442/55 8812/8441/55 8828/8380/55 8881/8379/55
o Plane.003
v -0.175874 0.431198 0.011414
v 0.175353 0.423801 0.020367
v -0.175874 0.431198 -0.014248
v 0.175353 0.423801 -0.008358
v -0.175874 0.431198 -0.001417
v 0.000000 0.457106 0.014362
v 0.175353 0.423801 0.006005
v 0.000000 0.457106 -0.014362
v 0.000000 0.457106 0.000000
v -0.175874 0.431198 0.004999
v 0.122043 0.457106 0.014362
v 0.175353 0.423801 -0.001177
v -0.122043 0.457106 -0.014362
v -0.175874 0.431198 -0.007832
v -0.122043 0.457106 0.014362
v 0.175353 0.423801 0.013186
v 0.122043 0.457106 -0.014362
v 0.000000 0.457106 -0.007181
v 0.000000 0.457106 0.007181
v -0.122043 0.457106 0.000000
v 0.122043 0.457106 0.000000
v 0.122043 0.457106 0.007181
v -0.122043 0.457106 0.007181
v -0.122043 0.457106 -0.007181
v 0.122043 0.457106 -0.007181
v 0.174998 0.444382 0.014266
v 0.174998 0.444382 -0.014459
v 0.174998 0.444382 -0.000097
v 0.174998 0.444382 0.007084
v 0.174998 0.444382 -0.007278
v 0.152120 0.457106 -0.014362
v 0.152120 0.457106 0.000000
v 0.152120 0.457106 0.007181
v 0.152120 0.457106 -0.007181
v 0.152120 0.457106 0.014362
v 0.167158 0.457106 0.014362
v 0.167158 0.457106 -0.014362
v 0.167158 0.457106 0.000000
v 0.167158 0.457106 0.007181
v 0.167158 0.457106 -0.007181
v 0.175450 0.456907 0.014160
v 0.175450 0.456907 -0.014565
v 0.175450 0.456907 -0.000203
v 0.175450 0.456907 0.006979
v 0.175450 0.456907 -0.007384
v -0.178425 0.444446 -0.016306
v -0.178425 0.444446 -0.001943
v -0.178425 0.444446 0.012419
v -0.178425 0.444446 0.005238
v -0.178425 0.444446 -0.009124
v -0.151985 0.457106 0.014362
v -0.151985 0.457106 -0.014362
v -0.151985 0.457106 0.000000
v -0.151985 0.457106 0.007181
v -0.151985 0.457106 -0.007181
v -0.166955 0.457106 -0.014362
v -0.166955 0.457106 0.000000
v -0.166955 0.457106 0.007181
v -0.166955 0.457106 -0.007181
v -0.166955 0.457106 0.014362
v -0.177434 0.457394 -0.015381
v -0.177434 0.457394 -0.001019
v -0.177434 0.457394 0.006163
v -0.177434 0.457394 -0.008200
v -0.177434 0.457394 0.013344
vn 0.9999 0.0172 -0.0000
vn -0.0000 1.0000 -0.0000
vn 0.9993 -0.0361 -0.0000
vn 0.0240 0.9997 -0.0000
vn -0.9820 -0.1891 -0.0000
vn 0.0275 0.9996 -0.0000
vn -0.9971 0.0763 -0.0000
vt 0.873222 0.750000
vt 1.000000 0.750000
vt 1.000000 1.000000
vt 0.873222 1.000000
vt 0.250000 0.750000
vt 0.500000 0.750000
vt 0.500000 1.000000
vt 0.250000 1.000000
vt 0.250000 0.250000
vt 0.500000 0.250000
vt 0.500000 0.500000
vt 0.250000 0.500000
vt 0.873222 0.250000
vt 1.000000 0.250000
vt 1.000000 0.500000
vt 0.873222 0.500000
vt 0.750000 0.250000
vt 0.750000 0.500000
vt 0.500000 0.000000
vt 0.750000 0.000000
vt 0.873222 0.000000
vt 1.000000 0.000000
vt 0.188666 0.250000
vt 0.188666 0.500000
vt 0.188666 0.000000
vt 0.250000 0.000000
vt 0.188666 0.750000
vt 0.188666 1.000000
vt 0.750000 0.750000
vt 0.750000 1.000000
vt 0.857819 0.500000
vt 0.857819 0.750000
vt 0.857819 0.000000
vt 0.857819 0.250000
vt 0.857819 1.000000
vt 0.811611 0.750000
vt 0.811611 1.000000
vt 0.811611 0.250000
vt 0.811611 0.500000
vt 0.811611 0.000000
vt 0.842417 0.750000
vt 0.842417 1.000000
vt 0.842417 0.250000
vt 0.842417 0.500000
vt 0.842417 0.000000
vt 0.000000 0.500000
vt 0.127331 0.500000
vt 0.127331 0.750000
vt 0.000000 0.750000
vt 0.127331 1.000000
vt 0.000000 1.000000
vt 0.000000 0.000000
vt 0.127331 0.000000
vt 0.127331 0.250000
vt 0.000000 0.250000
vt 0.157999 0.500000
vt 0.157999 0.750000
vt 0.157999 1.000000
vt 0.157999 0.000000
vt 0.157999 0.250000
vt 0.143506 0.250000
vt 0.143506 0.500000
vt 0.143506 0.000000
vt 0.143506 0.750000
vt 0.143506 1.000000
s 0
usemtl Material.018
f 8911/8460/68 8893/8461/68 8885/8462/68 8908/8463/68
f 8905/8464/69 8899/8465/69 8889/8466/69 8894/8467/69
f 8904/8468/69 8900/8469/69 8890/8470/69 8901/8471/69
f 8910/8472/68 8897/8473/68 8888/8474/68 8909/8475/68
f 8900/8469/69 8903/8476/69 8902/8477/69 8890/8470/69
f 8887/8478/69 8892/8479/69 8903/8476/69 8900/8469/69
f 8907/8480/68 8883/8481/68 8897/8473/68 8910/8472/68
f 8935/8482/69 8904/8468/69 8901/8471/69 8934/8483/69
f 8932/8484/69 8896/8485/69 8904/8468/69 8935/8482/69
f 8896/8485/69 8887/8478/69 8900/8469/69 8904/8468/69
f 8936/8486/69 8905/8464/69 8894/8467/69 8933/8487/69
f 8934/8483/69 8901/8471/69 8905/8464/69 8936/8486/69
f 8901/8471/69 8890/8470/69 8899/8465/69 8905/8464/69
f 8899/8465/69 8906/8488/69 8898/8489/69 8889/8466/69
f 8890/8470/69 8902/8477/69 8906/8488/69 8899/8465/69
f 8909/8475/68 8888/8474/68 8893/8461/68 8911/8460/68
f 8924/8490/70 8909/8475/70 8911/8460/70 8926/8491/70
f 8922/8492/70 8907/8480/70 8910/8472/70 8925/8493/70
f 8925/8493/70 8910/8472/70 8909/8475/70 8924/8490/70
f 8926/8491/70 8911/8460/70 8908/8463/70 8923/8494/70
f 8906/8488/69 8915/8495/69 8912/8496/69 8898/8489/69
f 8903/8476/69 8914/8497/69 8913/8498/69 8902/8477/69
f 8892/8479/69 8916/8499/69 8914/8497/69 8903/8476/69
f 8902/8477/69 8913/8498/69 8915/8495/69 8906/8488/69
f 8915/8495/69 8921/8500/69 8918/8501/69 8912/8496/69
f 8914/8497/69 8920/8502/69 8919/8503/69 8913/8498/69
f 8916/8499/69 8917/8504/69 8920/8502/69 8914/8497/69
f 8913/8498/69 8919/8503/69 8921/8500/69 8915/8495/69
f 8921/8500/71 8926/8491/71 8923/8494/71 8918/8501/71
f 8920/8502/71 8925/8493/71 8924/8490/71 8919/8503/71
f 8917/8504/71 8922/8492/71 8925/8493/71 8920/8502/71
f 8919/8503/71 8924/8490/71 8926/8491/71 8921/8500/71
f 8886/8505/72 8928/8506/72 8931/8507/72 8895/8508/72
f 8895/8508/72 8931/8507/72 8927/8509/72 8884/8510/72
f 8882/8511/72 8929/8512/72 8930/8513/72 8891/8514/72
f 8891/8514/72 8930/8513/72 8928/8506/72 8886/8505/72
f 8938/8515/69 8934/8483/69 8936/8486/69 8940/8516/69
f 8940/8516/69 8936/8486/69 8933/8487/69 8937/8517/69
f 8941/8518/69 8932/8484/69 8935/8482/69 8939/8519/69
f 8939/8519/69 8935/8482/69 8934/8483/69 8938/8515/69
f 8944/8520/73 8939/8519/73 8938/8515/73 8943/8521/73
f 8946/8522/73 8941/8518/73 8939/8519/73 8944/8520/73
f 8945/8523/73 8940/8516/73 8937/8517/73 8942/8524/73
f 8943/8521/73 8938/8515/73 8940/8516/73 8945/8523/73
f 8928/8506/74 8943/8521/74 8945/8523/74 8931/8507/74
f 8931/8507/74 8945/8523/74 8942/8524/74 8927/8509/74
f 8929/8512/74 8946/8522/74 8944/8520/74 8930/8513/74
f 8930/8513/74 8944/8520/74 8943/8521/74 8928/8506/74
